-- MySQL dump 10.13  Distrib 8.0.45, for Linux (x86_64)
--
-- Host: localhost    Database: church_qrcode
-- ------------------------------------------------------
-- Server version	8.0.45-0ubuntu0.24.04.1

/*!40101 SET @OLD_CHARACTER_SET_CLIENT=@@CHARACTER_SET_CLIENT */;
/*!40101 SET @OLD_CHARACTER_SET_RESULTS=@@CHARACTER_SET_RESULTS */;
/*!40101 SET @OLD_COLLATION_CONNECTION=@@COLLATION_CONNECTION */;
/*!50503 SET NAMES utf8mb4 */;
/*!40103 SET @OLD_TIME_ZONE=@@TIME_ZONE */;
/*!40103 SET TIME_ZONE='+00:00' */;
/*!40014 SET @OLD_UNIQUE_CHECKS=@@UNIQUE_CHECKS, UNIQUE_CHECKS=0 */;
/*!40014 SET @OLD_FOREIGN_KEY_CHECKS=@@FOREIGN_KEY_CHECKS, FOREIGN_KEY_CHECKS=0 */;
/*!40101 SET @OLD_SQL_MODE=@@SQL_MODE, SQL_MODE='NO_AUTO_VALUE_ON_ZERO' */;
/*!40111 SET @OLD_SQL_NOTES=@@SQL_NOTES, SQL_NOTES=0 */;

--
-- Table structure for table `agents`
--

DROP TABLE IF EXISTS `agents`;
/*!40101 SET @saved_cs_client     = @@character_set_client */;
/*!50503 SET character_set_client = utf8mb4 */;
CREATE TABLE `agents` (
  `id` bigint unsigned NOT NULL AUTO_INCREMENT,
  `name` varchar(255) COLLATE utf8mb4_unicode_ci NOT NULL,
  `email` varchar(255) COLLATE utf8mb4_unicode_ci NOT NULL,
  `phone` varchar(255) COLLATE utf8mb4_unicode_ci NOT NULL,
  `referral_token` varchar(255) COLLATE utf8mb4_unicode_ci NOT NULL,
  `is_active` tinyint(1) NOT NULL DEFAULT '1',
  `notes` text COLLATE utf8mb4_unicode_ci,
  `created_by` int DEFAULT NULL,
  `created_at` timestamp NULL DEFAULT NULL,
  `updated_at` timestamp NULL DEFAULT NULL,
  PRIMARY KEY (`id`),
  UNIQUE KEY `agents_email_unique` (`email`),
  UNIQUE KEY `agents_phone_unique` (`phone`),
  UNIQUE KEY `agents_referral_token_unique` (`referral_token`)
) ENGINE=InnoDB AUTO_INCREMENT=5 DEFAULT CHARSET=utf8mb4 COLLATE=utf8mb4_unicode_ci;
/*!40101 SET character_set_client = @saved_cs_client */;

--
-- Dumping data for table `agents`
--

LOCK TABLES `agents` WRITE;
/*!40000 ALTER TABLE `agents` DISABLE KEYS */;
INSERT INTO `agents` VALUES (4,'test','amohelangt@gmail.com','69030870','AG-PFLR8L',1,NULL,5,'2026-02-01 07:32:59','2026-02-01 07:32:59');
/*!40000 ALTER TABLE `agents` ENABLE KEYS */;
UNLOCK TABLES;

--
-- Table structure for table `cache`
--

DROP TABLE IF EXISTS `cache`;
/*!40101 SET @saved_cs_client     = @@character_set_client */;
/*!50503 SET character_set_client = utf8mb4 */;
CREATE TABLE `cache` (
  `key` varchar(255) COLLATE utf8mb4_unicode_ci NOT NULL,
  `value` mediumtext COLLATE utf8mb4_unicode_ci NOT NULL,
  `expiration` int NOT NULL,
  PRIMARY KEY (`key`)
) ENGINE=InnoDB DEFAULT CHARSET=utf8mb4 COLLATE=utf8mb4_unicode_ci;
/*!40101 SET character_set_client = @saved_cs_client */;

--
-- Dumping data for table `cache`
--

LOCK TABLES `cache` WRITE;
/*!40000 ALTER TABLE `cache` DISABLE KEYS */;
INSERT INTO `cache` VALUES ('ventiq-cache-0ade7c2cf97f75d009975f4d720d1fa6c19f4897','i:1;',1768819176),('ventiq-cache-0ade7c2cf97f75d009975f4d720d1fa6c19f4897:timer','i:1768819176;',1768819176),('ventiq-cache-17ba0791499db908433b80f37c5fbc89b870084b','i:1;',1769524964),('ventiq-cache-17ba0791499db908433b80f37c5fbc89b870084b:timer','i:1769524964;',1769524964),('ventiq-cache-ac3478d69a3c81fa62e60f5c3696165a4e5e6ac4','i:1;',1769638141),('ventiq-cache-ac3478d69a3c81fa62e60f5c3696165a4e5e6ac4:timer','i:1769638141;',1769638141),('ventiq-cache-b1d5781111d84f7b3fe45a0852e59758cd7a87e5','i:1;',1768985215),('ventiq-cache-b1d5781111d84f7b3fe45a0852e59758cd7a87e5:timer','i:1768985215;',1768985215),('ventiq-cache-c1dfd96eea8cc2b62785275bca38ac261256e278','i:1;',1769638329),('ventiq-cache-c1dfd96eea8cc2b62785275bca38ac261256e278:timer','i:1769638329;',1769638329),('ventiq-cache-livewire-rate-limiter:027bbabbac5263330b814a31cc1d64249188f9a8','i:1;',1769292926),('ventiq-cache-livewire-rate-limiter:027bbabbac5263330b814a31cc1d64249188f9a8:timer','i:1769292926;',1769292926),('ventiq-cache-livewire-rate-limiter:02a34ebd90ff4d2bc2fb65a940810f865ed0659d','i:1;',1771080219),('ventiq-cache-livewire-rate-limiter:02a34ebd90ff4d2bc2fb65a940810f865ed0659d:timer','i:1771080219;',1771080219),('ventiq-cache-livewire-rate-limiter:064d12da78044191d115b75cd4b43f99e94658e8','i:1;',1769524348),('ventiq-cache-livewire-rate-limiter:064d12da78044191d115b75cd4b43f99e94658e8:timer','i:1769524348;',1769524348),('ventiq-cache-livewire-rate-limiter:0e883917efcf80c081acd1be9efd85fee97490f3','i:4;',1769494307),('ventiq-cache-livewire-rate-limiter:0e883917efcf80c081acd1be9efd85fee97490f3:timer','i:1769494307;',1769494307),('ventiq-cache-livewire-rate-limiter:160fa0a10ad1576a83ad509e8c93d8ea81be40c9','i:1;',1769698846),('ventiq-cache-livewire-rate-limiter:160fa0a10ad1576a83ad509e8c93d8ea81be40c9:timer','i:1769698846;',1769698846),('ventiq-cache-livewire-rate-limiter:22afa3f5d1694cd723ea9be3d685d53ee9602bf1','i:1;',1769931178),('ventiq-cache-livewire-rate-limiter:22afa3f5d1694cd723ea9be3d685d53ee9602bf1:timer','i:1769931178;',1769931178),('ventiq-cache-livewire-rate-limiter:442e30f5362f6deed99e64d434fe45cc6ff169b8','i:1;',1769836777),('ventiq-cache-livewire-rate-limiter:442e30f5362f6deed99e64d434fe45cc6ff169b8:timer','i:1769836777;',1769836777),('ventiq-cache-livewire-rate-limiter:4795e5494b1e6bc952dde09c2227ed3774b85a31','i:1;',1769602726),('ventiq-cache-livewire-rate-limiter:4795e5494b1e6bc952dde09c2227ed3774b85a31:timer','i:1769602726;',1769602726),('ventiq-cache-livewire-rate-limiter:6de80552c6a8d0f00a88250646f36089d8b7fe44','i:1;',1769019385),('ventiq-cache-livewire-rate-limiter:6de80552c6a8d0f00a88250646f36089d8b7fe44:timer','i:1769019385;',1769019385),('ventiq-cache-livewire-rate-limiter:7c0ec30307cd5a03fc08f77075134b6cfde3890d','i:1;',1770799782),('ventiq-cache-livewire-rate-limiter:7c0ec30307cd5a03fc08f77075134b6cfde3890d:timer','i:1770799782;',1770799782),('ventiq-cache-livewire-rate-limiter:8452de602eb23527d40cb7d27ff7ac714c52ddb0','i:1;',1769337727),('ventiq-cache-livewire-rate-limiter:8452de602eb23527d40cb7d27ff7ac714c52ddb0:timer','i:1769337727;',1769337727),('ventiq-cache-livewire-rate-limiter:9f945699a3c3ffc56a384be15b940274717bc3e2','i:1;',1770300278),('ventiq-cache-livewire-rate-limiter:9f945699a3c3ffc56a384be15b940274717bc3e2:timer','i:1770300278;',1770300278),('ventiq-cache-livewire-rate-limiter:aaeaf2c8e9e8f6dde1579dbdc710d2155967e3e8','i:1;',1769157279),('ventiq-cache-livewire-rate-limiter:aaeaf2c8e9e8f6dde1579dbdc710d2155967e3e8:timer','i:1769157279;',1769157279),('ventiq-cache-livewire-rate-limiter:cf2160a0422355e2dcd88d22bf74e93b46087f36','i:1;',1770377222),('ventiq-cache-livewire-rate-limiter:cf2160a0422355e2dcd88d22bf74e93b46087f36:timer','i:1770377221;',1770377221),('ventiq-cache-livewire-rate-limiter:d8092c093bffd7b662ebf8887172d850ea22b47f','i:1;',1769541996),('ventiq-cache-livewire-rate-limiter:d8092c093bffd7b662ebf8887172d850ea22b47f:timer','i:1769541996;',1769541996),('ventiq-cache-livewire-rate-limiter:dee2f85cba6f6dceecffd48dfe0a390b17b20e8d','i:1;',1771243986),('ventiq-cache-livewire-rate-limiter:dee2f85cba6f6dceecffd48dfe0a390b17b20e8d:timer','i:1771243986;',1771243986),('ventiq-cache-livewire-rate-limiter:e05636acb3d0ded57bffca43c99e9ebeb63bf048','i:1;',1769518795),('ventiq-cache-livewire-rate-limiter:e05636acb3d0ded57bffca43c99e9ebeb63bf048:timer','i:1769518795;',1769518795),('ventiq-cache-livewire-rate-limiter:e4ae80865176e72231345a71cb73b333dfc4579f','i:1;',1769017805),('ventiq-cache-livewire-rate-limiter:e4ae80865176e72231345a71cb73b333dfc4579f:timer','i:1769017805;',1769017805),('ventiq-cache-livewire-rate-limiter:ea679f8fa5c7667b7e881f43ea1c568fc13fdfa5','i:1;',1769339061),('ventiq-cache-livewire-rate-limiter:ea679f8fa5c7667b7e881f43ea1c568fc13fdfa5:timer','i:1769339061;',1769339061),('ventiq-cache-livewire-rate-limiter:ed4d1533ce0037f14a5a0b1bc1c8b86d2546318e','i:1;',1770389412),('ventiq-cache-livewire-rate-limiter:ed4d1533ce0037f14a5a0b1bc1c8b86d2546318e:timer','i:1770389412;',1770389412),('ventiq-cache-livewire-rate-limiter:f2017376a867422fad650350808fbeb22f5d657f','i:1;',1768819516),('ventiq-cache-livewire-rate-limiter:f2017376a867422fad650350808fbeb22f5d657f:timer','i:1768819516;',1768819516),('ventiq-cache-livewire-rate-limiter:f294ad2a3bbe2b7ebc580b0649bec211673a0c37','i:1;',1770799972),('ventiq-cache-livewire-rate-limiter:f294ad2a3bbe2b7ebc580b0649bec211673a0c37:timer','i:1770799972;',1770799972),('ventiq-cache-spatie.permission.cache','a:3:{s:5:\"alias\";a:4:{s:1:\"a\";s:2:\"id\";s:1:\"b\";s:4:\"name\";s:1:\"c\";s:10:\"guard_name\";s:1:\"r\";s:5:\"roles\";}s:11:\"permissions\";a:42:{i:0;a:4:{s:1:\"a\";i:1;s:1:\"b\";s:19:\"create_organization\";s:1:\"c\";s:3:\"web\";s:1:\"r\";a:1:{i:0;i:1;}}i:1;a:4:{s:1:\"a\";i:2;s:1:\"b\";s:17:\"edit_organization\";s:1:\"c\";s:3:\"web\";s:1:\"r\";a:2:{i:0;i:1;i:1;i:2;}}i:2;a:4:{s:1:\"a\";i:3;s:1:\"b\";s:17:\"view_organization\";s:1:\"c\";s:3:\"web\";s:1:\"r\";a:2:{i:0;i:1;i:1;i:2;}}i:3;a:4:{s:1:\"a\";i:4;s:1:\"b\";s:19:\"delete_organization\";s:1:\"c\";s:3:\"web\";s:1:\"r\";a:1:{i:0;i:1;}}i:4;a:4:{s:1:\"a\";i:5;s:1:\"b\";s:12:\"create_event\";s:1:\"c\";s:3:\"web\";s:1:\"r\";a:2:{i:0;i:1;i:1;i:2;}}i:5;a:4:{s:1:\"a\";i:6;s:1:\"b\";s:10:\"edit_event\";s:1:\"c\";s:3:\"web\";s:1:\"r\";a:2:{i:0;i:1;i:1;i:2;}}i:6;a:4:{s:1:\"a\";i:7;s:1:\"b\";s:10:\"view_event\";s:1:\"c\";s:3:\"web\";s:1:\"r\";a:3:{i:0;i:1;i:1;i:2;i:2;i:5;}}i:7;a:4:{s:1:\"a\";i:8;s:1:\"b\";s:12:\"delete_event\";s:1:\"c\";s:3:\"web\";s:1:\"r\";a:2:{i:0;i:1;i:1;i:2;}}i:8;a:4:{s:1:\"a\";i:9;s:1:\"b\";s:13:\"publish_event\";s:1:\"c\";s:3:\"web\";s:1:\"r\";a:2:{i:0;i:1;i:1;i:2;}}i:9;a:4:{s:1:\"a\";i:10;s:1:\"b\";s:17:\"create_event_tier\";s:1:\"c\";s:3:\"web\";s:1:\"r\";a:2:{i:0;i:1;i:1;i:2;}}i:10;a:4:{s:1:\"a\";i:11;s:1:\"b\";s:15:\"edit_event_tier\";s:1:\"c\";s:3:\"web\";s:1:\"r\";a:2:{i:0;i:1;i:1;i:2;}}i:11;a:4:{s:1:\"a\";i:12;s:1:\"b\";s:15:\"view_event_tier\";s:1:\"c\";s:3:\"web\";s:1:\"r\";a:2:{i:0;i:1;i:1;i:2;}}i:12;a:4:{s:1:\"a\";i:13;s:1:\"b\";s:17:\"delete_event_tier\";s:1:\"c\";s:3:\"web\";s:1:\"r\";a:2:{i:0;i:1;i:1;i:2;}}i:13;a:4:{s:1:\"a\";i:14;s:1:\"b\";s:13:\"create_client\";s:1:\"c\";s:3:\"web\";s:1:\"r\";a:3:{i:0;i:1;i:1;i:2;i:2;i:3;}}i:14;a:4:{s:1:\"a\";i:15;s:1:\"b\";s:11:\"edit_client\";s:1:\"c\";s:3:\"web\";s:1:\"r\";a:3:{i:0;i:1;i:1;i:2;i:2;i:3;}}i:15;a:4:{s:1:\"a\";i:16;s:1:\"b\";s:11:\"view_client\";s:1:\"c\";s:3:\"web\";s:1:\"r\";a:4:{i:0;i:1;i:1;i:2;i:2;i:3;i:3;i:5;}}i:16;a:4:{s:1:\"a\";i:17;s:1:\"b\";s:13:\"delete_client\";s:1:\"c\";s:3:\"web\";s:1:\"r\";a:2:{i:0;i:1;i:1;i:2;}}i:17;a:4:{s:1:\"a\";i:18;s:1:\"b\";s:19:\"bulk_upload_clients\";s:1:\"c\";s:3:\"web\";s:1:\"r\";a:2:{i:0;i:1;i:1;i:2;}}i:18;a:4:{s:1:\"a\";i:19;s:1:\"b\";s:13:\"create_ticket\";s:1:\"c\";s:3:\"web\";s:1:\"r\";a:3:{i:0;i:1;i:1;i:2;i:2;i:3;}}i:19;a:4:{s:1:\"a\";i:20;s:1:\"b\";s:11:\"edit_ticket\";s:1:\"c\";s:3:\"web\";s:1:\"r\";a:2:{i:0;i:1;i:1;i:2;}}i:20;a:4:{s:1:\"a\";i:21;s:1:\"b\";s:11:\"view_ticket\";s:1:\"c\";s:3:\"web\";s:1:\"r\";a:4:{i:0;i:1;i:1;i:2;i:2;i:3;i:3;i:5;}}i:21;a:4:{s:1:\"a\";i:22;s:1:\"b\";s:13:\"refund_ticket\";s:1:\"c\";s:3:\"web\";s:1:\"r\";a:2:{i:0;i:1;i:1;i:2;}}i:22;a:4:{s:1:\"a\";i:23;s:1:\"b\";s:13:\"resend_ticket\";s:1:\"c\";s:3:\"web\";s:1:\"r\";a:3:{i:0;i:1;i:1;i:2;i:2;i:3;}}i:23;a:4:{s:1:\"a\";i:24;s:1:\"b\";s:15:\"approve_payment\";s:1:\"c\";s:3:\"web\";s:1:\"r\";a:3:{i:0;i:1;i:1;i:2;i:2;i:3;}}i:24;a:4:{s:1:\"a\";i:25;s:1:\"b\";s:14:\"reject_payment\";s:1:\"c\";s:3:\"web\";s:1:\"r\";a:2:{i:0;i:1;i:1;i:2;}}i:25;a:4:{s:1:\"a\";i:26;s:1:\"b\";s:13:\"view_payments\";s:1:\"c\";s:3:\"web\";s:1:\"r\";a:3:{i:0;i:1;i:1;i:2;i:2;i:3;}}i:26;a:4:{s:1:\"a\";i:27;s:1:\"b\";s:7:\"scan_qr\";s:1:\"c\";s:3:\"web\";s:1:\"r\";a:3:{i:0;i:1;i:1;i:2;i:2;i:4;}}i:27;a:4:{s:1:\"a\";i:28;s:1:\"b\";s:13:\"view_checkins\";s:1:\"c\";s:3:\"web\";s:1:\"r\";a:5:{i:0;i:1;i:1;i:2;i:2;i:3;i:3;i:4;i:4;i:5;}}i:28;a:4:{s:1:\"a\";i:29;s:1:\"b\";s:14:\"create_partner\";s:1:\"c\";s:3:\"web\";s:1:\"r\";a:2:{i:0;i:1;i:1;i:2;}}i:29;a:4:{s:1:\"a\";i:30;s:1:\"b\";s:12:\"edit_partner\";s:1:\"c\";s:3:\"web\";s:1:\"r\";a:2:{i:0;i:1;i:1;i:2;}}i:30;a:4:{s:1:\"a\";i:31;s:1:\"b\";s:12:\"view_partner\";s:1:\"c\";s:3:\"web\";s:1:\"r\";a:2:{i:0;i:1;i:1;i:2;}}i:31;a:4:{s:1:\"a\";i:32;s:1:\"b\";s:14:\"delete_partner\";s:1:\"c\";s:3:\"web\";s:1:\"r\";a:2:{i:0;i:1;i:1;i:2;}}i:32;a:4:{s:1:\"a\";i:33;s:1:\"b\";s:14:\"email_partners\";s:1:\"c\";s:3:\"web\";s:1:\"r\";a:2:{i:0;i:1;i:1;i:2;}}i:33;a:4:{s:1:\"a\";i:34;s:1:\"b\";s:12:\"view_reports\";s:1:\"c\";s:3:\"web\";s:1:\"r\";a:4:{i:0;i:1;i:1;i:2;i:2;i:3;i:3;i:5;}}i:34;a:4:{s:1:\"a\";i:35;s:1:\"b\";s:14:\"export_reports\";s:1:\"c\";s:3:\"web\";s:1:\"r\";a:2:{i:0;i:1;i:1;i:2;}}i:35;a:4:{s:1:\"a\";i:36;s:1:\"b\";s:14:\"view_dashboard\";s:1:\"c\";s:3:\"web\";s:1:\"r\";a:4:{i:0;i:1;i:1;i:2;i:2;i:3;i:3;i:5;}}i:36;a:4:{s:1:\"a\";i:37;s:1:\"b\";s:12:\"manage_staff\";s:1:\"c\";s:3:\"web\";s:1:\"r\";a:2:{i:0;i:1;i:1;i:2;}}i:37;a:4:{s:1:\"a\";i:38;s:1:\"b\";s:12:\"manage_roles\";s:1:\"c\";s:3:\"web\";s:1:\"r\";a:1:{i:0;i:1;}}i:38;a:4:{s:1:\"a\";i:39;s:1:\"b\";s:19:\"view_payment_method\";s:1:\"c\";s:3:\"web\";s:1:\"r\";a:3:{i:0;i:1;i:1;i:2;i:2;i:3;}}i:39;a:4:{s:1:\"a\";i:40;s:1:\"b\";s:21:\"create_payment_method\";s:1:\"c\";s:3:\"web\";s:1:\"r\";a:2:{i:0;i:1;i:1;i:2;}}i:40;a:4:{s:1:\"a\";i:41;s:1:\"b\";s:19:\"edit_payment_method\";s:1:\"c\";s:3:\"web\";s:1:\"r\";a:2:{i:0;i:1;i:1;i:2;}}i:41;a:4:{s:1:\"a\";i:42;s:1:\"b\";s:21:\"delete_payment_method\";s:1:\"c\";s:3:\"web\";s:1:\"r\";a:2:{i:0;i:1;i:1;i:2;}}}s:5:\"roles\";a:5:{i:0;a:3:{s:1:\"a\";i:1;s:1:\"b\";s:11:\"super_admin\";s:1:\"c\";s:3:\"web\";}i:1;a:3:{s:1:\"a\";i:2;s:1:\"b\";s:9:\"org_admin\";s:1:\"c\";s:3:\"web\";}i:2;a:3:{s:1:\"a\";i:5;s:1:\"b\";s:6:\"viewer\";s:1:\"c\";s:3:\"web\";}i:3;a:3:{s:1:\"a\";i:3;s:1:\"b\";s:5:\"staff\";s:1:\"c\";s:3:\"web\";}i:4;a:3:{s:1:\"a\";i:4;s:1:\"b\";s:7:\"scanner\";s:1:\"c\";s:3:\"web\";}}}',1771330326);
/*!40000 ALTER TABLE `cache` ENABLE KEYS */;
UNLOCK TABLES;

--
-- Table structure for table `cache_locks`
--

DROP TABLE IF EXISTS `cache_locks`;
/*!40101 SET @saved_cs_client     = @@character_set_client */;
/*!50503 SET character_set_client = utf8mb4 */;
CREATE TABLE `cache_locks` (
  `key` varchar(255) COLLATE utf8mb4_unicode_ci NOT NULL,
  `owner` varchar(255) COLLATE utf8mb4_unicode_ci NOT NULL,
  `expiration` int NOT NULL,
  PRIMARY KEY (`key`)
) ENGINE=InnoDB DEFAULT CHARSET=utf8mb4 COLLATE=utf8mb4_unicode_ci;
/*!40101 SET character_set_client = @saved_cs_client */;

--
-- Dumping data for table `cache_locks`
--

LOCK TABLES `cache_locks` WRITE;
/*!40000 ALTER TABLE `cache_locks` DISABLE KEYS */;
/*!40000 ALTER TABLE `cache_locks` ENABLE KEYS */;
UNLOCK TABLES;

--
-- Table structure for table `check_ins`
--

DROP TABLE IF EXISTS `check_ins`;
/*!40101 SET @saved_cs_client     = @@character_set_client */;
/*!50503 SET character_set_client = utf8mb4 */;
CREATE TABLE `check_ins` (
  `id` bigint unsigned NOT NULL AUTO_INCREMENT,
  `partner_id` bigint unsigned NOT NULL,
  `checked_in_at` timestamp NOT NULL,
  `created_at` timestamp NULL DEFAULT NULL,
  `updated_at` timestamp NULL DEFAULT NULL,
  PRIMARY KEY (`id`),
  KEY `check_ins_partner_id_checked_in_at_index` (`partner_id`,`checked_in_at`),
  CONSTRAINT `check_ins_partner_id_foreign` FOREIGN KEY (`partner_id`) REFERENCES `partners` (`id`) ON DELETE CASCADE
) ENGINE=InnoDB AUTO_INCREMENT=3 DEFAULT CHARSET=utf8mb4 COLLATE=utf8mb4_unicode_ci;
/*!40101 SET character_set_client = @saved_cs_client */;

--
-- Dumping data for table `check_ins`
--

LOCK TABLES `check_ins` WRITE;
/*!40000 ALTER TABLE `check_ins` DISABLE KEYS */;
INSERT INTO `check_ins` VALUES (1,1466,'2025-11-14 06:26:03','2025-11-14 06:40:25','2025-11-14 06:40:25'),(2,1466,'2025-11-14 06:26:11','2025-11-14 06:40:25','2025-11-14 06:40:25');
/*!40000 ALTER TABLE `check_ins` ENABLE KEYS */;
UNLOCK TABLES;

--
-- Table structure for table `clients`
--

DROP TABLE IF EXISTS `clients`;
/*!40101 SET @saved_cs_client     = @@character_set_client */;
/*!50503 SET character_set_client = utf8mb4 */;
CREATE TABLE `clients` (
  `id` bigint unsigned NOT NULL AUTO_INCREMENT,
  `organization_id` bigint unsigned NOT NULL,
  `full_name` varchar(255) COLLATE utf8mb4_unicode_ci NOT NULL,
  `email` varchar(255) COLLATE utf8mb4_unicode_ci DEFAULT NULL,
  `phone` varchar(255) COLLATE utf8mb4_unicode_ci DEFAULT NULL,
  `created_by` bigint unsigned DEFAULT NULL,
  `notes` text COLLATE utf8mb4_unicode_ci,
  `status` enum('active','inactive','archived') COLLATE utf8mb4_unicode_ci NOT NULL DEFAULT 'active',
  `created_at` timestamp NULL DEFAULT NULL,
  `updated_at` timestamp NULL DEFAULT NULL,
  PRIMARY KEY (`id`),
  KEY `clients_created_by_foreign` (`created_by`),
  KEY `clients_organization_id_email_index` (`organization_id`,`email`),
  CONSTRAINT `clients_created_by_foreign` FOREIGN KEY (`created_by`) REFERENCES `users` (`id`) ON DELETE SET NULL,
  CONSTRAINT `clients_organization_id_foreign` FOREIGN KEY (`organization_id`) REFERENCES `organizations` (`id`) ON DELETE CASCADE
) ENGINE=InnoDB AUTO_INCREMENT=105 DEFAULT CHARSET=utf8mb4 COLLATE=utf8mb4_unicode_ci;
/*!40101 SET character_set_client = @saved_cs_client */;

--
-- Dumping data for table `clients`
--

LOCK TABLES `clients` WRITE;
/*!40000 ALTER TABLE `clients` DISABLE KEYS */;
INSERT INTO `clients` VALUES (1,1,'Nthabiseng Makepe','nthabisengmakepe7@gmail.com','+26656494756',NULL,'Self-registered via public event page','active','2026-01-09 07:13:52','2026-01-09 07:13:52'),(3,1,'Morongoe Sekopo',NULL,'+26658692146',NULL,NULL,'active','2026-01-12 07:03:53','2026-01-12 07:03:53'),(4,1,'Boitumelo Ponoane',NULL,'+26658774199 ',NULL,NULL,'active','2026-01-12 07:04:28','2026-01-12 07:04:28'),(5,1,'Fumane Rapeane',NULL,'+26651715800 ',NULL,NULL,'active','2026-01-12 07:04:48','2026-01-12 07:06:50'),(6,1,'Mosiuoa Masemene',NULL,NULL,NULL,NULL,'active','2026-01-12 07:05:11','2026-01-12 07:05:11'),(7,1,'Mantsebo Lerotholi',NULL,NULL,NULL,NULL,'active','2026-01-12 07:05:28','2026-01-12 07:05:28'),(8,1,'Mabafokeng Mosae',NULL,NULL,NULL,NULL,'active','2026-01-12 07:05:48','2026-01-12 07:05:48'),(9,1,'Limpho Mantutle',NULL,NULL,NULL,NULL,'active','2026-01-12 07:15:57','2026-01-12 07:15:57'),(10,1,'Lerato Loke',NULL,NULL,NULL,NULL,'active','2026-01-12 07:16:12','2026-01-12 07:16:12'),(11,1,'Mabatho Masemene',NULL,NULL,NULL,NULL,'active','2026-01-12 07:16:28','2026-01-12 07:16:28'),(12,3,'Celinah Matsie','matsiecelinah@gmail.com','+26659884414',NULL,'Self-registered via public event page','active','2026-01-12 11:12:15','2026-01-12 11:12:15'),(13,1,'Mabafokeng Khang',NULL,NULL,NULL,NULL,'active','2026-01-12 16:40:23','2026-01-12 16:40:23'),(14,1,'Puleng Sekopo',NULL,NULL,NULL,NULL,'active','2026-01-17 08:47:55','2026-01-17 08:47:55'),(15,1,'Ngoajane Tsikoane',NULL,NULL,NULL,NULL,'active','2026-01-17 08:48:25','2026-01-17 08:48:25'),(16,1,'Kate Molise',NULL,NULL,NULL,NULL,'active','2026-01-17 08:48:46','2026-01-17 08:48:46'),(17,4,'Toka Tjabaka','titjabaka@gmail.com','+26658834009',NULL,'Self-registered via public event page','active','2026-01-19 10:46:57','2026-01-19 10:46:57'),(18,2,'Keneuoe  Mphanya','kmphanya@gmail.com','+26626658922',NULL,'Self-registered via public event page','active','2026-01-19 12:12:24','2026-01-19 12:12:24'),(19,2,'Sethuntsa Khali','sethuntsak322@gmail.com','+26656258672',NULL,'Self-registered via public event page','active','2026-01-20 12:32:39','2026-01-20 12:32:39'),(20,4,'Dumi','makhabanetjabaka@gmail.com','+26658523205',NULL,'Self-registered via public event page','active','2026-01-20 16:36:08','2026-01-20 16:36:08'),(21,4,'Matseliso Mohlatsane','matselisomohlatsane976@gmail.com','+26653271018',NULL,'Self-registered via public event page','active','2026-01-20 18:47:17','2026-01-20 18:47:17'),(22,1,'Mabolao Tsibela',NULL,NULL,NULL,NULL,'active','2026-01-21 08:09:04','2026-01-21 08:09:04'),(23,4,'Thapelo Ntsiki','ntsiki@e-legal.solutions','+26656281601',NULL,'Self-registered via public event page','active','2026-01-21 13:09:24','2026-01-21 13:09:24'),(24,6,'Thapelo Ntsiki','thapelontsiki@gmail.com','+26656281601',NULL,'Self-registered via public event page','active','2026-01-21 14:27:46','2026-01-27 16:37:05'),(25,1,'Kekeletso Monyane',NULL,NULL,NULL,NULL,'active','2026-01-22 12:41:41','2026-01-22 12:41:41'),(26,1,'Majobo Monese',NULL,NULL,NULL,NULL,'active','2026-01-23 06:26:01','2026-01-23 06:26:01'),(27,5,'Maseeiso Liphoto','maseeisoliphoto@gmail.com','+26657023116',NULL,'Self-registered via public event page','active','2026-01-24 06:51:28','2026-01-24 06:51:28'),(28,2,'Katleho Raphoolo','limpho555@gmail.com','+26658888853',NULL,'Self-registered via public event page','active','2026-01-24 08:51:50','2026-01-24 08:51:50'),(29,6,'Lizzy Spears','makamohelo@e-legal.solutions','+26651880384',NULL,'Self-registered via public event page','active','2026-01-27 19:09:24','2026-01-27 19:09:24'),(30,4,'test system',NULL,'+26658112233',NULL,'Self-registered via public event page','active','2026-01-28 08:36:09','2026-01-28 08:36:09'),(31,2,'Ntsebo Mofoka',NULL,NULL,NULL,NULL,'active','2026-01-28 08:51:43','2026-01-28 08:51:43'),(32,2,'Bokang Mokoma',NULL,'50172026',NULL,NULL,'active','2026-01-28 08:52:22','2026-01-28 08:52:22'),(33,2,'Mamoritsoane Tlaba','mamoritsoanet@gmail.com','+26659166900',NULL,'Self-registered via public event page','active','2026-01-28 10:31:44','2026-01-28 10:31:44'),(34,2,'Tokelo Theko','thekotokelo12@gmail.com','+26659678623',NULL,'Self-registered via public event page','active','2026-01-28 10:38:17','2026-01-28 14:53:34'),(35,2,'Tatenda Nyanguru','kelellokn@gmail.com','+26668948191',NULL,'Self-registered via public event page','active','2026-01-28 14:33:05','2026-01-28 14:33:05'),(36,2,'Fefisa Mokete','fefisa.rwanqa@gmail.com','+26658856263',NULL,'Self-registered via public event page','active','2026-01-28 16:47:12','2026-01-28 16:47:12'),(37,2,'Dr.',NULL,'+26635719081',NULL,NULL,'active','2026-01-28 22:11:13','2026-01-28 22:11:13'),(38,2,'Dr.',NULL,'+26612500612',NULL,NULL,'active','2026-01-28 22:11:14','2026-01-28 22:11:14'),(39,2,'Keneuoe',NULL,'+26612546354',NULL,NULL,'active','2026-01-28 22:11:15','2026-01-28 22:11:15'),(40,2,'\'Malehlohonolo',NULL,'+26634475128',NULL,NULL,'active','2026-01-28 22:11:16','2026-01-28 22:11:16'),(41,2,'Malachi',NULL,'+26621034234',NULL,NULL,'active','2026-01-28 22:11:17','2026-01-28 22:11:17'),(42,2,'\'Mabotle',NULL,'+26617476004',NULL,NULL,'active','2026-01-28 22:11:18','2026-01-28 22:11:18'),(43,2,'Moelo',NULL,'+26626203285',NULL,NULL,'active','2026-01-28 22:11:19','2026-01-28 22:11:19'),(44,2,'Palesa',NULL,'+26640719732',NULL,NULL,'active','2026-01-28 22:11:19','2026-01-28 22:11:19'),(45,2,'Rapelang',NULL,'+26633062114',NULL,NULL,'active','2026-01-28 22:11:20','2026-01-28 22:11:20'),(46,2,'Lintle',NULL,'+26630167813',NULL,NULL,'active','2026-01-28 22:11:21','2026-01-28 22:11:21'),(47,2,'Lerato',NULL,'+26642269237',NULL,NULL,'active','2026-01-28 22:11:21','2026-01-28 22:11:21'),(48,2,'Ts\'oanelo',NULL,'+26642419661',NULL,NULL,'active','2026-01-28 22:11:22','2026-01-28 22:11:22'),(49,2,'Lebohang',NULL,'+26625815644',NULL,NULL,'active','2026-01-28 22:11:24','2026-01-28 22:11:24'),(50,2,'Joyce',NULL,'+26693156488',NULL,NULL,'active','2026-01-28 22:11:25','2026-01-28 22:11:25'),(51,2,'Bernice',NULL,'+26633889280',NULL,NULL,'active','2026-01-28 22:11:25','2026-01-28 22:11:25'),(52,2,'Thabo',NULL,'+26641165497',NULL,NULL,'active','2026-01-28 22:11:26','2026-01-28 22:11:26'),(53,2,'Boitumelo',NULL,'+26658044887',NULL,NULL,'active','2026-01-28 22:11:27','2026-01-28 22:11:27'),(54,2,'Letsela',NULL,'+26615633432',NULL,NULL,'active','2026-01-28 22:11:28','2026-01-28 22:11:28'),(55,2,'Fumane',NULL,'+26619019705',NULL,NULL,'active','2026-01-28 22:11:29','2026-01-28 22:11:29'),(56,2,'Mambatha',NULL,'+26617763840',NULL,NULL,'active','2026-01-28 22:11:30','2026-01-28 22:11:30'),(57,2,'Rethabile',NULL,'+26620019200',NULL,NULL,'active','2026-01-28 22:11:31','2026-01-28 22:11:31'),(58,2,'\'Mathabang',NULL,'+26619650056',NULL,NULL,'active','2026-01-28 22:11:32','2026-01-28 22:11:32'),(59,2,'Hape',NULL,'+26613638035',NULL,NULL,'active','2026-01-28 22:11:33','2026-01-28 22:11:33'),(60,2,'Kananelo',NULL,'+26690911680',NULL,NULL,'active','2026-01-28 22:11:34','2026-01-28 22:11:34'),(61,2,'Amelia',NULL,'+26628158830',NULL,NULL,'active','2026-01-28 22:11:35','2026-01-28 22:11:35'),(62,2,'Neo',NULL,'+26641292807',NULL,NULL,'active','2026-01-28 22:11:35','2026-01-28 22:11:35'),(63,2,'Monyane',NULL,'+26631809484',NULL,NULL,'active','2026-01-28 22:11:36','2026-01-28 22:11:36'),(64,2,'Mats\'eliso',NULL,'+26632698796',NULL,NULL,'active','2026-01-28 22:11:37','2026-01-28 22:11:37'),(65,2,'Lebohang',NULL,'+26623060114',NULL,NULL,'active','2026-01-28 22:11:38','2026-01-28 22:11:38'),(66,2,'Morena',NULL,'+26613709264',NULL,NULL,'active','2026-01-28 22:11:39','2026-01-28 22:11:39'),(67,2,'Selina',NULL,'+26618509746',NULL,NULL,'active','2026-01-28 22:11:40','2026-01-28 22:11:40'),(68,2,'Thembisa',NULL,'+26636855232',NULL,NULL,'active','2026-01-28 22:11:40','2026-01-28 22:11:40'),(69,2,'Mamorena',NULL,'+26629291419',NULL,NULL,'active','2026-01-28 22:11:41','2026-01-28 22:11:41'),(70,2,'Liteboho',NULL,'+26622005088',NULL,NULL,'active','2026-01-28 22:11:42','2026-01-28 22:11:42'),(71,2,'Lineo',NULL,'+26621165000',NULL,NULL,'active','2026-01-28 22:11:42','2026-01-28 22:11:42'),(72,2,'Tony','tonylebelo@gmail.com','+26658150320',NULL,'Self-registered via public event page','active','2026-01-29 09:06:48','2026-01-29 09:06:48'),(73,2,'Kananelo Maketela','kananelomaketela324@gmail.com','+26662553433',NULL,'Self-registered via public event page','active','2026-01-29 16:10:28','2026-01-29 16:10:28'),(74,2,'Rapelang Makhanya',NULL,'+26659672044',NULL,'Self-registered via public event page','active','2026-01-29 17:04:12','2026-01-29 17:04:12'),(75,2,'Thandiwe Mokoma ',NULL,NULL,NULL,NULL,'active','2026-01-29 21:09:31','2026-01-29 21:09:31'),(76,2,'Refuoehape Malefane ',NULL,NULL,NULL,NULL,'active','2026-01-30 06:17:34','2026-01-30 06:17:34'),(77,2,'Karabo Ramothello',NULL,NULL,NULL,NULL,'active','2026-01-30 06:22:25','2026-01-30 06:22:25'),(78,2,'Lineo Tsuene',NULL,NULL,NULL,NULL,'active','2026-01-30 06:23:59','2026-01-30 06:23:59'),(79,2,'Reitumetse Tsitsa',NULL,NULL,NULL,NULL,'active','2026-01-30 06:24:22','2026-01-30 06:24:22'),(80,2,'Reitumetse Tsitsa',NULL,'51221122',NULL,NULL,'active','2026-01-30 07:15:20','2026-01-30 07:15:20'),(81,2,'Amohelang Thoabala',NULL,'625512155',NULL,NULL,'active','2026-01-30 08:10:55','2026-01-30 08:10:55'),(82,1,'Makamohelo Malimabe',NULL,NULL,NULL,NULL,'active','2026-02-03 18:31:17','2026-02-03 18:31:17'),(83,1,'Bright Pita',NULL,NULL,NULL,NULL,'active','2026-02-03 18:31:46','2026-02-03 18:31:46'),(84,1,'Mama T',NULL,NULL,NULL,NULL,'active','2026-02-03 18:32:07','2026-02-03 18:32:07'),(85,1,'Coach June',NULL,NULL,NULL,NULL,'active','2026-02-03 18:32:28','2026-02-03 18:32:28'),(86,1,'‘Matsepo Mosito ',NULL,NULL,NULL,NULL,'active','2026-02-03 18:32:52','2026-02-03 18:32:52'),(87,1,'Jane Tsikoane',NULL,NULL,NULL,NULL,'active','2026-02-03 18:33:12','2026-02-03 18:33:12'),(88,1,'Kate Molise',NULL,NULL,NULL,NULL,'active','2026-02-03 18:33:32','2026-02-03 18:33:32'),(89,1,'Mpho Makepe ',NULL,NULL,NULL,NULL,'active','2026-02-03 18:34:01','2026-02-03 18:34:01'),(90,1,'Mapaseka Polile',NULL,NULL,NULL,NULL,'active','2026-02-03 18:34:25','2026-02-03 18:34:25'),(91,1,'Nthabeleng Thulo',NULL,NULL,NULL,NULL,'active','2026-02-03 18:34:48','2026-02-03 18:34:48'),(92,1,'Mamohato Motheane',NULL,NULL,NULL,NULL,'active','2026-02-03 18:41:31','2026-02-03 18:41:31'),(93,1,'Lieketseng Mpeete',NULL,NULL,NULL,NULL,'active','2026-02-03 18:41:52','2026-02-03 18:41:52'),(94,1,'Makatleho Qhola',NULL,NULL,NULL,NULL,'active','2026-02-04 13:20:41','2026-02-04 13:20:41'),(95,6,'Sefora Rangoanana','motena.sefora@gmail.com','+26662536031',NULL,'Self-registered via public event page','active','2026-02-05 08:15:00','2026-02-05 08:15:00'),(97,1,'Mahlape Lebelo',NULL,NULL,NULL,NULL,'active','2026-02-05 17:07:45','2026-02-05 17:07:45'),(98,1,'Thandi Potiane',NULL,NULL,NULL,NULL,'active','2026-02-05 17:08:03','2026-02-05 17:08:03'),(99,1,'Maggie LETSEKA',NULL,NULL,NULL,NULL,'active','2026-02-05 17:28:12','2026-02-05 17:28:12'),(100,1,'Mamoji Makhetha',NULL,NULL,NULL,NULL,'active','2026-02-06 14:49:45','2026-02-06 14:49:45'),(101,1,'Malizbet Lechamochamo',NULL,NULL,NULL,NULL,'active','2026-02-11 05:54:40','2026-02-16 12:23:49'),(102,1,'Pontso Makepe',NULL,NULL,NULL,NULL,'active','2026-02-16 12:12:54','2026-02-16 12:12:54'),(103,1,'Maneo Matete',NULL,NULL,NULL,NULL,'active','2026-02-16 12:25:03','2026-02-16 12:25:03'),(104,1,'Lineo Kotelo',NULL,NULL,NULL,NULL,'active','2026-02-16 12:45:00','2026-02-16 12:45:00');
/*!40000 ALTER TABLE `clients` ENABLE KEYS */;
UNLOCK TABLES;

--
-- Table structure for table `event_tiers`
--

DROP TABLE IF EXISTS `event_tiers`;
/*!40101 SET @saved_cs_client     = @@character_set_client */;
/*!50503 SET character_set_client = utf8mb4 */;
CREATE TABLE `event_tiers` (
  `id` bigint unsigned NOT NULL AUTO_INCREMENT,
  `event_id` bigint unsigned NOT NULL,
  `tier_name` varchar(255) COLLATE utf8mb4_unicode_ci NOT NULL,
  `color` varchar(255) COLLATE utf8mb4_unicode_ci DEFAULT NULL COMMENT 'Hex color for QR code (e.g., #FFD700)',
  `description` text COLLATE utf8mb4_unicode_ci COMMENT 'Tier description/benefits',
  `price` decimal(10,2) NOT NULL,
  `quantity_available` int DEFAULT NULL,
  `quantity_per_purchase` int NOT NULL DEFAULT '1',
  `quantity_sold` int NOT NULL DEFAULT '0',
  `is_active` tinyint(1) NOT NULL DEFAULT '1',
  `created_at` timestamp NULL DEFAULT NULL,
  `updated_at` timestamp NULL DEFAULT NULL,
  PRIMARY KEY (`id`),
  UNIQUE KEY `event_tiers_event_id_tier_name_unique` (`event_id`,`tier_name`),
  CONSTRAINT `event_tiers_event_id_foreign` FOREIGN KEY (`event_id`) REFERENCES `events` (`id`) ON DELETE CASCADE
) ENGINE=InnoDB AUTO_INCREMENT=12 DEFAULT CHARSET=utf8mb4 COLLATE=utf8mb4_unicode_ci;
/*!40101 SET character_set_client = @saved_cs_client */;

--
-- Dumping data for table `event_tiers`
--

LOCK TABLES `event_tiers` WRITE;
/*!40000 ALTER TABLE `event_tiers` DISABLE KEYS */;
INSERT INTO `event_tiers` VALUES (1,1,'Standard Ticket','#EC4899','Includes: Buffet Lunch & Refreshments, Access to all sessions & panels, Networking opportunities, Live music performance, Gift bag',950.00,NULL,1,1,1,'2026-01-09 07:04:50','2026-01-09 07:24:19'),(2,2,'Standard',NULL,NULL,150.00,NULL,1,4,1,'2026-01-12 08:05:34','2026-01-29 21:12:39'),(3,2,'Stall','#f3fa77',NULL,250.00,NULL,1,0,1,'2026-01-12 08:05:34','2026-01-12 08:05:34'),(4,3,'Standard','#B11226',NULL,1800.00,20,1,0,1,'2026-01-12 09:39:26','2026-01-12 09:39:26'),(5,3,'Early Bird','#B11226','Only 5 available before end of January\n',1600.00,5,1,1,1,'2026-01-12 10:45:14','2026-01-13 06:59:16'),(6,4,'Standard Ticket',NULL,NULL,10.00,10,1,1,1,'2026-01-19 10:38:11','2026-01-28 08:36:31'),(7,4,'VIP','#f2eca0','Finger foods provided',15.00,2,1,0,1,'2026-01-19 10:38:11','2026-01-19 10:38:11'),(8,4,'Free',NULL,NULL,0.00,3,1,0,1,'2026-01-19 10:38:11','2026-01-19 10:38:11'),(9,5,'Standard Ticket',NULL,NULL,150.00,NULL,1,0,1,'2026-01-21 08:44:33','2026-01-21 08:44:33'),(10,6,'Investment',NULL,'Two-day conference sessions, Food (buffet), Refreshments, Study materials',1300.00,NULL,1,4,1,'2026-01-21 14:13:07','2026-02-05 14:17:52'),(11,2,'Trio Deal ',NULL,'Get 3 tickets at M100 each (save more when you come as a group)',300.00,NULL,3,0,1,'2026-01-23 03:23:07','2026-01-23 03:23:07');
/*!40000 ALTER TABLE `event_tiers` ENABLE KEYS */;
UNLOCK TABLES;

--
-- Table structure for table `events`
--

DROP TABLE IF EXISTS `events`;
/*!40101 SET @saved_cs_client     = @@character_set_client */;
/*!50503 SET character_set_client = utf8mb4 */;
CREATE TABLE `events` (
  `id` bigint unsigned NOT NULL AUTO_INCREMENT,
  `organization_id` bigint unsigned NOT NULL,
  `name` varchar(255) COLLATE utf8mb4_unicode_ci NOT NULL,
  `tagline` varchar(255) COLLATE utf8mb4_unicode_ci DEFAULT NULL,
  `slug` varchar(255) COLLATE utf8mb4_unicode_ci DEFAULT NULL,
  `description` text COLLATE utf8mb4_unicode_ci,
  `banner_image` varchar(255) COLLATE utf8mb4_unicode_ci DEFAULT NULL,
  `event_date` datetime NOT NULL,
  `registration_deadline` datetime DEFAULT NULL,
  `duration_days` int NOT NULL DEFAULT '1',
  `location` varchar(255) COLLATE utf8mb4_unicode_ci DEFAULT NULL,
  `venue` varchar(255) COLLATE utf8mb4_unicode_ci DEFAULT NULL,
  `capacity` int DEFAULT NULL,
  `status` enum('draft','published','live','closed') COLLATE utf8mb4_unicode_ci NOT NULL DEFAULT 'draft',
  `is_public` tinyint(1) NOT NULL DEFAULT '1',
  `allow_installments` tinyint(1) NOT NULL DEFAULT '0',
  `minimum_deposit_percentage` decimal(5,2) DEFAULT NULL,
  `installment_instructions` text COLLATE utf8mb4_unicode_ci,
  `created_at` timestamp NULL DEFAULT NULL,
  `updated_at` timestamp NULL DEFAULT NULL,
  PRIMARY KEY (`id`),
  UNIQUE KEY `events_organization_id_slug_unique` (`organization_id`,`slug`),
  KEY `events_organization_id_event_date_index` (`organization_id`,`event_date`),
  CONSTRAINT `events_organization_id_foreign` FOREIGN KEY (`organization_id`) REFERENCES `organizations` (`id`) ON DELETE CASCADE
) ENGINE=InnoDB AUTO_INCREMENT=7 DEFAULT CHARSET=utf8mb4 COLLATE=utf8mb4_unicode_ci;
/*!40101 SET character_set_client = @saved_cs_client */;

--
-- Dumping data for table `events`
--

LOCK TABLES `events` WRITE;
/*!40000 ALTER TABLE `events` DISABLE KEYS */;
INSERT INTO `events` VALUES (1,1,'Expressions: Bloom in Power','Expressions: Bloom in Power','expressions-bloom-in-power','Join us for a powerful day of growth and inspiration. Learn, unlearn, and take steps toward becoming the best version of yourself through engaging panel discussions and talks on finances, emotional and mental wellness, entrepreneurship, and health and fitness.\nThe experience will be brought to life with live music, making it both meaningful and enjoyable. Don’t miss this opportunity to invest in yourself.','event-banners/01KF5WG4ZRBHJH1QM22K7TCY40.jpg','2026-03-28 11:00:00',NULL,1,'Maseru West, Lesotho','Mpilo Boutique Hotel',100,'published',1,0,NULL,NULL,'2026-01-09 07:04:50','2026-01-17 11:47:25'),(2,2,'Career Triangle Expo 2026','Career Triangle Expo 2026','career-triangle-expo-2026','Pathways to STEM fields (Science, Technology, Engineering & Mathematics, Artificial Intelligence, Robotics & Environmental Science)\nPathways to non-STEM fields (Business, Arts, Tourism, Media and Law)\nUnderstanding Cambridge AS & A Levels\nConnect with qualified industry professionals\nCurrent in-demand professions\nScholarships & sponsorships (local & international)\nCorporate sponsorships & funding options\nGuidance on smart subject choices','event-banners/01KF5WH857NMAKVED69RNMTMKY.jpeg','2026-01-30 08:30:00',NULL,1,'Sehlabeng, Berea, Lesotho','China Fellowship Collegiate',NULL,'published',1,0,NULL,NULL,'2026-01-12 08:05:33','2026-01-17 11:48:01'),(3,3,'MSM 20 Couples Valentine’s Day Gala Dinner','2nd Edition','msm-20-couples-valentines-day-gala-dinner','Dress Code: Dress to Impress\n\nWhat to Expect:\nA romantic evening of meaningful learning, red-carpet photos, entertainment, delicious food, and insightful educational sessions.\n\nLearning Areas:\n• Graceful communication\n• Staying in love through every season\n• Couples’ money management systems\n\nNB: This will be facilitated by selected professionals and marriage counselors. ','event-banners/01KES6H53JC6QVF46ZA56ZY585.jpeg','2026-02-14 18:00:00',NULL,1,'Maseru','Avani Lesotho',40,'published',1,1,27.78,'Minimum deposit: R500','2026-01-12 09:39:26','2026-01-12 13:35:02'),(4,4,'VENTIQ Demo','VENTIQ Demo','ventiq-demo','VENTIQ is an all-in-one event management and ticketing platform built for Africa, starting with Lesotho.\nIt empowers organizers to create, manage, sell tickets, and track events with ease — all from one powerful system.\n\nWhether it’s a conference, concert, church service, seminar, or private event, VENTIQ simplifies the entire process so you can focus on delivering unforgettable experiences.','event-banners/01KFAXBNY8BHNVJ46HT1QGCKQ3.png','2026-01-31 18:00:00','2026-01-30 23:59:00',1,'Maseru','Avani Lesotho',100,'published',0,0,NULL,NULL,'2026-01-19 10:38:11','2026-01-28 08:37:09'),(5,5,'Goal Setting Workshop','Goal Setting Workshop','goal-setting-workshop','This practical and interactive goal-setting workshop is designed to help you start the year with clarity, focus, and direction.\n\nMany people begin the year motivated but lose focus along the way. This session will help you set clear, realistic, and achievable goals, while giving you simple tools to stay consistent even when motivation fades. You will learn how to plan effectively, track your progress, and course-correct when life gets in the way.\n\nThe workshop focuses on building discipline, overcoming procrastination, and developing daily habits that support long-term success. It is practical, hands-on, and centered on real-life application rather than theory.\n\nBy the end of the session, you will leave with a clear, written plan and the confidence to follow through on your goals throughout the year.','event-banners/01KFFVPQYTVW7GHQY6BZ1M49ZB.jpeg','2026-01-31 09:00:00',NULL,1,'Maseru','Lakeside Hotel',NULL,'published',1,0,NULL,NULL,'2026-01-21 08:44:33','2026-01-25 11:03:47'),(6,6,'Molao Le Khoebo Annual Conference 2026','Building Legal Resilience in Lesotho’s Private Sector','molao-le-khoebo-annual-conference-2026','This annual conference brings together professionals and stakeholders to explore practical strategies for strengthening legal resilience within Lesotho’s private sector. The event focuses on current legal challenges, compliance, risk management, and sustainable business practices in an evolving regulatory environment.\n\nThrough expert-led sessions and discussions, participants will gain insights into navigating legal complexities, protecting business interests, and building resilient organizations that can adapt to change. The conference is designed to be informative, practical, and relevant to today’s private sector landscape.','event-banners/01KFZYEN9KEG3JQHJMGGYBE5XW.jpg','2026-03-26 09:00:00','2026-03-23 17:00:00',1,NULL,'Lehakoe Recreational Centre',NULL,'published',1,1,30.00,'Pay 30% to secure your spot. Settle the whole amount before the event. The deposit is non-refundable. ','2026-01-21 14:13:07','2026-01-27 14:41:49');
/*!40000 ALTER TABLE `events` ENABLE KEYS */;
UNLOCK TABLES;

--
-- Table structure for table `failed_jobs`
--

DROP TABLE IF EXISTS `failed_jobs`;
/*!40101 SET @saved_cs_client     = @@character_set_client */;
/*!50503 SET character_set_client = utf8mb4 */;
CREATE TABLE `failed_jobs` (
  `id` bigint unsigned NOT NULL AUTO_INCREMENT,
  `uuid` varchar(255) COLLATE utf8mb4_unicode_ci NOT NULL,
  `connection` text COLLATE utf8mb4_unicode_ci NOT NULL,
  `queue` text COLLATE utf8mb4_unicode_ci NOT NULL,
  `payload` longtext COLLATE utf8mb4_unicode_ci NOT NULL,
  `exception` longtext COLLATE utf8mb4_unicode_ci NOT NULL,
  `failed_at` timestamp NOT NULL DEFAULT CURRENT_TIMESTAMP,
  PRIMARY KEY (`id`),
  UNIQUE KEY `failed_jobs_uuid_unique` (`uuid`)
) ENGINE=InnoDB AUTO_INCREMENT=15 DEFAULT CHARSET=utf8mb4 COLLATE=utf8mb4_unicode_ci;
/*!40101 SET character_set_client = @saved_cs_client */;

--
-- Dumping data for table `failed_jobs`
--

LOCK TABLES `failed_jobs` WRITE;
/*!40000 ALTER TABLE `failed_jobs` DISABLE KEYS */;
INSERT INTO `failed_jobs` VALUES (1,'27526afb-75bc-44ee-aca8-81b8b6ff8c3c','database','default','{\"uuid\":\"27526afb-75bc-44ee-aca8-81b8b6ff8c3c\",\"displayName\":\"App\\\\Jobs\\\\SendPartnerEmail\",\"job\":\"Illuminate\\\\Queue\\\\CallQueuedHandler@call\",\"maxTries\":3,\"maxExceptions\":null,\"failOnTimeout\":false,\"backoff\":\"60,300,600\",\"timeout\":120,\"retryUntil\":null,\"data\":{\"commandName\":\"App\\\\Jobs\\\\SendPartnerEmail\",\"command\":\"O:25:\\\"App\\\\Jobs\\\\SendPartnerEmail\\\":1:{s:9:\\\"partnerId\\\";i:1015;}\"},\"createdAt\":1762511105,\"delay\":null}','Symfony\\Component\\Mime\\Exception\\RfcComplianceException: Email \"peeayforever@yahoo.co.uk;\" does not comply with addr-spec of RFC 2822. in /var/www/church-qrcode-code/vendor/symfony/mime/Address.php:54\nStack trace:\n#0 /var/www/church-qrcode-code/vendor/laravel/framework/src/Illuminate/Mail/Message.php(246): Symfony\\Component\\Mime\\Address->__construct()\n#1 /var/www/church-qrcode-code/vendor/laravel/framework/src/Illuminate/Mail/Message.php(110): Illuminate\\Mail\\Message->addAddresses()\n#2 /var/www/church-qrcode-code/vendor/laravel/framework/src/Illuminate/Mail/Mailable.php(454): Illuminate\\Mail\\Message->to()\n#3 /var/www/church-qrcode-code/vendor/laravel/framework/src/Illuminate/Mail/Mailable.php(209): Illuminate\\Mail\\Mailable->buildRecipients()\n#4 /var/www/church-qrcode-code/vendor/laravel/framework/src/Illuminate/Mail/Mailer.php(315): Illuminate\\Mail\\Mailable->Illuminate\\Mail\\{closure}()\n#5 /var/www/church-qrcode-code/vendor/laravel/framework/src/Illuminate/Mail/Mailable.php(207): Illuminate\\Mail\\Mailer->send()\n#6 /var/www/church-qrcode-code/vendor/laravel/framework/src/Illuminate/Support/Traits/Localizable.php(19): Illuminate\\Mail\\Mailable->Illuminate\\Mail\\{closure}()\n#7 /var/www/church-qrcode-code/vendor/laravel/framework/src/Illuminate/Mail/Mailable.php(200): Illuminate\\Mail\\Mailable->withLocale()\n#8 /var/www/church-qrcode-code/vendor/laravel/framework/src/Illuminate/Mail/Mailer.php(353): Illuminate\\Mail\\Mailable->send()\n#9 /var/www/church-qrcode-code/vendor/laravel/framework/src/Illuminate/Mail/Mailer.php(300): Illuminate\\Mail\\Mailer->sendMailable()\n#10 /var/www/church-qrcode-code/vendor/laravel/framework/src/Illuminate/Mail/PendingMail.php(123): Illuminate\\Mail\\Mailer->send()\n#11 /var/www/church-qrcode-code/app/Jobs/SendPartnerEmail.php(55): Illuminate\\Mail\\PendingMail->send()\n#12 /var/www/church-qrcode-code/vendor/laravel/framework/src/Illuminate/Container/BoundMethod.php(36): App\\Jobs\\SendPartnerEmail->handle()\n#13 /var/www/church-qrcode-code/vendor/laravel/framework/src/Illuminate/Container/Util.php(43): Illuminate\\Container\\BoundMethod::Illuminate\\Container\\{closure}()\n#14 /var/www/church-qrcode-code/vendor/laravel/framework/src/Illuminate/Container/BoundMethod.php(96): Illuminate\\Container\\Util::unwrapIfClosure()\n#15 /var/www/church-qrcode-code/vendor/laravel/framework/src/Illuminate/Container/BoundMethod.php(35): Illuminate\\Container\\BoundMethod::callBoundMethod()\n#16 /var/www/church-qrcode-code/vendor/laravel/framework/src/Illuminate/Container/Container.php(836): Illuminate\\Container\\BoundMethod::call()\n#17 /var/www/church-qrcode-code/vendor/laravel/framework/src/Illuminate/Bus/Dispatcher.php(129): Illuminate\\Container\\Container->call()\n#18 /var/www/church-qrcode-code/vendor/laravel/framework/src/Illuminate/Pipeline/Pipeline.php(180): Illuminate\\Bus\\Dispatcher->Illuminate\\Bus\\{closure}()\n#19 /var/www/church-qrcode-code/vendor/laravel/framework/src/Illuminate/Pipeline/Pipeline.php(137): Illuminate\\Pipeline\\Pipeline->Illuminate\\Pipeline\\{closure}()\n#20 /var/www/church-qrcode-code/vendor/laravel/framework/src/Illuminate/Bus/Dispatcher.php(133): Illuminate\\Pipeline\\Pipeline->then()\n#21 /var/www/church-qrcode-code/vendor/laravel/framework/src/Illuminate/Queue/CallQueuedHandler.php(134): Illuminate\\Bus\\Dispatcher->dispatchNow()\n#22 /var/www/church-qrcode-code/vendor/laravel/framework/src/Illuminate/Pipeline/Pipeline.php(180): Illuminate\\Queue\\CallQueuedHandler->Illuminate\\Queue\\{closure}()\n#23 /var/www/church-qrcode-code/vendor/laravel/framework/src/Illuminate/Pipeline/Pipeline.php(137): Illuminate\\Pipeline\\Pipeline->Illuminate\\Pipeline\\{closure}()\n#24 /var/www/church-qrcode-code/vendor/laravel/framework/src/Illuminate/Queue/CallQueuedHandler.php(127): Illuminate\\Pipeline\\Pipeline->then()\n#25 /var/www/church-qrcode-code/vendor/laravel/framework/src/Illuminate/Queue/CallQueuedHandler.php(68): Illuminate\\Queue\\CallQueuedHandler->dispatchThroughMiddleware()\n#26 /var/www/church-qrcode-code/vendor/laravel/framework/src/Illuminate/Queue/Jobs/Job.php(102): Illuminate\\Queue\\CallQueuedHandler->call()\n#27 /var/www/church-qrcode-code/vendor/laravel/framework/src/Illuminate/Queue/Worker.php(451): Illuminate\\Queue\\Jobs\\Job->fire()\n#28 /var/www/church-qrcode-code/vendor/laravel/framework/src/Illuminate/Queue/Worker.php(401): Illuminate\\Queue\\Worker->process()\n#29 /var/www/church-qrcode-code/vendor/laravel/framework/src/Illuminate/Queue/Worker.php(187): Illuminate\\Queue\\Worker->runJob()\n#30 /var/www/church-qrcode-code/vendor/laravel/framework/src/Illuminate/Queue/Console/WorkCommand.php(148): Illuminate\\Queue\\Worker->daemon()\n#31 /var/www/church-qrcode-code/vendor/laravel/framework/src/Illuminate/Queue/Console/WorkCommand.php(131): Illuminate\\Queue\\Console\\WorkCommand->runWorker()\n#32 /var/www/church-qrcode-code/vendor/laravel/framework/src/Illuminate/Container/BoundMethod.php(36): Illuminate\\Queue\\Console\\WorkCommand->handle()\n#33 /var/www/church-qrcode-code/vendor/laravel/framework/src/Illuminate/Container/Util.php(43): Illuminate\\Container\\BoundMethod::Illuminate\\Container\\{closure}()\n#34 /var/www/church-qrcode-code/vendor/laravel/framework/src/Illuminate/Container/BoundMethod.php(96): Illuminate\\Container\\Util::unwrapIfClosure()\n#35 /var/www/church-qrcode-code/vendor/laravel/framework/src/Illuminate/Container/BoundMethod.php(35): Illuminate\\Container\\BoundMethod::callBoundMethod()\n#36 /var/www/church-qrcode-code/vendor/laravel/framework/src/Illuminate/Container/Container.php(836): Illuminate\\Container\\BoundMethod::call()\n#37 /var/www/church-qrcode-code/vendor/laravel/framework/src/Illuminate/Console/Command.php(211): Illuminate\\Container\\Container->call()\n#38 /var/www/church-qrcode-code/vendor/symfony/console/Command/Command.php(318): Illuminate\\Console\\Command->execute()\n#39 /var/www/church-qrcode-code/vendor/laravel/framework/src/Illuminate/Console/Command.php(180): Symfony\\Component\\Console\\Command\\Command->run()\n#40 /var/www/church-qrcode-code/vendor/symfony/console/Application.php(1110): Illuminate\\Console\\Command->run()\n#41 /var/www/church-qrcode-code/vendor/symfony/console/Application.php(359): Symfony\\Component\\Console\\Application->doRunCommand()\n#42 /var/www/church-qrcode-code/vendor/symfony/console/Application.php(194): Symfony\\Component\\Console\\Application->doRun()\n#43 /var/www/church-qrcode-code/vendor/laravel/framework/src/Illuminate/Foundation/Console/Kernel.php(197): Symfony\\Component\\Console\\Application->run()\n#44 /var/www/church-qrcode-code/vendor/laravel/framework/src/Illuminate/Foundation/Application.php(1235): Illuminate\\Foundation\\Console\\Kernel->handle()\n#45 /var/www/church-qrcode-code/artisan(16): Illuminate\\Foundation\\Application->handleCommand()\n#46 {main}','2025-11-07 10:36:14'),(2,'6f3df398-e904-4ff9-abbb-1750bb405c2b','database','default','{\"uuid\":\"6f3df398-e904-4ff9-abbb-1750bb405c2b\",\"displayName\":\"App\\\\Jobs\\\\SendPartnerEmail\",\"job\":\"Illuminate\\\\Queue\\\\CallQueuedHandler@call\",\"maxTries\":3,\"maxExceptions\":null,\"failOnTimeout\":false,\"backoff\":\"60,300,600\",\"timeout\":120,\"retryUntil\":null,\"data\":{\"commandName\":\"App\\\\Jobs\\\\SendPartnerEmail\",\"command\":\"O:25:\\\"App\\\\Jobs\\\\SendPartnerEmail\\\":1:{s:9:\\\"partnerId\\\";i:1033;}\"},\"createdAt\":1762511105,\"delay\":null}','Symfony\\Component\\Mailer\\Exception\\UnexpectedResponseException: Expected response code \"250/251/252\" but got code \"550\", with message \"550-The mail server could not deliver mail to\r\n550-pastorchikeumeh@loveworld360.comm.  The account or domain may not exist,\r\n550 they may be blacklisted, or missing the proper dns entries.\". in /var/www/church-qrcode-code/vendor/symfony/mailer/Transport/Smtp/SmtpTransport.php:342\nStack trace:\n#0 /var/www/church-qrcode-code/vendor/symfony/mailer/Transport/Smtp/SmtpTransport.php(198): Symfony\\Component\\Mailer\\Transport\\Smtp\\SmtpTransport->assertResponseCode()\n#1 /var/www/church-qrcode-code/vendor/symfony/mailer/Transport/Smtp/EsmtpTransport.php(150): Symfony\\Component\\Mailer\\Transport\\Smtp\\SmtpTransport->executeCommand()\n#2 /var/www/church-qrcode-code/vendor/symfony/mailer/Transport/Smtp/SmtpTransport.php(268): Symfony\\Component\\Mailer\\Transport\\Smtp\\EsmtpTransport->executeCommand()\n#3 /var/www/church-qrcode-code/vendor/symfony/mailer/Transport/Smtp/SmtpTransport.php(217): Symfony\\Component\\Mailer\\Transport\\Smtp\\SmtpTransport->doRcptToCommand()\n#4 /var/www/church-qrcode-code/vendor/symfony/mailer/Transport/AbstractTransport.php(69): Symfony\\Component\\Mailer\\Transport\\Smtp\\SmtpTransport->doSend()\n#5 /var/www/church-qrcode-code/vendor/symfony/mailer/Transport/Smtp/SmtpTransport.php(138): Symfony\\Component\\Mailer\\Transport\\AbstractTransport->send()\n#6 /var/www/church-qrcode-code/vendor/laravel/framework/src/Illuminate/Mail/Mailer.php(584): Symfony\\Component\\Mailer\\Transport\\Smtp\\SmtpTransport->send()\n#7 /var/www/church-qrcode-code/vendor/laravel/framework/src/Illuminate/Mail/Mailer.php(331): Illuminate\\Mail\\Mailer->sendSymfonyMessage()\n#8 /var/www/church-qrcode-code/vendor/laravel/framework/src/Illuminate/Mail/Mailable.php(207): Illuminate\\Mail\\Mailer->send()\n#9 /var/www/church-qrcode-code/vendor/laravel/framework/src/Illuminate/Support/Traits/Localizable.php(19): Illuminate\\Mail\\Mailable->Illuminate\\Mail\\{closure}()\n#10 /var/www/church-qrcode-code/vendor/laravel/framework/src/Illuminate/Mail/Mailable.php(200): Illuminate\\Mail\\Mailable->withLocale()\n#11 /var/www/church-qrcode-code/vendor/laravel/framework/src/Illuminate/Mail/Mailer.php(353): Illuminate\\Mail\\Mailable->send()\n#12 /var/www/church-qrcode-code/vendor/laravel/framework/src/Illuminate/Mail/Mailer.php(300): Illuminate\\Mail\\Mailer->sendMailable()\n#13 /var/www/church-qrcode-code/vendor/laravel/framework/src/Illuminate/Mail/PendingMail.php(123): Illuminate\\Mail\\Mailer->send()\n#14 /var/www/church-qrcode-code/app/Jobs/SendPartnerEmail.php(55): Illuminate\\Mail\\PendingMail->send()\n#15 /var/www/church-qrcode-code/vendor/laravel/framework/src/Illuminate/Container/BoundMethod.php(36): App\\Jobs\\SendPartnerEmail->handle()\n#16 /var/www/church-qrcode-code/vendor/laravel/framework/src/Illuminate/Container/Util.php(43): Illuminate\\Container\\BoundMethod::Illuminate\\Container\\{closure}()\n#17 /var/www/church-qrcode-code/vendor/laravel/framework/src/Illuminate/Container/BoundMethod.php(96): Illuminate\\Container\\Util::unwrapIfClosure()\n#18 /var/www/church-qrcode-code/vendor/laravel/framework/src/Illuminate/Container/BoundMethod.php(35): Illuminate\\Container\\BoundMethod::callBoundMethod()\n#19 /var/www/church-qrcode-code/vendor/laravel/framework/src/Illuminate/Container/Container.php(836): Illuminate\\Container\\BoundMethod::call()\n#20 /var/www/church-qrcode-code/vendor/laravel/framework/src/Illuminate/Bus/Dispatcher.php(129): Illuminate\\Container\\Container->call()\n#21 /var/www/church-qrcode-code/vendor/laravel/framework/src/Illuminate/Pipeline/Pipeline.php(180): Illuminate\\Bus\\Dispatcher->Illuminate\\Bus\\{closure}()\n#22 /var/www/church-qrcode-code/vendor/laravel/framework/src/Illuminate/Pipeline/Pipeline.php(137): Illuminate\\Pipeline\\Pipeline->Illuminate\\Pipeline\\{closure}()\n#23 /var/www/church-qrcode-code/vendor/laravel/framework/src/Illuminate/Bus/Dispatcher.php(133): Illuminate\\Pipeline\\Pipeline->then()\n#24 /var/www/church-qrcode-code/vendor/laravel/framework/src/Illuminate/Queue/CallQueuedHandler.php(134): Illuminate\\Bus\\Dispatcher->dispatchNow()\n#25 /var/www/church-qrcode-code/vendor/laravel/framework/src/Illuminate/Pipeline/Pipeline.php(180): Illuminate\\Queue\\CallQueuedHandler->Illuminate\\Queue\\{closure}()\n#26 /var/www/church-qrcode-code/vendor/laravel/framework/src/Illuminate/Pipeline/Pipeline.php(137): Illuminate\\Pipeline\\Pipeline->Illuminate\\Pipeline\\{closure}()\n#27 /var/www/church-qrcode-code/vendor/laravel/framework/src/Illuminate/Queue/CallQueuedHandler.php(127): Illuminate\\Pipeline\\Pipeline->then()\n#28 /var/www/church-qrcode-code/vendor/laravel/framework/src/Illuminate/Queue/CallQueuedHandler.php(68): Illuminate\\Queue\\CallQueuedHandler->dispatchThroughMiddleware()\n#29 /var/www/church-qrcode-code/vendor/laravel/framework/src/Illuminate/Queue/Jobs/Job.php(102): Illuminate\\Queue\\CallQueuedHandler->call()\n#30 /var/www/church-qrcode-code/vendor/laravel/framework/src/Illuminate/Queue/Worker.php(451): Illuminate\\Queue\\Jobs\\Job->fire()\n#31 /var/www/church-qrcode-code/vendor/laravel/framework/src/Illuminate/Queue/Worker.php(401): Illuminate\\Queue\\Worker->process()\n#32 /var/www/church-qrcode-code/vendor/laravel/framework/src/Illuminate/Queue/Worker.php(187): Illuminate\\Queue\\Worker->runJob()\n#33 /var/www/church-qrcode-code/vendor/laravel/framework/src/Illuminate/Queue/Console/WorkCommand.php(148): Illuminate\\Queue\\Worker->daemon()\n#34 /var/www/church-qrcode-code/vendor/laravel/framework/src/Illuminate/Queue/Console/WorkCommand.php(131): Illuminate\\Queue\\Console\\WorkCommand->runWorker()\n#35 /var/www/church-qrcode-code/vendor/laravel/framework/src/Illuminate/Container/BoundMethod.php(36): Illuminate\\Queue\\Console\\WorkCommand->handle()\n#36 /var/www/church-qrcode-code/vendor/laravel/framework/src/Illuminate/Container/Util.php(43): Illuminate\\Container\\BoundMethod::Illuminate\\Container\\{closure}()\n#37 /var/www/church-qrcode-code/vendor/laravel/framework/src/Illuminate/Container/BoundMethod.php(96): Illuminate\\Container\\Util::unwrapIfClosure()\n#38 /var/www/church-qrcode-code/vendor/laravel/framework/src/Illuminate/Container/BoundMethod.php(35): Illuminate\\Container\\BoundMethod::callBoundMethod()\n#39 /var/www/church-qrcode-code/vendor/laravel/framework/src/Illuminate/Container/Container.php(836): Illuminate\\Container\\BoundMethod::call()\n#40 /var/www/church-qrcode-code/vendor/laravel/framework/src/Illuminate/Console/Command.php(211): Illuminate\\Container\\Container->call()\n#41 /var/www/church-qrcode-code/vendor/symfony/console/Command/Command.php(318): Illuminate\\Console\\Command->execute()\n#42 /var/www/church-qrcode-code/vendor/laravel/framework/src/Illuminate/Console/Command.php(180): Symfony\\Component\\Console\\Command\\Command->run()\n#43 /var/www/church-qrcode-code/vendor/symfony/console/Application.php(1110): Illuminate\\Console\\Command->run()\n#44 /var/www/church-qrcode-code/vendor/symfony/console/Application.php(359): Symfony\\Component\\Console\\Application->doRunCommand()\n#45 /var/www/church-qrcode-code/vendor/symfony/console/Application.php(194): Symfony\\Component\\Console\\Application->doRun()\n#46 /var/www/church-qrcode-code/vendor/laravel/framework/src/Illuminate/Foundation/Console/Kernel.php(197): Symfony\\Component\\Console\\Application->run()\n#47 /var/www/church-qrcode-code/vendor/laravel/framework/src/Illuminate/Foundation/Application.php(1235): Illuminate\\Foundation\\Console\\Kernel->handle()\n#48 /var/www/church-qrcode-code/artisan(16): Illuminate\\Foundation\\Application->handleCommand()\n#49 {main}','2025-11-07 10:36:17'),(3,'2f9b7e1d-6287-46cd-86b7-a4e5e2f98dd5','database','default','{\"uuid\":\"2f9b7e1d-6287-46cd-86b7-a4e5e2f98dd5\",\"displayName\":\"App\\\\Jobs\\\\SendPartnerEmail\",\"job\":\"Illuminate\\\\Queue\\\\CallQueuedHandler@call\",\"maxTries\":3,\"maxExceptions\":null,\"failOnTimeout\":false,\"backoff\":\"60,300,600\",\"timeout\":120,\"retryUntil\":null,\"data\":{\"commandName\":\"App\\\\Jobs\\\\SendPartnerEmail\",\"command\":\"O:25:\\\"App\\\\Jobs\\\\SendPartnerEmail\\\":1:{s:9:\\\"partnerId\\\";i:1036;}\"},\"createdAt\":1762511105,\"delay\":null}','Symfony\\Component\\Mime\\Exception\\RfcComplianceException: Email \"chrisotabor@yahoo.com;\" does not comply with addr-spec of RFC 2822. in /var/www/church-qrcode-code/vendor/symfony/mime/Address.php:54\nStack trace:\n#0 /var/www/church-qrcode-code/vendor/laravel/framework/src/Illuminate/Mail/Message.php(246): Symfony\\Component\\Mime\\Address->__construct()\n#1 /var/www/church-qrcode-code/vendor/laravel/framework/src/Illuminate/Mail/Message.php(110): Illuminate\\Mail\\Message->addAddresses()\n#2 /var/www/church-qrcode-code/vendor/laravel/framework/src/Illuminate/Mail/Mailable.php(454): Illuminate\\Mail\\Message->to()\n#3 /var/www/church-qrcode-code/vendor/laravel/framework/src/Illuminate/Mail/Mailable.php(209): Illuminate\\Mail\\Mailable->buildRecipients()\n#4 /var/www/church-qrcode-code/vendor/laravel/framework/src/Illuminate/Mail/Mailer.php(315): Illuminate\\Mail\\Mailable->Illuminate\\Mail\\{closure}()\n#5 /var/www/church-qrcode-code/vendor/laravel/framework/src/Illuminate/Mail/Mailable.php(207): Illuminate\\Mail\\Mailer->send()\n#6 /var/www/church-qrcode-code/vendor/laravel/framework/src/Illuminate/Support/Traits/Localizable.php(19): Illuminate\\Mail\\Mailable->Illuminate\\Mail\\{closure}()\n#7 /var/www/church-qrcode-code/vendor/laravel/framework/src/Illuminate/Mail/Mailable.php(200): Illuminate\\Mail\\Mailable->withLocale()\n#8 /var/www/church-qrcode-code/vendor/laravel/framework/src/Illuminate/Mail/Mailer.php(353): Illuminate\\Mail\\Mailable->send()\n#9 /var/www/church-qrcode-code/vendor/laravel/framework/src/Illuminate/Mail/Mailer.php(300): Illuminate\\Mail\\Mailer->sendMailable()\n#10 /var/www/church-qrcode-code/vendor/laravel/framework/src/Illuminate/Mail/PendingMail.php(123): Illuminate\\Mail\\Mailer->send()\n#11 /var/www/church-qrcode-code/app/Jobs/SendPartnerEmail.php(55): Illuminate\\Mail\\PendingMail->send()\n#12 /var/www/church-qrcode-code/vendor/laravel/framework/src/Illuminate/Container/BoundMethod.php(36): App\\Jobs\\SendPartnerEmail->handle()\n#13 /var/www/church-qrcode-code/vendor/laravel/framework/src/Illuminate/Container/Util.php(43): Illuminate\\Container\\BoundMethod::Illuminate\\Container\\{closure}()\n#14 /var/www/church-qrcode-code/vendor/laravel/framework/src/Illuminate/Container/BoundMethod.php(96): Illuminate\\Container\\Util::unwrapIfClosure()\n#15 /var/www/church-qrcode-code/vendor/laravel/framework/src/Illuminate/Container/BoundMethod.php(35): Illuminate\\Container\\BoundMethod::callBoundMethod()\n#16 /var/www/church-qrcode-code/vendor/laravel/framework/src/Illuminate/Container/Container.php(836): Illuminate\\Container\\BoundMethod::call()\n#17 /var/www/church-qrcode-code/vendor/laravel/framework/src/Illuminate/Bus/Dispatcher.php(129): Illuminate\\Container\\Container->call()\n#18 /var/www/church-qrcode-code/vendor/laravel/framework/src/Illuminate/Pipeline/Pipeline.php(180): Illuminate\\Bus\\Dispatcher->Illuminate\\Bus\\{closure}()\n#19 /var/www/church-qrcode-code/vendor/laravel/framework/src/Illuminate/Pipeline/Pipeline.php(137): Illuminate\\Pipeline\\Pipeline->Illuminate\\Pipeline\\{closure}()\n#20 /var/www/church-qrcode-code/vendor/laravel/framework/src/Illuminate/Bus/Dispatcher.php(133): Illuminate\\Pipeline\\Pipeline->then()\n#21 /var/www/church-qrcode-code/vendor/laravel/framework/src/Illuminate/Queue/CallQueuedHandler.php(134): Illuminate\\Bus\\Dispatcher->dispatchNow()\n#22 /var/www/church-qrcode-code/vendor/laravel/framework/src/Illuminate/Pipeline/Pipeline.php(180): Illuminate\\Queue\\CallQueuedHandler->Illuminate\\Queue\\{closure}()\n#23 /var/www/church-qrcode-code/vendor/laravel/framework/src/Illuminate/Pipeline/Pipeline.php(137): Illuminate\\Pipeline\\Pipeline->Illuminate\\Pipeline\\{closure}()\n#24 /var/www/church-qrcode-code/vendor/laravel/framework/src/Illuminate/Queue/CallQueuedHandler.php(127): Illuminate\\Pipeline\\Pipeline->then()\n#25 /var/www/church-qrcode-code/vendor/laravel/framework/src/Illuminate/Queue/CallQueuedHandler.php(68): Illuminate\\Queue\\CallQueuedHandler->dispatchThroughMiddleware()\n#26 /var/www/church-qrcode-code/vendor/laravel/framework/src/Illuminate/Queue/Jobs/Job.php(102): Illuminate\\Queue\\CallQueuedHandler->call()\n#27 /var/www/church-qrcode-code/vendor/laravel/framework/src/Illuminate/Queue/Worker.php(451): Illuminate\\Queue\\Jobs\\Job->fire()\n#28 /var/www/church-qrcode-code/vendor/laravel/framework/src/Illuminate/Queue/Worker.php(401): Illuminate\\Queue\\Worker->process()\n#29 /var/www/church-qrcode-code/vendor/laravel/framework/src/Illuminate/Queue/Worker.php(187): Illuminate\\Queue\\Worker->runJob()\n#30 /var/www/church-qrcode-code/vendor/laravel/framework/src/Illuminate/Queue/Console/WorkCommand.php(148): Illuminate\\Queue\\Worker->daemon()\n#31 /var/www/church-qrcode-code/vendor/laravel/framework/src/Illuminate/Queue/Console/WorkCommand.php(131): Illuminate\\Queue\\Console\\WorkCommand->runWorker()\n#32 /var/www/church-qrcode-code/vendor/laravel/framework/src/Illuminate/Container/BoundMethod.php(36): Illuminate\\Queue\\Console\\WorkCommand->handle()\n#33 /var/www/church-qrcode-code/vendor/laravel/framework/src/Illuminate/Container/Util.php(43): Illuminate\\Container\\BoundMethod::Illuminate\\Container\\{closure}()\n#34 /var/www/church-qrcode-code/vendor/laravel/framework/src/Illuminate/Container/BoundMethod.php(96): Illuminate\\Container\\Util::unwrapIfClosure()\n#35 /var/www/church-qrcode-code/vendor/laravel/framework/src/Illuminate/Container/BoundMethod.php(35): Illuminate\\Container\\BoundMethod::callBoundMethod()\n#36 /var/www/church-qrcode-code/vendor/laravel/framework/src/Illuminate/Container/Container.php(836): Illuminate\\Container\\BoundMethod::call()\n#37 /var/www/church-qrcode-code/vendor/laravel/framework/src/Illuminate/Console/Command.php(211): Illuminate\\Container\\Container->call()\n#38 /var/www/church-qrcode-code/vendor/symfony/console/Command/Command.php(318): Illuminate\\Console\\Command->execute()\n#39 /var/www/church-qrcode-code/vendor/laravel/framework/src/Illuminate/Console/Command.php(180): Symfony\\Component\\Console\\Command\\Command->run()\n#40 /var/www/church-qrcode-code/vendor/symfony/console/Application.php(1110): Illuminate\\Console\\Command->run()\n#41 /var/www/church-qrcode-code/vendor/symfony/console/Application.php(359): Symfony\\Component\\Console\\Application->doRunCommand()\n#42 /var/www/church-qrcode-code/vendor/symfony/console/Application.php(194): Symfony\\Component\\Console\\Application->doRun()\n#43 /var/www/church-qrcode-code/vendor/laravel/framework/src/Illuminate/Foundation/Console/Kernel.php(197): Symfony\\Component\\Console\\Application->run()\n#44 /var/www/church-qrcode-code/vendor/laravel/framework/src/Illuminate/Foundation/Application.php(1235): Illuminate\\Foundation\\Console\\Kernel->handle()\n#45 /var/www/church-qrcode-code/artisan(16): Illuminate\\Foundation\\Application->handleCommand()\n#46 {main}','2025-11-07 10:36:17'),(4,'eef7106b-020a-4ead-b3b8-55d3578c5b43','database','default','{\"uuid\":\"eef7106b-020a-4ead-b3b8-55d3578c5b43\",\"displayName\":\"App\\\\Jobs\\\\SendPartnerEmail\",\"job\":\"Illuminate\\\\Queue\\\\CallQueuedHandler@call\",\"maxTries\":3,\"maxExceptions\":null,\"failOnTimeout\":false,\"backoff\":\"60,300,600\",\"timeout\":120,\"retryUntil\":null,\"data\":{\"commandName\":\"App\\\\Jobs\\\\SendPartnerEmail\",\"command\":\"O:25:\\\"App\\\\Jobs\\\\SendPartnerEmail\\\":1:{s:9:\\\"partnerId\\\";i:1054;}\"},\"createdAt\":1762511105,\"delay\":null}','Symfony\\Component\\Mime\\Exception\\RfcComplianceException: Email \"ovrere@gmail.com;\" does not comply with addr-spec of RFC 2822. in /var/www/church-qrcode-code/vendor/symfony/mime/Address.php:54\nStack trace:\n#0 /var/www/church-qrcode-code/vendor/laravel/framework/src/Illuminate/Mail/Message.php(246): Symfony\\Component\\Mime\\Address->__construct()\n#1 /var/www/church-qrcode-code/vendor/laravel/framework/src/Illuminate/Mail/Message.php(110): Illuminate\\Mail\\Message->addAddresses()\n#2 /var/www/church-qrcode-code/vendor/laravel/framework/src/Illuminate/Mail/Mailable.php(454): Illuminate\\Mail\\Message->to()\n#3 /var/www/church-qrcode-code/vendor/laravel/framework/src/Illuminate/Mail/Mailable.php(209): Illuminate\\Mail\\Mailable->buildRecipients()\n#4 /var/www/church-qrcode-code/vendor/laravel/framework/src/Illuminate/Mail/Mailer.php(315): Illuminate\\Mail\\Mailable->Illuminate\\Mail\\{closure}()\n#5 /var/www/church-qrcode-code/vendor/laravel/framework/src/Illuminate/Mail/Mailable.php(207): Illuminate\\Mail\\Mailer->send()\n#6 /var/www/church-qrcode-code/vendor/laravel/framework/src/Illuminate/Support/Traits/Localizable.php(19): Illuminate\\Mail\\Mailable->Illuminate\\Mail\\{closure}()\n#7 /var/www/church-qrcode-code/vendor/laravel/framework/src/Illuminate/Mail/Mailable.php(200): Illuminate\\Mail\\Mailable->withLocale()\n#8 /var/www/church-qrcode-code/vendor/laravel/framework/src/Illuminate/Mail/Mailer.php(353): Illuminate\\Mail\\Mailable->send()\n#9 /var/www/church-qrcode-code/vendor/laravel/framework/src/Illuminate/Mail/Mailer.php(300): Illuminate\\Mail\\Mailer->sendMailable()\n#10 /var/www/church-qrcode-code/vendor/laravel/framework/src/Illuminate/Mail/PendingMail.php(123): Illuminate\\Mail\\Mailer->send()\n#11 /var/www/church-qrcode-code/app/Jobs/SendPartnerEmail.php(55): Illuminate\\Mail\\PendingMail->send()\n#12 /var/www/church-qrcode-code/vendor/laravel/framework/src/Illuminate/Container/BoundMethod.php(36): App\\Jobs\\SendPartnerEmail->handle()\n#13 /var/www/church-qrcode-code/vendor/laravel/framework/src/Illuminate/Container/Util.php(43): Illuminate\\Container\\BoundMethod::Illuminate\\Container\\{closure}()\n#14 /var/www/church-qrcode-code/vendor/laravel/framework/src/Illuminate/Container/BoundMethod.php(96): Illuminate\\Container\\Util::unwrapIfClosure()\n#15 /var/www/church-qrcode-code/vendor/laravel/framework/src/Illuminate/Container/BoundMethod.php(35): Illuminate\\Container\\BoundMethod::callBoundMethod()\n#16 /var/www/church-qrcode-code/vendor/laravel/framework/src/Illuminate/Container/Container.php(836): Illuminate\\Container\\BoundMethod::call()\n#17 /var/www/church-qrcode-code/vendor/laravel/framework/src/Illuminate/Bus/Dispatcher.php(129): Illuminate\\Container\\Container->call()\n#18 /var/www/church-qrcode-code/vendor/laravel/framework/src/Illuminate/Pipeline/Pipeline.php(180): Illuminate\\Bus\\Dispatcher->Illuminate\\Bus\\{closure}()\n#19 /var/www/church-qrcode-code/vendor/laravel/framework/src/Illuminate/Pipeline/Pipeline.php(137): Illuminate\\Pipeline\\Pipeline->Illuminate\\Pipeline\\{closure}()\n#20 /var/www/church-qrcode-code/vendor/laravel/framework/src/Illuminate/Bus/Dispatcher.php(133): Illuminate\\Pipeline\\Pipeline->then()\n#21 /var/www/church-qrcode-code/vendor/laravel/framework/src/Illuminate/Queue/CallQueuedHandler.php(134): Illuminate\\Bus\\Dispatcher->dispatchNow()\n#22 /var/www/church-qrcode-code/vendor/laravel/framework/src/Illuminate/Pipeline/Pipeline.php(180): Illuminate\\Queue\\CallQueuedHandler->Illuminate\\Queue\\{closure}()\n#23 /var/www/church-qrcode-code/vendor/laravel/framework/src/Illuminate/Pipeline/Pipeline.php(137): Illuminate\\Pipeline\\Pipeline->Illuminate\\Pipeline\\{closure}()\n#24 /var/www/church-qrcode-code/vendor/laravel/framework/src/Illuminate/Queue/CallQueuedHandler.php(127): Illuminate\\Pipeline\\Pipeline->then()\n#25 /var/www/church-qrcode-code/vendor/laravel/framework/src/Illuminate/Queue/CallQueuedHandler.php(68): Illuminate\\Queue\\CallQueuedHandler->dispatchThroughMiddleware()\n#26 /var/www/church-qrcode-code/vendor/laravel/framework/src/Illuminate/Queue/Jobs/Job.php(102): Illuminate\\Queue\\CallQueuedHandler->call()\n#27 /var/www/church-qrcode-code/vendor/laravel/framework/src/Illuminate/Queue/Worker.php(451): Illuminate\\Queue\\Jobs\\Job->fire()\n#28 /var/www/church-qrcode-code/vendor/laravel/framework/src/Illuminate/Queue/Worker.php(401): Illuminate\\Queue\\Worker->process()\n#29 /var/www/church-qrcode-code/vendor/laravel/framework/src/Illuminate/Queue/Worker.php(187): Illuminate\\Queue\\Worker->runJob()\n#30 /var/www/church-qrcode-code/vendor/laravel/framework/src/Illuminate/Queue/Console/WorkCommand.php(148): Illuminate\\Queue\\Worker->daemon()\n#31 /var/www/church-qrcode-code/vendor/laravel/framework/src/Illuminate/Queue/Console/WorkCommand.php(131): Illuminate\\Queue\\Console\\WorkCommand->runWorker()\n#32 /var/www/church-qrcode-code/vendor/laravel/framework/src/Illuminate/Container/BoundMethod.php(36): Illuminate\\Queue\\Console\\WorkCommand->handle()\n#33 /var/www/church-qrcode-code/vendor/laravel/framework/src/Illuminate/Container/Util.php(43): Illuminate\\Container\\BoundMethod::Illuminate\\Container\\{closure}()\n#34 /var/www/church-qrcode-code/vendor/laravel/framework/src/Illuminate/Container/BoundMethod.php(96): Illuminate\\Container\\Util::unwrapIfClosure()\n#35 /var/www/church-qrcode-code/vendor/laravel/framework/src/Illuminate/Container/BoundMethod.php(35): Illuminate\\Container\\BoundMethod::callBoundMethod()\n#36 /var/www/church-qrcode-code/vendor/laravel/framework/src/Illuminate/Container/Container.php(836): Illuminate\\Container\\BoundMethod::call()\n#37 /var/www/church-qrcode-code/vendor/laravel/framework/src/Illuminate/Console/Command.php(211): Illuminate\\Container\\Container->call()\n#38 /var/www/church-qrcode-code/vendor/symfony/console/Command/Command.php(318): Illuminate\\Console\\Command->execute()\n#39 /var/www/church-qrcode-code/vendor/laravel/framework/src/Illuminate/Console/Command.php(180): Symfony\\Component\\Console\\Command\\Command->run()\n#40 /var/www/church-qrcode-code/vendor/symfony/console/Application.php(1110): Illuminate\\Console\\Command->run()\n#41 /var/www/church-qrcode-code/vendor/symfony/console/Application.php(359): Symfony\\Component\\Console\\Application->doRunCommand()\n#42 /var/www/church-qrcode-code/vendor/symfony/console/Application.php(194): Symfony\\Component\\Console\\Application->doRun()\n#43 /var/www/church-qrcode-code/vendor/laravel/framework/src/Illuminate/Foundation/Console/Kernel.php(197): Symfony\\Component\\Console\\Application->run()\n#44 /var/www/church-qrcode-code/vendor/laravel/framework/src/Illuminate/Foundation/Application.php(1235): Illuminate\\Foundation\\Console\\Kernel->handle()\n#45 /var/www/church-qrcode-code/artisan(16): Illuminate\\Foundation\\Application->handleCommand()\n#46 {main}','2025-11-07 10:36:17'),(5,'5d5cea25-13ef-4f2f-9238-066b8af2fd39','database','default','{\"uuid\":\"5d5cea25-13ef-4f2f-9238-066b8af2fd39\",\"displayName\":\"App\\\\Jobs\\\\SendPartnerEmail\",\"job\":\"Illuminate\\\\Queue\\\\CallQueuedHandler@call\",\"maxTries\":3,\"maxExceptions\":null,\"failOnTimeout\":false,\"backoff\":\"60,300,600\",\"timeout\":120,\"retryUntil\":null,\"data\":{\"commandName\":\"App\\\\Jobs\\\\SendPartnerEmail\",\"command\":\"O:25:\\\"App\\\\Jobs\\\\SendPartnerEmail\\\":1:{s:9:\\\"partnerId\\\";i:1060;}\"},\"createdAt\":1762511105,\"delay\":null}','Symfony\\Component\\Mime\\Exception\\RfcComplianceException: Email \"youthrefined@yahoo.co.uk, eunicezoe@yahoo.com\" does not comply with addr-spec of RFC 2822. in /var/www/church-qrcode-code/vendor/symfony/mime/Address.php:54\nStack trace:\n#0 /var/www/church-qrcode-code/vendor/laravel/framework/src/Illuminate/Mail/Message.php(246): Symfony\\Component\\Mime\\Address->__construct()\n#1 /var/www/church-qrcode-code/vendor/laravel/framework/src/Illuminate/Mail/Message.php(110): Illuminate\\Mail\\Message->addAddresses()\n#2 /var/www/church-qrcode-code/vendor/laravel/framework/src/Illuminate/Mail/Mailable.php(454): Illuminate\\Mail\\Message->to()\n#3 /var/www/church-qrcode-code/vendor/laravel/framework/src/Illuminate/Mail/Mailable.php(209): Illuminate\\Mail\\Mailable->buildRecipients()\n#4 /var/www/church-qrcode-code/vendor/laravel/framework/src/Illuminate/Mail/Mailer.php(315): Illuminate\\Mail\\Mailable->Illuminate\\Mail\\{closure}()\n#5 /var/www/church-qrcode-code/vendor/laravel/framework/src/Illuminate/Mail/Mailable.php(207): Illuminate\\Mail\\Mailer->send()\n#6 /var/www/church-qrcode-code/vendor/laravel/framework/src/Illuminate/Support/Traits/Localizable.php(19): Illuminate\\Mail\\Mailable->Illuminate\\Mail\\{closure}()\n#7 /var/www/church-qrcode-code/vendor/laravel/framework/src/Illuminate/Mail/Mailable.php(200): Illuminate\\Mail\\Mailable->withLocale()\n#8 /var/www/church-qrcode-code/vendor/laravel/framework/src/Illuminate/Mail/Mailer.php(353): Illuminate\\Mail\\Mailable->send()\n#9 /var/www/church-qrcode-code/vendor/laravel/framework/src/Illuminate/Mail/Mailer.php(300): Illuminate\\Mail\\Mailer->sendMailable()\n#10 /var/www/church-qrcode-code/vendor/laravel/framework/src/Illuminate/Mail/PendingMail.php(123): Illuminate\\Mail\\Mailer->send()\n#11 /var/www/church-qrcode-code/app/Jobs/SendPartnerEmail.php(55): Illuminate\\Mail\\PendingMail->send()\n#12 /var/www/church-qrcode-code/vendor/laravel/framework/src/Illuminate/Container/BoundMethod.php(36): App\\Jobs\\SendPartnerEmail->handle()\n#13 /var/www/church-qrcode-code/vendor/laravel/framework/src/Illuminate/Container/Util.php(43): Illuminate\\Container\\BoundMethod::Illuminate\\Container\\{closure}()\n#14 /var/www/church-qrcode-code/vendor/laravel/framework/src/Illuminate/Container/BoundMethod.php(96): Illuminate\\Container\\Util::unwrapIfClosure()\n#15 /var/www/church-qrcode-code/vendor/laravel/framework/src/Illuminate/Container/BoundMethod.php(35): Illuminate\\Container\\BoundMethod::callBoundMethod()\n#16 /var/www/church-qrcode-code/vendor/laravel/framework/src/Illuminate/Container/Container.php(836): Illuminate\\Container\\BoundMethod::call()\n#17 /var/www/church-qrcode-code/vendor/laravel/framework/src/Illuminate/Bus/Dispatcher.php(129): Illuminate\\Container\\Container->call()\n#18 /var/www/church-qrcode-code/vendor/laravel/framework/src/Illuminate/Pipeline/Pipeline.php(180): Illuminate\\Bus\\Dispatcher->Illuminate\\Bus\\{closure}()\n#19 /var/www/church-qrcode-code/vendor/laravel/framework/src/Illuminate/Pipeline/Pipeline.php(137): Illuminate\\Pipeline\\Pipeline->Illuminate\\Pipeline\\{closure}()\n#20 /var/www/church-qrcode-code/vendor/laravel/framework/src/Illuminate/Bus/Dispatcher.php(133): Illuminate\\Pipeline\\Pipeline->then()\n#21 /var/www/church-qrcode-code/vendor/laravel/framework/src/Illuminate/Queue/CallQueuedHandler.php(134): Illuminate\\Bus\\Dispatcher->dispatchNow()\n#22 /var/www/church-qrcode-code/vendor/laravel/framework/src/Illuminate/Pipeline/Pipeline.php(180): Illuminate\\Queue\\CallQueuedHandler->Illuminate\\Queue\\{closure}()\n#23 /var/www/church-qrcode-code/vendor/laravel/framework/src/Illuminate/Pipeline/Pipeline.php(137): Illuminate\\Pipeline\\Pipeline->Illuminate\\Pipeline\\{closure}()\n#24 /var/www/church-qrcode-code/vendor/laravel/framework/src/Illuminate/Queue/CallQueuedHandler.php(127): Illuminate\\Pipeline\\Pipeline->then()\n#25 /var/www/church-qrcode-code/vendor/laravel/framework/src/Illuminate/Queue/CallQueuedHandler.php(68): Illuminate\\Queue\\CallQueuedHandler->dispatchThroughMiddleware()\n#26 /var/www/church-qrcode-code/vendor/laravel/framework/src/Illuminate/Queue/Jobs/Job.php(102): Illuminate\\Queue\\CallQueuedHandler->call()\n#27 /var/www/church-qrcode-code/vendor/laravel/framework/src/Illuminate/Queue/Worker.php(451): Illuminate\\Queue\\Jobs\\Job->fire()\n#28 /var/www/church-qrcode-code/vendor/laravel/framework/src/Illuminate/Queue/Worker.php(401): Illuminate\\Queue\\Worker->process()\n#29 /var/www/church-qrcode-code/vendor/laravel/framework/src/Illuminate/Queue/Worker.php(187): Illuminate\\Queue\\Worker->runJob()\n#30 /var/www/church-qrcode-code/vendor/laravel/framework/src/Illuminate/Queue/Console/WorkCommand.php(148): Illuminate\\Queue\\Worker->daemon()\n#31 /var/www/church-qrcode-code/vendor/laravel/framework/src/Illuminate/Queue/Console/WorkCommand.php(131): Illuminate\\Queue\\Console\\WorkCommand->runWorker()\n#32 /var/www/church-qrcode-code/vendor/laravel/framework/src/Illuminate/Container/BoundMethod.php(36): Illuminate\\Queue\\Console\\WorkCommand->handle()\n#33 /var/www/church-qrcode-code/vendor/laravel/framework/src/Illuminate/Container/Util.php(43): Illuminate\\Container\\BoundMethod::Illuminate\\Container\\{closure}()\n#34 /var/www/church-qrcode-code/vendor/laravel/framework/src/Illuminate/Container/BoundMethod.php(96): Illuminate\\Container\\Util::unwrapIfClosure()\n#35 /var/www/church-qrcode-code/vendor/laravel/framework/src/Illuminate/Container/BoundMethod.php(35): Illuminate\\Container\\BoundMethod::callBoundMethod()\n#36 /var/www/church-qrcode-code/vendor/laravel/framework/src/Illuminate/Container/Container.php(836): Illuminate\\Container\\BoundMethod::call()\n#37 /var/www/church-qrcode-code/vendor/laravel/framework/src/Illuminate/Console/Command.php(211): Illuminate\\Container\\Container->call()\n#38 /var/www/church-qrcode-code/vendor/symfony/console/Command/Command.php(318): Illuminate\\Console\\Command->execute()\n#39 /var/www/church-qrcode-code/vendor/laravel/framework/src/Illuminate/Console/Command.php(180): Symfony\\Component\\Console\\Command\\Command->run()\n#40 /var/www/church-qrcode-code/vendor/symfony/console/Application.php(1110): Illuminate\\Console\\Command->run()\n#41 /var/www/church-qrcode-code/vendor/symfony/console/Application.php(359): Symfony\\Component\\Console\\Application->doRunCommand()\n#42 /var/www/church-qrcode-code/vendor/symfony/console/Application.php(194): Symfony\\Component\\Console\\Application->doRun()\n#43 /var/www/church-qrcode-code/vendor/laravel/framework/src/Illuminate/Foundation/Console/Kernel.php(197): Symfony\\Component\\Console\\Application->run()\n#44 /var/www/church-qrcode-code/vendor/laravel/framework/src/Illuminate/Foundation/Application.php(1235): Illuminate\\Foundation\\Console\\Kernel->handle()\n#45 /var/www/church-qrcode-code/artisan(16): Illuminate\\Foundation\\Application->handleCommand()\n#46 {main}','2025-11-07 10:36:17'),(6,'8cd095a8-bc34-4f33-8425-28febe46763e','database','default','{\"uuid\":\"8cd095a8-bc34-4f33-8425-28febe46763e\",\"displayName\":\"App\\\\Jobs\\\\SendPartnerEmail\",\"job\":\"Illuminate\\\\Queue\\\\CallQueuedHandler@call\",\"maxTries\":3,\"maxExceptions\":null,\"failOnTimeout\":false,\"backoff\":\"60,300,600\",\"timeout\":120,\"retryUntil\":null,\"data\":{\"commandName\":\"App\\\\Jobs\\\\SendPartnerEmail\",\"command\":\"O:25:\\\"App\\\\Jobs\\\\SendPartnerEmail\\\":1:{s:9:\\\"partnerId\\\";i:1180;}\"},\"createdAt\":1762511107,\"delay\":null}','Symfony\\Component\\Mime\\Exception\\RfcComplianceException: Email \"rdmusarurwa@yahoo/com\" does not comply with addr-spec of RFC 2822. in /var/www/church-qrcode-code/vendor/symfony/mime/Address.php:54\nStack trace:\n#0 /var/www/church-qrcode-code/vendor/laravel/framework/src/Illuminate/Mail/Message.php(246): Symfony\\Component\\Mime\\Address->__construct()\n#1 /var/www/church-qrcode-code/vendor/laravel/framework/src/Illuminate/Mail/Message.php(110): Illuminate\\Mail\\Message->addAddresses()\n#2 /var/www/church-qrcode-code/vendor/laravel/framework/src/Illuminate/Mail/Mailable.php(454): Illuminate\\Mail\\Message->to()\n#3 /var/www/church-qrcode-code/vendor/laravel/framework/src/Illuminate/Mail/Mailable.php(209): Illuminate\\Mail\\Mailable->buildRecipients()\n#4 /var/www/church-qrcode-code/vendor/laravel/framework/src/Illuminate/Mail/Mailer.php(315): Illuminate\\Mail\\Mailable->Illuminate\\Mail\\{closure}()\n#5 /var/www/church-qrcode-code/vendor/laravel/framework/src/Illuminate/Mail/Mailable.php(207): Illuminate\\Mail\\Mailer->send()\n#6 /var/www/church-qrcode-code/vendor/laravel/framework/src/Illuminate/Support/Traits/Localizable.php(19): Illuminate\\Mail\\Mailable->Illuminate\\Mail\\{closure}()\n#7 /var/www/church-qrcode-code/vendor/laravel/framework/src/Illuminate/Mail/Mailable.php(200): Illuminate\\Mail\\Mailable->withLocale()\n#8 /var/www/church-qrcode-code/vendor/laravel/framework/src/Illuminate/Mail/Mailer.php(353): Illuminate\\Mail\\Mailable->send()\n#9 /var/www/church-qrcode-code/vendor/laravel/framework/src/Illuminate/Mail/Mailer.php(300): Illuminate\\Mail\\Mailer->sendMailable()\n#10 /var/www/church-qrcode-code/vendor/laravel/framework/src/Illuminate/Mail/PendingMail.php(123): Illuminate\\Mail\\Mailer->send()\n#11 /var/www/church-qrcode-code/app/Jobs/SendPartnerEmail.php(55): Illuminate\\Mail\\PendingMail->send()\n#12 /var/www/church-qrcode-code/vendor/laravel/framework/src/Illuminate/Container/BoundMethod.php(36): App\\Jobs\\SendPartnerEmail->handle()\n#13 /var/www/church-qrcode-code/vendor/laravel/framework/src/Illuminate/Container/Util.php(43): Illuminate\\Container\\BoundMethod::Illuminate\\Container\\{closure}()\n#14 /var/www/church-qrcode-code/vendor/laravel/framework/src/Illuminate/Container/BoundMethod.php(96): Illuminate\\Container\\Util::unwrapIfClosure()\n#15 /var/www/church-qrcode-code/vendor/laravel/framework/src/Illuminate/Container/BoundMethod.php(35): Illuminate\\Container\\BoundMethod::callBoundMethod()\n#16 /var/www/church-qrcode-code/vendor/laravel/framework/src/Illuminate/Container/Container.php(836): Illuminate\\Container\\BoundMethod::call()\n#17 /var/www/church-qrcode-code/vendor/laravel/framework/src/Illuminate/Bus/Dispatcher.php(129): Illuminate\\Container\\Container->call()\n#18 /var/www/church-qrcode-code/vendor/laravel/framework/src/Illuminate/Pipeline/Pipeline.php(180): Illuminate\\Bus\\Dispatcher->Illuminate\\Bus\\{closure}()\n#19 /var/www/church-qrcode-code/vendor/laravel/framework/src/Illuminate/Pipeline/Pipeline.php(137): Illuminate\\Pipeline\\Pipeline->Illuminate\\Pipeline\\{closure}()\n#20 /var/www/church-qrcode-code/vendor/laravel/framework/src/Illuminate/Bus/Dispatcher.php(133): Illuminate\\Pipeline\\Pipeline->then()\n#21 /var/www/church-qrcode-code/vendor/laravel/framework/src/Illuminate/Queue/CallQueuedHandler.php(134): Illuminate\\Bus\\Dispatcher->dispatchNow()\n#22 /var/www/church-qrcode-code/vendor/laravel/framework/src/Illuminate/Pipeline/Pipeline.php(180): Illuminate\\Queue\\CallQueuedHandler->Illuminate\\Queue\\{closure}()\n#23 /var/www/church-qrcode-code/vendor/laravel/framework/src/Illuminate/Pipeline/Pipeline.php(137): Illuminate\\Pipeline\\Pipeline->Illuminate\\Pipeline\\{closure}()\n#24 /var/www/church-qrcode-code/vendor/laravel/framework/src/Illuminate/Queue/CallQueuedHandler.php(127): Illuminate\\Pipeline\\Pipeline->then()\n#25 /var/www/church-qrcode-code/vendor/laravel/framework/src/Illuminate/Queue/CallQueuedHandler.php(68): Illuminate\\Queue\\CallQueuedHandler->dispatchThroughMiddleware()\n#26 /var/www/church-qrcode-code/vendor/laravel/framework/src/Illuminate/Queue/Jobs/Job.php(102): Illuminate\\Queue\\CallQueuedHandler->call()\n#27 /var/www/church-qrcode-code/vendor/laravel/framework/src/Illuminate/Queue/Worker.php(451): Illuminate\\Queue\\Jobs\\Job->fire()\n#28 /var/www/church-qrcode-code/vendor/laravel/framework/src/Illuminate/Queue/Worker.php(401): Illuminate\\Queue\\Worker->process()\n#29 /var/www/church-qrcode-code/vendor/laravel/framework/src/Illuminate/Queue/Worker.php(187): Illuminate\\Queue\\Worker->runJob()\n#30 /var/www/church-qrcode-code/vendor/laravel/framework/src/Illuminate/Queue/Console/WorkCommand.php(148): Illuminate\\Queue\\Worker->daemon()\n#31 /var/www/church-qrcode-code/vendor/laravel/framework/src/Illuminate/Queue/Console/WorkCommand.php(131): Illuminate\\Queue\\Console\\WorkCommand->runWorker()\n#32 /var/www/church-qrcode-code/vendor/laravel/framework/src/Illuminate/Container/BoundMethod.php(36): Illuminate\\Queue\\Console\\WorkCommand->handle()\n#33 /var/www/church-qrcode-code/vendor/laravel/framework/src/Illuminate/Container/Util.php(43): Illuminate\\Container\\BoundMethod::Illuminate\\Container\\{closure}()\n#34 /var/www/church-qrcode-code/vendor/laravel/framework/src/Illuminate/Container/BoundMethod.php(96): Illuminate\\Container\\Util::unwrapIfClosure()\n#35 /var/www/church-qrcode-code/vendor/laravel/framework/src/Illuminate/Container/BoundMethod.php(35): Illuminate\\Container\\BoundMethod::callBoundMethod()\n#36 /var/www/church-qrcode-code/vendor/laravel/framework/src/Illuminate/Container/Container.php(836): Illuminate\\Container\\BoundMethod::call()\n#37 /var/www/church-qrcode-code/vendor/laravel/framework/src/Illuminate/Console/Command.php(211): Illuminate\\Container\\Container->call()\n#38 /var/www/church-qrcode-code/vendor/symfony/console/Command/Command.php(318): Illuminate\\Console\\Command->execute()\n#39 /var/www/church-qrcode-code/vendor/laravel/framework/src/Illuminate/Console/Command.php(180): Symfony\\Component\\Console\\Command\\Command->run()\n#40 /var/www/church-qrcode-code/vendor/symfony/console/Application.php(1110): Illuminate\\Console\\Command->run()\n#41 /var/www/church-qrcode-code/vendor/symfony/console/Application.php(359): Symfony\\Component\\Console\\Application->doRunCommand()\n#42 /var/www/church-qrcode-code/vendor/symfony/console/Application.php(194): Symfony\\Component\\Console\\Application->doRun()\n#43 /var/www/church-qrcode-code/vendor/laravel/framework/src/Illuminate/Foundation/Console/Kernel.php(197): Symfony\\Component\\Console\\Application->run()\n#44 /var/www/church-qrcode-code/vendor/laravel/framework/src/Illuminate/Foundation/Application.php(1235): Illuminate\\Foundation\\Console\\Kernel->handle()\n#45 /var/www/church-qrcode-code/artisan(16): Illuminate\\Foundation\\Application->handleCommand()\n#46 {main}','2025-11-07 10:36:17'),(7,'38b5e7d7-3429-4bad-888e-d1ea7a0a408e','database','default','{\"uuid\":\"38b5e7d7-3429-4bad-888e-d1ea7a0a408e\",\"displayName\":\"App\\\\Jobs\\\\SendPartnerEmail\",\"job\":\"Illuminate\\\\Queue\\\\CallQueuedHandler@call\",\"maxTries\":3,\"maxExceptions\":null,\"failOnTimeout\":false,\"backoff\":\"60,300,600\",\"timeout\":120,\"retryUntil\":null,\"data\":{\"commandName\":\"App\\\\Jobs\\\\SendPartnerEmail\",\"command\":\"O:25:\\\"App\\\\Jobs\\\\SendPartnerEmail\\\":1:{s:9:\\\"partnerId\\\";i:1216;}\"},\"createdAt\":1762511107,\"delay\":null}','Symfony\\Component\\Mime\\Exception\\RfcComplianceException: Email \"egohvictor@yahoo.co.uk;\" does not comply with addr-spec of RFC 2822. in /var/www/church-qrcode-code/vendor/symfony/mime/Address.php:54\nStack trace:\n#0 /var/www/church-qrcode-code/vendor/laravel/framework/src/Illuminate/Mail/Message.php(246): Symfony\\Component\\Mime\\Address->__construct()\n#1 /var/www/church-qrcode-code/vendor/laravel/framework/src/Illuminate/Mail/Message.php(110): Illuminate\\Mail\\Message->addAddresses()\n#2 /var/www/church-qrcode-code/vendor/laravel/framework/src/Illuminate/Mail/Mailable.php(454): Illuminate\\Mail\\Message->to()\n#3 /var/www/church-qrcode-code/vendor/laravel/framework/src/Illuminate/Mail/Mailable.php(209): Illuminate\\Mail\\Mailable->buildRecipients()\n#4 /var/www/church-qrcode-code/vendor/laravel/framework/src/Illuminate/Mail/Mailer.php(315): Illuminate\\Mail\\Mailable->Illuminate\\Mail\\{closure}()\n#5 /var/www/church-qrcode-code/vendor/laravel/framework/src/Illuminate/Mail/Mailable.php(207): Illuminate\\Mail\\Mailer->send()\n#6 /var/www/church-qrcode-code/vendor/laravel/framework/src/Illuminate/Support/Traits/Localizable.php(19): Illuminate\\Mail\\Mailable->Illuminate\\Mail\\{closure}()\n#7 /var/www/church-qrcode-code/vendor/laravel/framework/src/Illuminate/Mail/Mailable.php(200): Illuminate\\Mail\\Mailable->withLocale()\n#8 /var/www/church-qrcode-code/vendor/laravel/framework/src/Illuminate/Mail/Mailer.php(353): Illuminate\\Mail\\Mailable->send()\n#9 /var/www/church-qrcode-code/vendor/laravel/framework/src/Illuminate/Mail/Mailer.php(300): Illuminate\\Mail\\Mailer->sendMailable()\n#10 /var/www/church-qrcode-code/vendor/laravel/framework/src/Illuminate/Mail/PendingMail.php(123): Illuminate\\Mail\\Mailer->send()\n#11 /var/www/church-qrcode-code/app/Jobs/SendPartnerEmail.php(55): Illuminate\\Mail\\PendingMail->send()\n#12 /var/www/church-qrcode-code/vendor/laravel/framework/src/Illuminate/Container/BoundMethod.php(36): App\\Jobs\\SendPartnerEmail->handle()\n#13 /var/www/church-qrcode-code/vendor/laravel/framework/src/Illuminate/Container/Util.php(43): Illuminate\\Container\\BoundMethod::Illuminate\\Container\\{closure}()\n#14 /var/www/church-qrcode-code/vendor/laravel/framework/src/Illuminate/Container/BoundMethod.php(96): Illuminate\\Container\\Util::unwrapIfClosure()\n#15 /var/www/church-qrcode-code/vendor/laravel/framework/src/Illuminate/Container/BoundMethod.php(35): Illuminate\\Container\\BoundMethod::callBoundMethod()\n#16 /var/www/church-qrcode-code/vendor/laravel/framework/src/Illuminate/Container/Container.php(836): Illuminate\\Container\\BoundMethod::call()\n#17 /var/www/church-qrcode-code/vendor/laravel/framework/src/Illuminate/Bus/Dispatcher.php(129): Illuminate\\Container\\Container->call()\n#18 /var/www/church-qrcode-code/vendor/laravel/framework/src/Illuminate/Pipeline/Pipeline.php(180): Illuminate\\Bus\\Dispatcher->Illuminate\\Bus\\{closure}()\n#19 /var/www/church-qrcode-code/vendor/laravel/framework/src/Illuminate/Pipeline/Pipeline.php(137): Illuminate\\Pipeline\\Pipeline->Illuminate\\Pipeline\\{closure}()\n#20 /var/www/church-qrcode-code/vendor/laravel/framework/src/Illuminate/Bus/Dispatcher.php(133): Illuminate\\Pipeline\\Pipeline->then()\n#21 /var/www/church-qrcode-code/vendor/laravel/framework/src/Illuminate/Queue/CallQueuedHandler.php(134): Illuminate\\Bus\\Dispatcher->dispatchNow()\n#22 /var/www/church-qrcode-code/vendor/laravel/framework/src/Illuminate/Pipeline/Pipeline.php(180): Illuminate\\Queue\\CallQueuedHandler->Illuminate\\Queue\\{closure}()\n#23 /var/www/church-qrcode-code/vendor/laravel/framework/src/Illuminate/Pipeline/Pipeline.php(137): Illuminate\\Pipeline\\Pipeline->Illuminate\\Pipeline\\{closure}()\n#24 /var/www/church-qrcode-code/vendor/laravel/framework/src/Illuminate/Queue/CallQueuedHandler.php(127): Illuminate\\Pipeline\\Pipeline->then()\n#25 /var/www/church-qrcode-code/vendor/laravel/framework/src/Illuminate/Queue/CallQueuedHandler.php(68): Illuminate\\Queue\\CallQueuedHandler->dispatchThroughMiddleware()\n#26 /var/www/church-qrcode-code/vendor/laravel/framework/src/Illuminate/Queue/Jobs/Job.php(102): Illuminate\\Queue\\CallQueuedHandler->call()\n#27 /var/www/church-qrcode-code/vendor/laravel/framework/src/Illuminate/Queue/Worker.php(451): Illuminate\\Queue\\Jobs\\Job->fire()\n#28 /var/www/church-qrcode-code/vendor/laravel/framework/src/Illuminate/Queue/Worker.php(401): Illuminate\\Queue\\Worker->process()\n#29 /var/www/church-qrcode-code/vendor/laravel/framework/src/Illuminate/Queue/Worker.php(187): Illuminate\\Queue\\Worker->runJob()\n#30 /var/www/church-qrcode-code/vendor/laravel/framework/src/Illuminate/Queue/Console/WorkCommand.php(148): Illuminate\\Queue\\Worker->daemon()\n#31 /var/www/church-qrcode-code/vendor/laravel/framework/src/Illuminate/Queue/Console/WorkCommand.php(131): Illuminate\\Queue\\Console\\WorkCommand->runWorker()\n#32 /var/www/church-qrcode-code/vendor/laravel/framework/src/Illuminate/Container/BoundMethod.php(36): Illuminate\\Queue\\Console\\WorkCommand->handle()\n#33 /var/www/church-qrcode-code/vendor/laravel/framework/src/Illuminate/Container/Util.php(43): Illuminate\\Container\\BoundMethod::Illuminate\\Container\\{closure}()\n#34 /var/www/church-qrcode-code/vendor/laravel/framework/src/Illuminate/Container/BoundMethod.php(96): Illuminate\\Container\\Util::unwrapIfClosure()\n#35 /var/www/church-qrcode-code/vendor/laravel/framework/src/Illuminate/Container/BoundMethod.php(35): Illuminate\\Container\\BoundMethod::callBoundMethod()\n#36 /var/www/church-qrcode-code/vendor/laravel/framework/src/Illuminate/Container/Container.php(836): Illuminate\\Container\\BoundMethod::call()\n#37 /var/www/church-qrcode-code/vendor/laravel/framework/src/Illuminate/Console/Command.php(211): Illuminate\\Container\\Container->call()\n#38 /var/www/church-qrcode-code/vendor/symfony/console/Command/Command.php(318): Illuminate\\Console\\Command->execute()\n#39 /var/www/church-qrcode-code/vendor/laravel/framework/src/Illuminate/Console/Command.php(180): Symfony\\Component\\Console\\Command\\Command->run()\n#40 /var/www/church-qrcode-code/vendor/symfony/console/Application.php(1110): Illuminate\\Console\\Command->run()\n#41 /var/www/church-qrcode-code/vendor/symfony/console/Application.php(359): Symfony\\Component\\Console\\Application->doRunCommand()\n#42 /var/www/church-qrcode-code/vendor/symfony/console/Application.php(194): Symfony\\Component\\Console\\Application->doRun()\n#43 /var/www/church-qrcode-code/vendor/laravel/framework/src/Illuminate/Foundation/Console/Kernel.php(197): Symfony\\Component\\Console\\Application->run()\n#44 /var/www/church-qrcode-code/vendor/laravel/framework/src/Illuminate/Foundation/Application.php(1235): Illuminate\\Foundation\\Console\\Kernel->handle()\n#45 /var/www/church-qrcode-code/artisan(16): Illuminate\\Foundation\\Application->handleCommand()\n#46 {main}','2025-11-07 10:37:05'),(8,'b878e34c-f0b7-4a27-823d-afa7c47c3674','database','default','{\"uuid\":\"b878e34c-f0b7-4a27-823d-afa7c47c3674\",\"displayName\":\"App\\\\Jobs\\\\SendPartnerEmail\",\"job\":\"Illuminate\\\\Queue\\\\CallQueuedHandler@call\",\"maxTries\":3,\"maxExceptions\":null,\"failOnTimeout\":false,\"backoff\":\"60,300,600\",\"timeout\":120,\"retryUntil\":null,\"data\":{\"commandName\":\"App\\\\Jobs\\\\SendPartnerEmail\",\"command\":\"O:25:\\\"App\\\\Jobs\\\\SendPartnerEmail\\\":1:{s:9:\\\"partnerId\\\";i:1259;}\"},\"createdAt\":1762512350,\"delay\":null}','Symfony\\Component\\Mailer\\Exception\\UnexpectedResponseException: Expected response code \"250/251/252\" but got code \"550\", with message \"550-The mail server could not deliver mail to\r\n550-pastorchikeumeh@loveworld360.comm.  The account or domain may not exist,\r\n550 they may be blacklisted, or missing the proper dns entries.\". in /var/www/church-qrcode-code/vendor/symfony/mailer/Transport/Smtp/SmtpTransport.php:342\nStack trace:\n#0 /var/www/church-qrcode-code/vendor/symfony/mailer/Transport/Smtp/SmtpTransport.php(198): Symfony\\Component\\Mailer\\Transport\\Smtp\\SmtpTransport->assertResponseCode()\n#1 /var/www/church-qrcode-code/vendor/symfony/mailer/Transport/Smtp/EsmtpTransport.php(150): Symfony\\Component\\Mailer\\Transport\\Smtp\\SmtpTransport->executeCommand()\n#2 /var/www/church-qrcode-code/vendor/symfony/mailer/Transport/Smtp/SmtpTransport.php(268): Symfony\\Component\\Mailer\\Transport\\Smtp\\EsmtpTransport->executeCommand()\n#3 /var/www/church-qrcode-code/vendor/symfony/mailer/Transport/Smtp/SmtpTransport.php(217): Symfony\\Component\\Mailer\\Transport\\Smtp\\SmtpTransport->doRcptToCommand()\n#4 /var/www/church-qrcode-code/vendor/symfony/mailer/Transport/AbstractTransport.php(69): Symfony\\Component\\Mailer\\Transport\\Smtp\\SmtpTransport->doSend()\n#5 /var/www/church-qrcode-code/vendor/symfony/mailer/Transport/Smtp/SmtpTransport.php(138): Symfony\\Component\\Mailer\\Transport\\AbstractTransport->send()\n#6 /var/www/church-qrcode-code/vendor/laravel/framework/src/Illuminate/Mail/Mailer.php(584): Symfony\\Component\\Mailer\\Transport\\Smtp\\SmtpTransport->send()\n#7 /var/www/church-qrcode-code/vendor/laravel/framework/src/Illuminate/Mail/Mailer.php(331): Illuminate\\Mail\\Mailer->sendSymfonyMessage()\n#8 /var/www/church-qrcode-code/vendor/laravel/framework/src/Illuminate/Mail/Mailable.php(207): Illuminate\\Mail\\Mailer->send()\n#9 /var/www/church-qrcode-code/vendor/laravel/framework/src/Illuminate/Support/Traits/Localizable.php(19): Illuminate\\Mail\\Mailable->Illuminate\\Mail\\{closure}()\n#10 /var/www/church-qrcode-code/vendor/laravel/framework/src/Illuminate/Mail/Mailable.php(200): Illuminate\\Mail\\Mailable->withLocale()\n#11 /var/www/church-qrcode-code/vendor/laravel/framework/src/Illuminate/Mail/Mailer.php(353): Illuminate\\Mail\\Mailable->send()\n#12 /var/www/church-qrcode-code/vendor/laravel/framework/src/Illuminate/Mail/Mailer.php(300): Illuminate\\Mail\\Mailer->sendMailable()\n#13 /var/www/church-qrcode-code/vendor/laravel/framework/src/Illuminate/Mail/PendingMail.php(123): Illuminate\\Mail\\Mailer->send()\n#14 /var/www/church-qrcode-code/app/Jobs/SendPartnerEmail.php(55): Illuminate\\Mail\\PendingMail->send()\n#15 /var/www/church-qrcode-code/vendor/laravel/framework/src/Illuminate/Container/BoundMethod.php(36): App\\Jobs\\SendPartnerEmail->handle()\n#16 /var/www/church-qrcode-code/vendor/laravel/framework/src/Illuminate/Container/Util.php(43): Illuminate\\Container\\BoundMethod::Illuminate\\Container\\{closure}()\n#17 /var/www/church-qrcode-code/vendor/laravel/framework/src/Illuminate/Container/BoundMethod.php(96): Illuminate\\Container\\Util::unwrapIfClosure()\n#18 /var/www/church-qrcode-code/vendor/laravel/framework/src/Illuminate/Container/BoundMethod.php(35): Illuminate\\Container\\BoundMethod::callBoundMethod()\n#19 /var/www/church-qrcode-code/vendor/laravel/framework/src/Illuminate/Container/Container.php(836): Illuminate\\Container\\BoundMethod::call()\n#20 /var/www/church-qrcode-code/vendor/laravel/framework/src/Illuminate/Bus/Dispatcher.php(129): Illuminate\\Container\\Container->call()\n#21 /var/www/church-qrcode-code/vendor/laravel/framework/src/Illuminate/Pipeline/Pipeline.php(180): Illuminate\\Bus\\Dispatcher->Illuminate\\Bus\\{closure}()\n#22 /var/www/church-qrcode-code/vendor/laravel/framework/src/Illuminate/Pipeline/Pipeline.php(137): Illuminate\\Pipeline\\Pipeline->Illuminate\\Pipeline\\{closure}()\n#23 /var/www/church-qrcode-code/vendor/laravel/framework/src/Illuminate/Bus/Dispatcher.php(133): Illuminate\\Pipeline\\Pipeline->then()\n#24 /var/www/church-qrcode-code/vendor/laravel/framework/src/Illuminate/Queue/CallQueuedHandler.php(134): Illuminate\\Bus\\Dispatcher->dispatchNow()\n#25 /var/www/church-qrcode-code/vendor/laravel/framework/src/Illuminate/Pipeline/Pipeline.php(180): Illuminate\\Queue\\CallQueuedHandler->Illuminate\\Queue\\{closure}()\n#26 /var/www/church-qrcode-code/vendor/laravel/framework/src/Illuminate/Pipeline/Pipeline.php(137): Illuminate\\Pipeline\\Pipeline->Illuminate\\Pipeline\\{closure}()\n#27 /var/www/church-qrcode-code/vendor/laravel/framework/src/Illuminate/Queue/CallQueuedHandler.php(127): Illuminate\\Pipeline\\Pipeline->then()\n#28 /var/www/church-qrcode-code/vendor/laravel/framework/src/Illuminate/Queue/CallQueuedHandler.php(68): Illuminate\\Queue\\CallQueuedHandler->dispatchThroughMiddleware()\n#29 /var/www/church-qrcode-code/vendor/laravel/framework/src/Illuminate/Queue/Jobs/Job.php(102): Illuminate\\Queue\\CallQueuedHandler->call()\n#30 /var/www/church-qrcode-code/vendor/laravel/framework/src/Illuminate/Queue/Worker.php(451): Illuminate\\Queue\\Jobs\\Job->fire()\n#31 /var/www/church-qrcode-code/vendor/laravel/framework/src/Illuminate/Queue/Worker.php(401): Illuminate\\Queue\\Worker->process()\n#32 /var/www/church-qrcode-code/vendor/laravel/framework/src/Illuminate/Queue/Worker.php(187): Illuminate\\Queue\\Worker->runJob()\n#33 /var/www/church-qrcode-code/vendor/laravel/framework/src/Illuminate/Queue/Console/WorkCommand.php(148): Illuminate\\Queue\\Worker->daemon()\n#34 /var/www/church-qrcode-code/vendor/laravel/framework/src/Illuminate/Queue/Console/WorkCommand.php(131): Illuminate\\Queue\\Console\\WorkCommand->runWorker()\n#35 /var/www/church-qrcode-code/vendor/laravel/framework/src/Illuminate/Container/BoundMethod.php(36): Illuminate\\Queue\\Console\\WorkCommand->handle()\n#36 /var/www/church-qrcode-code/vendor/laravel/framework/src/Illuminate/Container/Util.php(43): Illuminate\\Container\\BoundMethod::Illuminate\\Container\\{closure}()\n#37 /var/www/church-qrcode-code/vendor/laravel/framework/src/Illuminate/Container/BoundMethod.php(96): Illuminate\\Container\\Util::unwrapIfClosure()\n#38 /var/www/church-qrcode-code/vendor/laravel/framework/src/Illuminate/Container/BoundMethod.php(35): Illuminate\\Container\\BoundMethod::callBoundMethod()\n#39 /var/www/church-qrcode-code/vendor/laravel/framework/src/Illuminate/Container/Container.php(836): Illuminate\\Container\\BoundMethod::call()\n#40 /var/www/church-qrcode-code/vendor/laravel/framework/src/Illuminate/Console/Command.php(211): Illuminate\\Container\\Container->call()\n#41 /var/www/church-qrcode-code/vendor/symfony/console/Command/Command.php(318): Illuminate\\Console\\Command->execute()\n#42 /var/www/church-qrcode-code/vendor/laravel/framework/src/Illuminate/Console/Command.php(180): Symfony\\Component\\Console\\Command\\Command->run()\n#43 /var/www/church-qrcode-code/vendor/symfony/console/Application.php(1110): Illuminate\\Console\\Command->run()\n#44 /var/www/church-qrcode-code/vendor/symfony/console/Application.php(359): Symfony\\Component\\Console\\Application->doRunCommand()\n#45 /var/www/church-qrcode-code/vendor/symfony/console/Application.php(194): Symfony\\Component\\Console\\Application->doRun()\n#46 /var/www/church-qrcode-code/vendor/laravel/framework/src/Illuminate/Foundation/Console/Kernel.php(197): Symfony\\Component\\Console\\Application->run()\n#47 /var/www/church-qrcode-code/vendor/laravel/framework/src/Illuminate/Foundation/Application.php(1235): Illuminate\\Foundation\\Console\\Kernel->handle()\n#48 /var/www/church-qrcode-code/artisan(16): Illuminate\\Foundation\\Application->handleCommand()\n#49 {main}','2025-11-07 10:56:53'),(9,'eb50f858-94d9-4654-ab2f-b28dd08c0413','database','default','{\"uuid\":\"eb50f858-94d9-4654-ab2f-b28dd08c0413\",\"displayName\":\"App\\\\Jobs\\\\SendPartnerEmail\",\"job\":\"Illuminate\\\\Queue\\\\CallQueuedHandler@call\",\"maxTries\":3,\"maxExceptions\":null,\"failOnTimeout\":false,\"backoff\":\"60,300,600\",\"timeout\":120,\"retryUntil\":null,\"data\":{\"commandName\":\"App\\\\Jobs\\\\SendPartnerEmail\",\"command\":\"O:25:\\\"App\\\\Jobs\\\\SendPartnerEmail\\\":1:{s:9:\\\"partnerId\\\";i:1346;}\"},\"createdAt\":1762512351,\"delay\":null}','Symfony\\Component\\Mime\\Exception\\RfcComplianceException: Email \"egohvictor@yahoo.co.uk;\" does not comply with addr-spec of RFC 2822. in /var/www/church-qrcode-code/vendor/symfony/mime/Address.php:54\nStack trace:\n#0 /var/www/church-qrcode-code/vendor/laravel/framework/src/Illuminate/Mail/Message.php(246): Symfony\\Component\\Mime\\Address->__construct()\n#1 /var/www/church-qrcode-code/vendor/laravel/framework/src/Illuminate/Mail/Message.php(110): Illuminate\\Mail\\Message->addAddresses()\n#2 /var/www/church-qrcode-code/vendor/laravel/framework/src/Illuminate/Mail/Mailable.php(454): Illuminate\\Mail\\Message->to()\n#3 /var/www/church-qrcode-code/vendor/laravel/framework/src/Illuminate/Mail/Mailable.php(209): Illuminate\\Mail\\Mailable->buildRecipients()\n#4 /var/www/church-qrcode-code/vendor/laravel/framework/src/Illuminate/Mail/Mailer.php(315): Illuminate\\Mail\\Mailable->Illuminate\\Mail\\{closure}()\n#5 /var/www/church-qrcode-code/vendor/laravel/framework/src/Illuminate/Mail/Mailable.php(207): Illuminate\\Mail\\Mailer->send()\n#6 /var/www/church-qrcode-code/vendor/laravel/framework/src/Illuminate/Support/Traits/Localizable.php(19): Illuminate\\Mail\\Mailable->Illuminate\\Mail\\{closure}()\n#7 /var/www/church-qrcode-code/vendor/laravel/framework/src/Illuminate/Mail/Mailable.php(200): Illuminate\\Mail\\Mailable->withLocale()\n#8 /var/www/church-qrcode-code/vendor/laravel/framework/src/Illuminate/Mail/Mailer.php(353): Illuminate\\Mail\\Mailable->send()\n#9 /var/www/church-qrcode-code/vendor/laravel/framework/src/Illuminate/Mail/Mailer.php(300): Illuminate\\Mail\\Mailer->sendMailable()\n#10 /var/www/church-qrcode-code/vendor/laravel/framework/src/Illuminate/Mail/PendingMail.php(123): Illuminate\\Mail\\Mailer->send()\n#11 /var/www/church-qrcode-code/app/Jobs/SendPartnerEmail.php(55): Illuminate\\Mail\\PendingMail->send()\n#12 /var/www/church-qrcode-code/vendor/laravel/framework/src/Illuminate/Container/BoundMethod.php(36): App\\Jobs\\SendPartnerEmail->handle()\n#13 /var/www/church-qrcode-code/vendor/laravel/framework/src/Illuminate/Container/Util.php(43): Illuminate\\Container\\BoundMethod::Illuminate\\Container\\{closure}()\n#14 /var/www/church-qrcode-code/vendor/laravel/framework/src/Illuminate/Container/BoundMethod.php(96): Illuminate\\Container\\Util::unwrapIfClosure()\n#15 /var/www/church-qrcode-code/vendor/laravel/framework/src/Illuminate/Container/BoundMethod.php(35): Illuminate\\Container\\BoundMethod::callBoundMethod()\n#16 /var/www/church-qrcode-code/vendor/laravel/framework/src/Illuminate/Container/Container.php(836): Illuminate\\Container\\BoundMethod::call()\n#17 /var/www/church-qrcode-code/vendor/laravel/framework/src/Illuminate/Bus/Dispatcher.php(129): Illuminate\\Container\\Container->call()\n#18 /var/www/church-qrcode-code/vendor/laravel/framework/src/Illuminate/Pipeline/Pipeline.php(180): Illuminate\\Bus\\Dispatcher->Illuminate\\Bus\\{closure}()\n#19 /var/www/church-qrcode-code/vendor/laravel/framework/src/Illuminate/Pipeline/Pipeline.php(137): Illuminate\\Pipeline\\Pipeline->Illuminate\\Pipeline\\{closure}()\n#20 /var/www/church-qrcode-code/vendor/laravel/framework/src/Illuminate/Bus/Dispatcher.php(133): Illuminate\\Pipeline\\Pipeline->then()\n#21 /var/www/church-qrcode-code/vendor/laravel/framework/src/Illuminate/Queue/CallQueuedHandler.php(134): Illuminate\\Bus\\Dispatcher->dispatchNow()\n#22 /var/www/church-qrcode-code/vendor/laravel/framework/src/Illuminate/Pipeline/Pipeline.php(180): Illuminate\\Queue\\CallQueuedHandler->Illuminate\\Queue\\{closure}()\n#23 /var/www/church-qrcode-code/vendor/laravel/framework/src/Illuminate/Pipeline/Pipeline.php(137): Illuminate\\Pipeline\\Pipeline->Illuminate\\Pipeline\\{closure}()\n#24 /var/www/church-qrcode-code/vendor/laravel/framework/src/Illuminate/Queue/CallQueuedHandler.php(127): Illuminate\\Pipeline\\Pipeline->then()\n#25 /var/www/church-qrcode-code/vendor/laravel/framework/src/Illuminate/Queue/CallQueuedHandler.php(68): Illuminate\\Queue\\CallQueuedHandler->dispatchThroughMiddleware()\n#26 /var/www/church-qrcode-code/vendor/laravel/framework/src/Illuminate/Queue/Jobs/Job.php(102): Illuminate\\Queue\\CallQueuedHandler->call()\n#27 /var/www/church-qrcode-code/vendor/laravel/framework/src/Illuminate/Queue/Worker.php(451): Illuminate\\Queue\\Jobs\\Job->fire()\n#28 /var/www/church-qrcode-code/vendor/laravel/framework/src/Illuminate/Queue/Worker.php(401): Illuminate\\Queue\\Worker->process()\n#29 /var/www/church-qrcode-code/vendor/laravel/framework/src/Illuminate/Queue/Worker.php(187): Illuminate\\Queue\\Worker->runJob()\n#30 /var/www/church-qrcode-code/vendor/laravel/framework/src/Illuminate/Queue/Console/WorkCommand.php(148): Illuminate\\Queue\\Worker->daemon()\n#31 /var/www/church-qrcode-code/vendor/laravel/framework/src/Illuminate/Queue/Console/WorkCommand.php(131): Illuminate\\Queue\\Console\\WorkCommand->runWorker()\n#32 /var/www/church-qrcode-code/vendor/laravel/framework/src/Illuminate/Container/BoundMethod.php(36): Illuminate\\Queue\\Console\\WorkCommand->handle()\n#33 /var/www/church-qrcode-code/vendor/laravel/framework/src/Illuminate/Container/Util.php(43): Illuminate\\Container\\BoundMethod::Illuminate\\Container\\{closure}()\n#34 /var/www/church-qrcode-code/vendor/laravel/framework/src/Illuminate/Container/BoundMethod.php(96): Illuminate\\Container\\Util::unwrapIfClosure()\n#35 /var/www/church-qrcode-code/vendor/laravel/framework/src/Illuminate/Container/BoundMethod.php(35): Illuminate\\Container\\BoundMethod::callBoundMethod()\n#36 /var/www/church-qrcode-code/vendor/laravel/framework/src/Illuminate/Container/Container.php(836): Illuminate\\Container\\BoundMethod::call()\n#37 /var/www/church-qrcode-code/vendor/laravel/framework/src/Illuminate/Console/Command.php(211): Illuminate\\Container\\Container->call()\n#38 /var/www/church-qrcode-code/vendor/symfony/console/Command/Command.php(318): Illuminate\\Console\\Command->execute()\n#39 /var/www/church-qrcode-code/vendor/laravel/framework/src/Illuminate/Console/Command.php(180): Symfony\\Component\\Console\\Command\\Command->run()\n#40 /var/www/church-qrcode-code/vendor/symfony/console/Application.php(1110): Illuminate\\Console\\Command->run()\n#41 /var/www/church-qrcode-code/vendor/symfony/console/Application.php(359): Symfony\\Component\\Console\\Application->doRunCommand()\n#42 /var/www/church-qrcode-code/vendor/symfony/console/Application.php(194): Symfony\\Component\\Console\\Application->doRun()\n#43 /var/www/church-qrcode-code/vendor/laravel/framework/src/Illuminate/Foundation/Console/Kernel.php(197): Symfony\\Component\\Console\\Application->run()\n#44 /var/www/church-qrcode-code/vendor/laravel/framework/src/Illuminate/Foundation/Application.php(1235): Illuminate\\Foundation\\Console\\Kernel->handle()\n#45 /var/www/church-qrcode-code/artisan(16): Illuminate\\Foundation\\Application->handleCommand()\n#46 {main}','2025-11-07 10:56:53'),(10,'88791fb7-d7b7-4d2c-bb5f-00d3e37e6fad','database','default','{\"uuid\":\"88791fb7-d7b7-4d2c-bb5f-00d3e37e6fad\",\"displayName\":\"App\\\\Jobs\\\\SendPartnerEmail\",\"job\":\"Illuminate\\\\Queue\\\\CallQueuedHandler@call\",\"maxTries\":3,\"maxExceptions\":null,\"failOnTimeout\":false,\"backoff\":\"60,300,600\",\"timeout\":120,\"retryUntil\":null,\"data\":{\"commandName\":\"App\\\\Jobs\\\\SendPartnerEmail\",\"command\":\"O:25:\\\"App\\\\Jobs\\\\SendPartnerEmail\\\":1:{s:9:\\\"partnerId\\\";i:1391;}\"},\"createdAt\":1762512351,\"delay\":null}','Symfony\\Component\\Mime\\Exception\\RfcComplianceException: Email \"ovrere@gmail.com;\" does not comply with addr-spec of RFC 2822. in /var/www/church-qrcode-code/vendor/symfony/mime/Address.php:54\nStack trace:\n#0 /var/www/church-qrcode-code/vendor/laravel/framework/src/Illuminate/Mail/Message.php(246): Symfony\\Component\\Mime\\Address->__construct()\n#1 /var/www/church-qrcode-code/vendor/laravel/framework/src/Illuminate/Mail/Message.php(110): Illuminate\\Mail\\Message->addAddresses()\n#2 /var/www/church-qrcode-code/vendor/laravel/framework/src/Illuminate/Mail/Mailable.php(454): Illuminate\\Mail\\Message->to()\n#3 /var/www/church-qrcode-code/vendor/laravel/framework/src/Illuminate/Mail/Mailable.php(209): Illuminate\\Mail\\Mailable->buildRecipients()\n#4 /var/www/church-qrcode-code/vendor/laravel/framework/src/Illuminate/Mail/Mailer.php(315): Illuminate\\Mail\\Mailable->Illuminate\\Mail\\{closure}()\n#5 /var/www/church-qrcode-code/vendor/laravel/framework/src/Illuminate/Mail/Mailable.php(207): Illuminate\\Mail\\Mailer->send()\n#6 /var/www/church-qrcode-code/vendor/laravel/framework/src/Illuminate/Support/Traits/Localizable.php(19): Illuminate\\Mail\\Mailable->Illuminate\\Mail\\{closure}()\n#7 /var/www/church-qrcode-code/vendor/laravel/framework/src/Illuminate/Mail/Mailable.php(200): Illuminate\\Mail\\Mailable->withLocale()\n#8 /var/www/church-qrcode-code/vendor/laravel/framework/src/Illuminate/Mail/Mailer.php(353): Illuminate\\Mail\\Mailable->send()\n#9 /var/www/church-qrcode-code/vendor/laravel/framework/src/Illuminate/Mail/Mailer.php(300): Illuminate\\Mail\\Mailer->sendMailable()\n#10 /var/www/church-qrcode-code/vendor/laravel/framework/src/Illuminate/Mail/PendingMail.php(123): Illuminate\\Mail\\Mailer->send()\n#11 /var/www/church-qrcode-code/app/Jobs/SendPartnerEmail.php(55): Illuminate\\Mail\\PendingMail->send()\n#12 /var/www/church-qrcode-code/vendor/laravel/framework/src/Illuminate/Container/BoundMethod.php(36): App\\Jobs\\SendPartnerEmail->handle()\n#13 /var/www/church-qrcode-code/vendor/laravel/framework/src/Illuminate/Container/Util.php(43): Illuminate\\Container\\BoundMethod::Illuminate\\Container\\{closure}()\n#14 /var/www/church-qrcode-code/vendor/laravel/framework/src/Illuminate/Container/BoundMethod.php(96): Illuminate\\Container\\Util::unwrapIfClosure()\n#15 /var/www/church-qrcode-code/vendor/laravel/framework/src/Illuminate/Container/BoundMethod.php(35): Illuminate\\Container\\BoundMethod::callBoundMethod()\n#16 /var/www/church-qrcode-code/vendor/laravel/framework/src/Illuminate/Container/Container.php(836): Illuminate\\Container\\BoundMethod::call()\n#17 /var/www/church-qrcode-code/vendor/laravel/framework/src/Illuminate/Bus/Dispatcher.php(129): Illuminate\\Container\\Container->call()\n#18 /var/www/church-qrcode-code/vendor/laravel/framework/src/Illuminate/Pipeline/Pipeline.php(180): Illuminate\\Bus\\Dispatcher->Illuminate\\Bus\\{closure}()\n#19 /var/www/church-qrcode-code/vendor/laravel/framework/src/Illuminate/Pipeline/Pipeline.php(137): Illuminate\\Pipeline\\Pipeline->Illuminate\\Pipeline\\{closure}()\n#20 /var/www/church-qrcode-code/vendor/laravel/framework/src/Illuminate/Bus/Dispatcher.php(133): Illuminate\\Pipeline\\Pipeline->then()\n#21 /var/www/church-qrcode-code/vendor/laravel/framework/src/Illuminate/Queue/CallQueuedHandler.php(134): Illuminate\\Bus\\Dispatcher->dispatchNow()\n#22 /var/www/church-qrcode-code/vendor/laravel/framework/src/Illuminate/Pipeline/Pipeline.php(180): Illuminate\\Queue\\CallQueuedHandler->Illuminate\\Queue\\{closure}()\n#23 /var/www/church-qrcode-code/vendor/laravel/framework/src/Illuminate/Pipeline/Pipeline.php(137): Illuminate\\Pipeline\\Pipeline->Illuminate\\Pipeline\\{closure}()\n#24 /var/www/church-qrcode-code/vendor/laravel/framework/src/Illuminate/Queue/CallQueuedHandler.php(127): Illuminate\\Pipeline\\Pipeline->then()\n#25 /var/www/church-qrcode-code/vendor/laravel/framework/src/Illuminate/Queue/CallQueuedHandler.php(68): Illuminate\\Queue\\CallQueuedHandler->dispatchThroughMiddleware()\n#26 /var/www/church-qrcode-code/vendor/laravel/framework/src/Illuminate/Queue/Jobs/Job.php(102): Illuminate\\Queue\\CallQueuedHandler->call()\n#27 /var/www/church-qrcode-code/vendor/laravel/framework/src/Illuminate/Queue/Worker.php(451): Illuminate\\Queue\\Jobs\\Job->fire()\n#28 /var/www/church-qrcode-code/vendor/laravel/framework/src/Illuminate/Queue/Worker.php(401): Illuminate\\Queue\\Worker->process()\n#29 /var/www/church-qrcode-code/vendor/laravel/framework/src/Illuminate/Queue/Worker.php(187): Illuminate\\Queue\\Worker->runJob()\n#30 /var/www/church-qrcode-code/vendor/laravel/framework/src/Illuminate/Queue/Console/WorkCommand.php(148): Illuminate\\Queue\\Worker->daemon()\n#31 /var/www/church-qrcode-code/vendor/laravel/framework/src/Illuminate/Queue/Console/WorkCommand.php(131): Illuminate\\Queue\\Console\\WorkCommand->runWorker()\n#32 /var/www/church-qrcode-code/vendor/laravel/framework/src/Illuminate/Container/BoundMethod.php(36): Illuminate\\Queue\\Console\\WorkCommand->handle()\n#33 /var/www/church-qrcode-code/vendor/laravel/framework/src/Illuminate/Container/Util.php(43): Illuminate\\Container\\BoundMethod::Illuminate\\Container\\{closure}()\n#34 /var/www/church-qrcode-code/vendor/laravel/framework/src/Illuminate/Container/BoundMethod.php(96): Illuminate\\Container\\Util::unwrapIfClosure()\n#35 /var/www/church-qrcode-code/vendor/laravel/framework/src/Illuminate/Container/BoundMethod.php(35): Illuminate\\Container\\BoundMethod::callBoundMethod()\n#36 /var/www/church-qrcode-code/vendor/laravel/framework/src/Illuminate/Container/Container.php(836): Illuminate\\Container\\BoundMethod::call()\n#37 /var/www/church-qrcode-code/vendor/laravel/framework/src/Illuminate/Console/Command.php(211): Illuminate\\Container\\Container->call()\n#38 /var/www/church-qrcode-code/vendor/symfony/console/Command/Command.php(318): Illuminate\\Console\\Command->execute()\n#39 /var/www/church-qrcode-code/vendor/laravel/framework/src/Illuminate/Console/Command.php(180): Symfony\\Component\\Console\\Command\\Command->run()\n#40 /var/www/church-qrcode-code/vendor/symfony/console/Application.php(1110): Illuminate\\Console\\Command->run()\n#41 /var/www/church-qrcode-code/vendor/symfony/console/Application.php(359): Symfony\\Component\\Console\\Application->doRunCommand()\n#42 /var/www/church-qrcode-code/vendor/symfony/console/Application.php(194): Symfony\\Component\\Console\\Application->doRun()\n#43 /var/www/church-qrcode-code/vendor/laravel/framework/src/Illuminate/Foundation/Console/Kernel.php(197): Symfony\\Component\\Console\\Application->run()\n#44 /var/www/church-qrcode-code/vendor/laravel/framework/src/Illuminate/Foundation/Application.php(1235): Illuminate\\Foundation\\Console\\Kernel->handle()\n#45 /var/www/church-qrcode-code/artisan(16): Illuminate\\Foundation\\Application->handleCommand()\n#46 {main}','2025-11-07 10:56:53'),(11,'0ceca5d8-dcda-44a4-8e32-d00db93cad05','database','default','{\"uuid\":\"0ceca5d8-dcda-44a4-8e32-d00db93cad05\",\"displayName\":\"App\\\\Jobs\\\\SendPartnerEmail\",\"job\":\"Illuminate\\\\Queue\\\\CallQueuedHandler@call\",\"maxTries\":3,\"maxExceptions\":null,\"failOnTimeout\":false,\"backoff\":\"60,300,600\",\"timeout\":120,\"retryUntil\":null,\"data\":{\"commandName\":\"App\\\\Jobs\\\\SendPartnerEmail\",\"command\":\"O:25:\\\"App\\\\Jobs\\\\SendPartnerEmail\\\":1:{s:9:\\\"partnerId\\\";i:1415;}\"},\"createdAt\":1762512352,\"delay\":null}','Symfony\\Component\\Mime\\Exception\\RfcComplianceException: Email \"rdmusarurwa@yahoo/com\" does not comply with addr-spec of RFC 2822. in /var/www/church-qrcode-code/vendor/symfony/mime/Address.php:54\nStack trace:\n#0 /var/www/church-qrcode-code/vendor/laravel/framework/src/Illuminate/Mail/Message.php(246): Symfony\\Component\\Mime\\Address->__construct()\n#1 /var/www/church-qrcode-code/vendor/laravel/framework/src/Illuminate/Mail/Message.php(110): Illuminate\\Mail\\Message->addAddresses()\n#2 /var/www/church-qrcode-code/vendor/laravel/framework/src/Illuminate/Mail/Mailable.php(454): Illuminate\\Mail\\Message->to()\n#3 /var/www/church-qrcode-code/vendor/laravel/framework/src/Illuminate/Mail/Mailable.php(209): Illuminate\\Mail\\Mailable->buildRecipients()\n#4 /var/www/church-qrcode-code/vendor/laravel/framework/src/Illuminate/Mail/Mailer.php(315): Illuminate\\Mail\\Mailable->Illuminate\\Mail\\{closure}()\n#5 /var/www/church-qrcode-code/vendor/laravel/framework/src/Illuminate/Mail/Mailable.php(207): Illuminate\\Mail\\Mailer->send()\n#6 /var/www/church-qrcode-code/vendor/laravel/framework/src/Illuminate/Support/Traits/Localizable.php(19): Illuminate\\Mail\\Mailable->Illuminate\\Mail\\{closure}()\n#7 /var/www/church-qrcode-code/vendor/laravel/framework/src/Illuminate/Mail/Mailable.php(200): Illuminate\\Mail\\Mailable->withLocale()\n#8 /var/www/church-qrcode-code/vendor/laravel/framework/src/Illuminate/Mail/Mailer.php(353): Illuminate\\Mail\\Mailable->send()\n#9 /var/www/church-qrcode-code/vendor/laravel/framework/src/Illuminate/Mail/Mailer.php(300): Illuminate\\Mail\\Mailer->sendMailable()\n#10 /var/www/church-qrcode-code/vendor/laravel/framework/src/Illuminate/Mail/PendingMail.php(123): Illuminate\\Mail\\Mailer->send()\n#11 /var/www/church-qrcode-code/app/Jobs/SendPartnerEmail.php(55): Illuminate\\Mail\\PendingMail->send()\n#12 /var/www/church-qrcode-code/vendor/laravel/framework/src/Illuminate/Container/BoundMethod.php(36): App\\Jobs\\SendPartnerEmail->handle()\n#13 /var/www/church-qrcode-code/vendor/laravel/framework/src/Illuminate/Container/Util.php(43): Illuminate\\Container\\BoundMethod::Illuminate\\Container\\{closure}()\n#14 /var/www/church-qrcode-code/vendor/laravel/framework/src/Illuminate/Container/BoundMethod.php(96): Illuminate\\Container\\Util::unwrapIfClosure()\n#15 /var/www/church-qrcode-code/vendor/laravel/framework/src/Illuminate/Container/BoundMethod.php(35): Illuminate\\Container\\BoundMethod::callBoundMethod()\n#16 /var/www/church-qrcode-code/vendor/laravel/framework/src/Illuminate/Container/Container.php(836): Illuminate\\Container\\BoundMethod::call()\n#17 /var/www/church-qrcode-code/vendor/laravel/framework/src/Illuminate/Bus/Dispatcher.php(129): Illuminate\\Container\\Container->call()\n#18 /var/www/church-qrcode-code/vendor/laravel/framework/src/Illuminate/Pipeline/Pipeline.php(180): Illuminate\\Bus\\Dispatcher->Illuminate\\Bus\\{closure}()\n#19 /var/www/church-qrcode-code/vendor/laravel/framework/src/Illuminate/Pipeline/Pipeline.php(137): Illuminate\\Pipeline\\Pipeline->Illuminate\\Pipeline\\{closure}()\n#20 /var/www/church-qrcode-code/vendor/laravel/framework/src/Illuminate/Bus/Dispatcher.php(133): Illuminate\\Pipeline\\Pipeline->then()\n#21 /var/www/church-qrcode-code/vendor/laravel/framework/src/Illuminate/Queue/CallQueuedHandler.php(134): Illuminate\\Bus\\Dispatcher->dispatchNow()\n#22 /var/www/church-qrcode-code/vendor/laravel/framework/src/Illuminate/Pipeline/Pipeline.php(180): Illuminate\\Queue\\CallQueuedHandler->Illuminate\\Queue\\{closure}()\n#23 /var/www/church-qrcode-code/vendor/laravel/framework/src/Illuminate/Pipeline/Pipeline.php(137): Illuminate\\Pipeline\\Pipeline->Illuminate\\Pipeline\\{closure}()\n#24 /var/www/church-qrcode-code/vendor/laravel/framework/src/Illuminate/Queue/CallQueuedHandler.php(127): Illuminate\\Pipeline\\Pipeline->then()\n#25 /var/www/church-qrcode-code/vendor/laravel/framework/src/Illuminate/Queue/CallQueuedHandler.php(68): Illuminate\\Queue\\CallQueuedHandler->dispatchThroughMiddleware()\n#26 /var/www/church-qrcode-code/vendor/laravel/framework/src/Illuminate/Queue/Jobs/Job.php(102): Illuminate\\Queue\\CallQueuedHandler->call()\n#27 /var/www/church-qrcode-code/vendor/laravel/framework/src/Illuminate/Queue/Worker.php(451): Illuminate\\Queue\\Jobs\\Job->fire()\n#28 /var/www/church-qrcode-code/vendor/laravel/framework/src/Illuminate/Queue/Worker.php(401): Illuminate\\Queue\\Worker->process()\n#29 /var/www/church-qrcode-code/vendor/laravel/framework/src/Illuminate/Queue/Worker.php(187): Illuminate\\Queue\\Worker->runJob()\n#30 /var/www/church-qrcode-code/vendor/laravel/framework/src/Illuminate/Queue/Console/WorkCommand.php(148): Illuminate\\Queue\\Worker->daemon()\n#31 /var/www/church-qrcode-code/vendor/laravel/framework/src/Illuminate/Queue/Console/WorkCommand.php(131): Illuminate\\Queue\\Console\\WorkCommand->runWorker()\n#32 /var/www/church-qrcode-code/vendor/laravel/framework/src/Illuminate/Container/BoundMethod.php(36): Illuminate\\Queue\\Console\\WorkCommand->handle()\n#33 /var/www/church-qrcode-code/vendor/laravel/framework/src/Illuminate/Container/Util.php(43): Illuminate\\Container\\BoundMethod::Illuminate\\Container\\{closure}()\n#34 /var/www/church-qrcode-code/vendor/laravel/framework/src/Illuminate/Container/BoundMethod.php(96): Illuminate\\Container\\Util::unwrapIfClosure()\n#35 /var/www/church-qrcode-code/vendor/laravel/framework/src/Illuminate/Container/BoundMethod.php(35): Illuminate\\Container\\BoundMethod::callBoundMethod()\n#36 /var/www/church-qrcode-code/vendor/laravel/framework/src/Illuminate/Container/Container.php(836): Illuminate\\Container\\BoundMethod::call()\n#37 /var/www/church-qrcode-code/vendor/laravel/framework/src/Illuminate/Console/Command.php(211): Illuminate\\Container\\Container->call()\n#38 /var/www/church-qrcode-code/vendor/symfony/console/Command/Command.php(318): Illuminate\\Console\\Command->execute()\n#39 /var/www/church-qrcode-code/vendor/laravel/framework/src/Illuminate/Console/Command.php(180): Symfony\\Component\\Console\\Command\\Command->run()\n#40 /var/www/church-qrcode-code/vendor/symfony/console/Application.php(1110): Illuminate\\Console\\Command->run()\n#41 /var/www/church-qrcode-code/vendor/symfony/console/Application.php(359): Symfony\\Component\\Console\\Application->doRunCommand()\n#42 /var/www/church-qrcode-code/vendor/symfony/console/Application.php(194): Symfony\\Component\\Console\\Application->doRun()\n#43 /var/www/church-qrcode-code/vendor/laravel/framework/src/Illuminate/Foundation/Console/Kernel.php(197): Symfony\\Component\\Console\\Application->run()\n#44 /var/www/church-qrcode-code/vendor/laravel/framework/src/Illuminate/Foundation/Application.php(1235): Illuminate\\Foundation\\Console\\Kernel->handle()\n#45 /var/www/church-qrcode-code/artisan(16): Illuminate\\Foundation\\Application->handleCommand()\n#46 {main}','2025-11-07 10:56:53'),(12,'6e10055d-d380-4651-8106-683cb255bab3','database','default','{\"uuid\":\"6e10055d-d380-4651-8106-683cb255bab3\",\"displayName\":\"App\\\\Jobs\\\\SendPartnerEmail\",\"job\":\"Illuminate\\\\Queue\\\\CallQueuedHandler@call\",\"maxTries\":3,\"maxExceptions\":null,\"failOnTimeout\":false,\"backoff\":\"60,300,600\",\"timeout\":120,\"retryUntil\":null,\"data\":{\"commandName\":\"App\\\\Jobs\\\\SendPartnerEmail\",\"command\":\"O:25:\\\"App\\\\Jobs\\\\SendPartnerEmail\\\":1:{s:9:\\\"partnerId\\\";i:1420;}\"},\"createdAt\":1762512352,\"delay\":null}','Symfony\\Component\\Mime\\Exception\\RfcComplianceException: Email \"peeayforever@yahoo.co.uk;\" does not comply with addr-spec of RFC 2822. in /var/www/church-qrcode-code/vendor/symfony/mime/Address.php:54\nStack trace:\n#0 /var/www/church-qrcode-code/vendor/laravel/framework/src/Illuminate/Mail/Message.php(246): Symfony\\Component\\Mime\\Address->__construct()\n#1 /var/www/church-qrcode-code/vendor/laravel/framework/src/Illuminate/Mail/Message.php(110): Illuminate\\Mail\\Message->addAddresses()\n#2 /var/www/church-qrcode-code/vendor/laravel/framework/src/Illuminate/Mail/Mailable.php(454): Illuminate\\Mail\\Message->to()\n#3 /var/www/church-qrcode-code/vendor/laravel/framework/src/Illuminate/Mail/Mailable.php(209): Illuminate\\Mail\\Mailable->buildRecipients()\n#4 /var/www/church-qrcode-code/vendor/laravel/framework/src/Illuminate/Mail/Mailer.php(315): Illuminate\\Mail\\Mailable->Illuminate\\Mail\\{closure}()\n#5 /var/www/church-qrcode-code/vendor/laravel/framework/src/Illuminate/Mail/Mailable.php(207): Illuminate\\Mail\\Mailer->send()\n#6 /var/www/church-qrcode-code/vendor/laravel/framework/src/Illuminate/Support/Traits/Localizable.php(19): Illuminate\\Mail\\Mailable->Illuminate\\Mail\\{closure}()\n#7 /var/www/church-qrcode-code/vendor/laravel/framework/src/Illuminate/Mail/Mailable.php(200): Illuminate\\Mail\\Mailable->withLocale()\n#8 /var/www/church-qrcode-code/vendor/laravel/framework/src/Illuminate/Mail/Mailer.php(353): Illuminate\\Mail\\Mailable->send()\n#9 /var/www/church-qrcode-code/vendor/laravel/framework/src/Illuminate/Mail/Mailer.php(300): Illuminate\\Mail\\Mailer->sendMailable()\n#10 /var/www/church-qrcode-code/vendor/laravel/framework/src/Illuminate/Mail/PendingMail.php(123): Illuminate\\Mail\\Mailer->send()\n#11 /var/www/church-qrcode-code/app/Jobs/SendPartnerEmail.php(55): Illuminate\\Mail\\PendingMail->send()\n#12 /var/www/church-qrcode-code/vendor/laravel/framework/src/Illuminate/Container/BoundMethod.php(36): App\\Jobs\\SendPartnerEmail->handle()\n#13 /var/www/church-qrcode-code/vendor/laravel/framework/src/Illuminate/Container/Util.php(43): Illuminate\\Container\\BoundMethod::Illuminate\\Container\\{closure}()\n#14 /var/www/church-qrcode-code/vendor/laravel/framework/src/Illuminate/Container/BoundMethod.php(96): Illuminate\\Container\\Util::unwrapIfClosure()\n#15 /var/www/church-qrcode-code/vendor/laravel/framework/src/Illuminate/Container/BoundMethod.php(35): Illuminate\\Container\\BoundMethod::callBoundMethod()\n#16 /var/www/church-qrcode-code/vendor/laravel/framework/src/Illuminate/Container/Container.php(836): Illuminate\\Container\\BoundMethod::call()\n#17 /var/www/church-qrcode-code/vendor/laravel/framework/src/Illuminate/Bus/Dispatcher.php(129): Illuminate\\Container\\Container->call()\n#18 /var/www/church-qrcode-code/vendor/laravel/framework/src/Illuminate/Pipeline/Pipeline.php(180): Illuminate\\Bus\\Dispatcher->Illuminate\\Bus\\{closure}()\n#19 /var/www/church-qrcode-code/vendor/laravel/framework/src/Illuminate/Pipeline/Pipeline.php(137): Illuminate\\Pipeline\\Pipeline->Illuminate\\Pipeline\\{closure}()\n#20 /var/www/church-qrcode-code/vendor/laravel/framework/src/Illuminate/Bus/Dispatcher.php(133): Illuminate\\Pipeline\\Pipeline->then()\n#21 /var/www/church-qrcode-code/vendor/laravel/framework/src/Illuminate/Queue/CallQueuedHandler.php(134): Illuminate\\Bus\\Dispatcher->dispatchNow()\n#22 /var/www/church-qrcode-code/vendor/laravel/framework/src/Illuminate/Pipeline/Pipeline.php(180): Illuminate\\Queue\\CallQueuedHandler->Illuminate\\Queue\\{closure}()\n#23 /var/www/church-qrcode-code/vendor/laravel/framework/src/Illuminate/Pipeline/Pipeline.php(137): Illuminate\\Pipeline\\Pipeline->Illuminate\\Pipeline\\{closure}()\n#24 /var/www/church-qrcode-code/vendor/laravel/framework/src/Illuminate/Queue/CallQueuedHandler.php(127): Illuminate\\Pipeline\\Pipeline->then()\n#25 /var/www/church-qrcode-code/vendor/laravel/framework/src/Illuminate/Queue/CallQueuedHandler.php(68): Illuminate\\Queue\\CallQueuedHandler->dispatchThroughMiddleware()\n#26 /var/www/church-qrcode-code/vendor/laravel/framework/src/Illuminate/Queue/Jobs/Job.php(102): Illuminate\\Queue\\CallQueuedHandler->call()\n#27 /var/www/church-qrcode-code/vendor/laravel/framework/src/Illuminate/Queue/Worker.php(451): Illuminate\\Queue\\Jobs\\Job->fire()\n#28 /var/www/church-qrcode-code/vendor/laravel/framework/src/Illuminate/Queue/Worker.php(401): Illuminate\\Queue\\Worker->process()\n#29 /var/www/church-qrcode-code/vendor/laravel/framework/src/Illuminate/Queue/Worker.php(187): Illuminate\\Queue\\Worker->runJob()\n#30 /var/www/church-qrcode-code/vendor/laravel/framework/src/Illuminate/Queue/Console/WorkCommand.php(148): Illuminate\\Queue\\Worker->daemon()\n#31 /var/www/church-qrcode-code/vendor/laravel/framework/src/Illuminate/Queue/Console/WorkCommand.php(131): Illuminate\\Queue\\Console\\WorkCommand->runWorker()\n#32 /var/www/church-qrcode-code/vendor/laravel/framework/src/Illuminate/Container/BoundMethod.php(36): Illuminate\\Queue\\Console\\WorkCommand->handle()\n#33 /var/www/church-qrcode-code/vendor/laravel/framework/src/Illuminate/Container/Util.php(43): Illuminate\\Container\\BoundMethod::Illuminate\\Container\\{closure}()\n#34 /var/www/church-qrcode-code/vendor/laravel/framework/src/Illuminate/Container/BoundMethod.php(96): Illuminate\\Container\\Util::unwrapIfClosure()\n#35 /var/www/church-qrcode-code/vendor/laravel/framework/src/Illuminate/Container/BoundMethod.php(35): Illuminate\\Container\\BoundMethod::callBoundMethod()\n#36 /var/www/church-qrcode-code/vendor/laravel/framework/src/Illuminate/Container/Container.php(836): Illuminate\\Container\\BoundMethod::call()\n#37 /var/www/church-qrcode-code/vendor/laravel/framework/src/Illuminate/Console/Command.php(211): Illuminate\\Container\\Container->call()\n#38 /var/www/church-qrcode-code/vendor/symfony/console/Command/Command.php(318): Illuminate\\Console\\Command->execute()\n#39 /var/www/church-qrcode-code/vendor/laravel/framework/src/Illuminate/Console/Command.php(180): Symfony\\Component\\Console\\Command\\Command->run()\n#40 /var/www/church-qrcode-code/vendor/symfony/console/Application.php(1110): Illuminate\\Console\\Command->run()\n#41 /var/www/church-qrcode-code/vendor/symfony/console/Application.php(359): Symfony\\Component\\Console\\Application->doRunCommand()\n#42 /var/www/church-qrcode-code/vendor/symfony/console/Application.php(194): Symfony\\Component\\Console\\Application->doRun()\n#43 /var/www/church-qrcode-code/vendor/laravel/framework/src/Illuminate/Foundation/Console/Kernel.php(197): Symfony\\Component\\Console\\Application->run()\n#44 /var/www/church-qrcode-code/vendor/laravel/framework/src/Illuminate/Foundation/Application.php(1235): Illuminate\\Foundation\\Console\\Kernel->handle()\n#45 /var/www/church-qrcode-code/artisan(16): Illuminate\\Foundation\\Application->handleCommand()\n#46 {main}','2025-11-07 10:56:53'),(13,'7ff468d0-6d4c-4b55-ab4f-ef92ed1ea66b','database','default','{\"uuid\":\"7ff468d0-6d4c-4b55-ab4f-ef92ed1ea66b\",\"displayName\":\"App\\\\Jobs\\\\SendPartnerEmail\",\"job\":\"Illuminate\\\\Queue\\\\CallQueuedHandler@call\",\"maxTries\":3,\"maxExceptions\":null,\"failOnTimeout\":false,\"backoff\":\"60,300,600\",\"timeout\":120,\"retryUntil\":null,\"data\":{\"commandName\":\"App\\\\Jobs\\\\SendPartnerEmail\",\"command\":\"O:25:\\\"App\\\\Jobs\\\\SendPartnerEmail\\\":1:{s:9:\\\"partnerId\\\";i:1422;}\"},\"createdAt\":1762512352,\"delay\":null}','Symfony\\Component\\Mime\\Exception\\RfcComplianceException: Email \"chrisotabor@yahoo.com;\" does not comply with addr-spec of RFC 2822. in /var/www/church-qrcode-code/vendor/symfony/mime/Address.php:54\nStack trace:\n#0 /var/www/church-qrcode-code/vendor/laravel/framework/src/Illuminate/Mail/Message.php(246): Symfony\\Component\\Mime\\Address->__construct()\n#1 /var/www/church-qrcode-code/vendor/laravel/framework/src/Illuminate/Mail/Message.php(110): Illuminate\\Mail\\Message->addAddresses()\n#2 /var/www/church-qrcode-code/vendor/laravel/framework/src/Illuminate/Mail/Mailable.php(454): Illuminate\\Mail\\Message->to()\n#3 /var/www/church-qrcode-code/vendor/laravel/framework/src/Illuminate/Mail/Mailable.php(209): Illuminate\\Mail\\Mailable->buildRecipients()\n#4 /var/www/church-qrcode-code/vendor/laravel/framework/src/Illuminate/Mail/Mailer.php(315): Illuminate\\Mail\\Mailable->Illuminate\\Mail\\{closure}()\n#5 /var/www/church-qrcode-code/vendor/laravel/framework/src/Illuminate/Mail/Mailable.php(207): Illuminate\\Mail\\Mailer->send()\n#6 /var/www/church-qrcode-code/vendor/laravel/framework/src/Illuminate/Support/Traits/Localizable.php(19): Illuminate\\Mail\\Mailable->Illuminate\\Mail\\{closure}()\n#7 /var/www/church-qrcode-code/vendor/laravel/framework/src/Illuminate/Mail/Mailable.php(200): Illuminate\\Mail\\Mailable->withLocale()\n#8 /var/www/church-qrcode-code/vendor/laravel/framework/src/Illuminate/Mail/Mailer.php(353): Illuminate\\Mail\\Mailable->send()\n#9 /var/www/church-qrcode-code/vendor/laravel/framework/src/Illuminate/Mail/Mailer.php(300): Illuminate\\Mail\\Mailer->sendMailable()\n#10 /var/www/church-qrcode-code/vendor/laravel/framework/src/Illuminate/Mail/PendingMail.php(123): Illuminate\\Mail\\Mailer->send()\n#11 /var/www/church-qrcode-code/app/Jobs/SendPartnerEmail.php(55): Illuminate\\Mail\\PendingMail->send()\n#12 /var/www/church-qrcode-code/vendor/laravel/framework/src/Illuminate/Container/BoundMethod.php(36): App\\Jobs\\SendPartnerEmail->handle()\n#13 /var/www/church-qrcode-code/vendor/laravel/framework/src/Illuminate/Container/Util.php(43): Illuminate\\Container\\BoundMethod::Illuminate\\Container\\{closure}()\n#14 /var/www/church-qrcode-code/vendor/laravel/framework/src/Illuminate/Container/BoundMethod.php(96): Illuminate\\Container\\Util::unwrapIfClosure()\n#15 /var/www/church-qrcode-code/vendor/laravel/framework/src/Illuminate/Container/BoundMethod.php(35): Illuminate\\Container\\BoundMethod::callBoundMethod()\n#16 /var/www/church-qrcode-code/vendor/laravel/framework/src/Illuminate/Container/Container.php(836): Illuminate\\Container\\BoundMethod::call()\n#17 /var/www/church-qrcode-code/vendor/laravel/framework/src/Illuminate/Bus/Dispatcher.php(129): Illuminate\\Container\\Container->call()\n#18 /var/www/church-qrcode-code/vendor/laravel/framework/src/Illuminate/Pipeline/Pipeline.php(180): Illuminate\\Bus\\Dispatcher->Illuminate\\Bus\\{closure}()\n#19 /var/www/church-qrcode-code/vendor/laravel/framework/src/Illuminate/Pipeline/Pipeline.php(137): Illuminate\\Pipeline\\Pipeline->Illuminate\\Pipeline\\{closure}()\n#20 /var/www/church-qrcode-code/vendor/laravel/framework/src/Illuminate/Bus/Dispatcher.php(133): Illuminate\\Pipeline\\Pipeline->then()\n#21 /var/www/church-qrcode-code/vendor/laravel/framework/src/Illuminate/Queue/CallQueuedHandler.php(134): Illuminate\\Bus\\Dispatcher->dispatchNow()\n#22 /var/www/church-qrcode-code/vendor/laravel/framework/src/Illuminate/Pipeline/Pipeline.php(180): Illuminate\\Queue\\CallQueuedHandler->Illuminate\\Queue\\{closure}()\n#23 /var/www/church-qrcode-code/vendor/laravel/framework/src/Illuminate/Pipeline/Pipeline.php(137): Illuminate\\Pipeline\\Pipeline->Illuminate\\Pipeline\\{closure}()\n#24 /var/www/church-qrcode-code/vendor/laravel/framework/src/Illuminate/Queue/CallQueuedHandler.php(127): Illuminate\\Pipeline\\Pipeline->then()\n#25 /var/www/church-qrcode-code/vendor/laravel/framework/src/Illuminate/Queue/CallQueuedHandler.php(68): Illuminate\\Queue\\CallQueuedHandler->dispatchThroughMiddleware()\n#26 /var/www/church-qrcode-code/vendor/laravel/framework/src/Illuminate/Queue/Jobs/Job.php(102): Illuminate\\Queue\\CallQueuedHandler->call()\n#27 /var/www/church-qrcode-code/vendor/laravel/framework/src/Illuminate/Queue/Worker.php(451): Illuminate\\Queue\\Jobs\\Job->fire()\n#28 /var/www/church-qrcode-code/vendor/laravel/framework/src/Illuminate/Queue/Worker.php(401): Illuminate\\Queue\\Worker->process()\n#29 /var/www/church-qrcode-code/vendor/laravel/framework/src/Illuminate/Queue/Worker.php(187): Illuminate\\Queue\\Worker->runJob()\n#30 /var/www/church-qrcode-code/vendor/laravel/framework/src/Illuminate/Queue/Console/WorkCommand.php(148): Illuminate\\Queue\\Worker->daemon()\n#31 /var/www/church-qrcode-code/vendor/laravel/framework/src/Illuminate/Queue/Console/WorkCommand.php(131): Illuminate\\Queue\\Console\\WorkCommand->runWorker()\n#32 /var/www/church-qrcode-code/vendor/laravel/framework/src/Illuminate/Container/BoundMethod.php(36): Illuminate\\Queue\\Console\\WorkCommand->handle()\n#33 /var/www/church-qrcode-code/vendor/laravel/framework/src/Illuminate/Container/Util.php(43): Illuminate\\Container\\BoundMethod::Illuminate\\Container\\{closure}()\n#34 /var/www/church-qrcode-code/vendor/laravel/framework/src/Illuminate/Container/BoundMethod.php(96): Illuminate\\Container\\Util::unwrapIfClosure()\n#35 /var/www/church-qrcode-code/vendor/laravel/framework/src/Illuminate/Container/BoundMethod.php(35): Illuminate\\Container\\BoundMethod::callBoundMethod()\n#36 /var/www/church-qrcode-code/vendor/laravel/framework/src/Illuminate/Container/Container.php(836): Illuminate\\Container\\BoundMethod::call()\n#37 /var/www/church-qrcode-code/vendor/laravel/framework/src/Illuminate/Console/Command.php(211): Illuminate\\Container\\Container->call()\n#38 /var/www/church-qrcode-code/vendor/symfony/console/Command/Command.php(318): Illuminate\\Console\\Command->execute()\n#39 /var/www/church-qrcode-code/vendor/laravel/framework/src/Illuminate/Console/Command.php(180): Symfony\\Component\\Console\\Command\\Command->run()\n#40 /var/www/church-qrcode-code/vendor/symfony/console/Application.php(1110): Illuminate\\Console\\Command->run()\n#41 /var/www/church-qrcode-code/vendor/symfony/console/Application.php(359): Symfony\\Component\\Console\\Application->doRunCommand()\n#42 /var/www/church-qrcode-code/vendor/symfony/console/Application.php(194): Symfony\\Component\\Console\\Application->doRun()\n#43 /var/www/church-qrcode-code/vendor/laravel/framework/src/Illuminate/Foundation/Console/Kernel.php(197): Symfony\\Component\\Console\\Application->run()\n#44 /var/www/church-qrcode-code/vendor/laravel/framework/src/Illuminate/Foundation/Application.php(1235): Illuminate\\Foundation\\Console\\Kernel->handle()\n#45 /var/www/church-qrcode-code/artisan(16): Illuminate\\Foundation\\Application->handleCommand()\n#46 {main}','2025-11-07 10:56:53'),(14,'b4f7cd32-4b92-483c-ba15-85dd7a52d7d6','database','default','{\"uuid\":\"b4f7cd32-4b92-483c-ba15-85dd7a52d7d6\",\"displayName\":\"App\\\\Jobs\\\\SendPartnerEmail\",\"job\":\"Illuminate\\\\Queue\\\\CallQueuedHandler@call\",\"maxTries\":3,\"maxExceptions\":null,\"failOnTimeout\":false,\"backoff\":\"60,300,600\",\"timeout\":120,\"retryUntil\":null,\"data\":{\"commandName\":\"App\\\\Jobs\\\\SendPartnerEmail\",\"command\":\"O:25:\\\"App\\\\Jobs\\\\SendPartnerEmail\\\":1:{s:9:\\\"partnerId\\\";i:1433;}\"},\"createdAt\":1762512352,\"delay\":null}','Symfony\\Component\\Mime\\Exception\\RfcComplianceException: Email \"youthrefined@yahoo.co.uk, eunicezoe@yahoo.com\" does not comply with addr-spec of RFC 2822. in /var/www/church-qrcode-code/vendor/symfony/mime/Address.php:54\nStack trace:\n#0 /var/www/church-qrcode-code/vendor/laravel/framework/src/Illuminate/Mail/Message.php(246): Symfony\\Component\\Mime\\Address->__construct()\n#1 /var/www/church-qrcode-code/vendor/laravel/framework/src/Illuminate/Mail/Message.php(110): Illuminate\\Mail\\Message->addAddresses()\n#2 /var/www/church-qrcode-code/vendor/laravel/framework/src/Illuminate/Mail/Mailable.php(454): Illuminate\\Mail\\Message->to()\n#3 /var/www/church-qrcode-code/vendor/laravel/framework/src/Illuminate/Mail/Mailable.php(209): Illuminate\\Mail\\Mailable->buildRecipients()\n#4 /var/www/church-qrcode-code/vendor/laravel/framework/src/Illuminate/Mail/Mailer.php(315): Illuminate\\Mail\\Mailable->Illuminate\\Mail\\{closure}()\n#5 /var/www/church-qrcode-code/vendor/laravel/framework/src/Illuminate/Mail/Mailable.php(207): Illuminate\\Mail\\Mailer->send()\n#6 /var/www/church-qrcode-code/vendor/laravel/framework/src/Illuminate/Support/Traits/Localizable.php(19): Illuminate\\Mail\\Mailable->Illuminate\\Mail\\{closure}()\n#7 /var/www/church-qrcode-code/vendor/laravel/framework/src/Illuminate/Mail/Mailable.php(200): Illuminate\\Mail\\Mailable->withLocale()\n#8 /var/www/church-qrcode-code/vendor/laravel/framework/src/Illuminate/Mail/Mailer.php(353): Illuminate\\Mail\\Mailable->send()\n#9 /var/www/church-qrcode-code/vendor/laravel/framework/src/Illuminate/Mail/Mailer.php(300): Illuminate\\Mail\\Mailer->sendMailable()\n#10 /var/www/church-qrcode-code/vendor/laravel/framework/src/Illuminate/Mail/PendingMail.php(123): Illuminate\\Mail\\Mailer->send()\n#11 /var/www/church-qrcode-code/app/Jobs/SendPartnerEmail.php(55): Illuminate\\Mail\\PendingMail->send()\n#12 /var/www/church-qrcode-code/vendor/laravel/framework/src/Illuminate/Container/BoundMethod.php(36): App\\Jobs\\SendPartnerEmail->handle()\n#13 /var/www/church-qrcode-code/vendor/laravel/framework/src/Illuminate/Container/Util.php(43): Illuminate\\Container\\BoundMethod::Illuminate\\Container\\{closure}()\n#14 /var/www/church-qrcode-code/vendor/laravel/framework/src/Illuminate/Container/BoundMethod.php(96): Illuminate\\Container\\Util::unwrapIfClosure()\n#15 /var/www/church-qrcode-code/vendor/laravel/framework/src/Illuminate/Container/BoundMethod.php(35): Illuminate\\Container\\BoundMethod::callBoundMethod()\n#16 /var/www/church-qrcode-code/vendor/laravel/framework/src/Illuminate/Container/Container.php(836): Illuminate\\Container\\BoundMethod::call()\n#17 /var/www/church-qrcode-code/vendor/laravel/framework/src/Illuminate/Bus/Dispatcher.php(129): Illuminate\\Container\\Container->call()\n#18 /var/www/church-qrcode-code/vendor/laravel/framework/src/Illuminate/Pipeline/Pipeline.php(180): Illuminate\\Bus\\Dispatcher->Illuminate\\Bus\\{closure}()\n#19 /var/www/church-qrcode-code/vendor/laravel/framework/src/Illuminate/Pipeline/Pipeline.php(137): Illuminate\\Pipeline\\Pipeline->Illuminate\\Pipeline\\{closure}()\n#20 /var/www/church-qrcode-code/vendor/laravel/framework/src/Illuminate/Bus/Dispatcher.php(133): Illuminate\\Pipeline\\Pipeline->then()\n#21 /var/www/church-qrcode-code/vendor/laravel/framework/src/Illuminate/Queue/CallQueuedHandler.php(134): Illuminate\\Bus\\Dispatcher->dispatchNow()\n#22 /var/www/church-qrcode-code/vendor/laravel/framework/src/Illuminate/Pipeline/Pipeline.php(180): Illuminate\\Queue\\CallQueuedHandler->Illuminate\\Queue\\{closure}()\n#23 /var/www/church-qrcode-code/vendor/laravel/framework/src/Illuminate/Pipeline/Pipeline.php(137): Illuminate\\Pipeline\\Pipeline->Illuminate\\Pipeline\\{closure}()\n#24 /var/www/church-qrcode-code/vendor/laravel/framework/src/Illuminate/Queue/CallQueuedHandler.php(127): Illuminate\\Pipeline\\Pipeline->then()\n#25 /var/www/church-qrcode-code/vendor/laravel/framework/src/Illuminate/Queue/CallQueuedHandler.php(68): Illuminate\\Queue\\CallQueuedHandler->dispatchThroughMiddleware()\n#26 /var/www/church-qrcode-code/vendor/laravel/framework/src/Illuminate/Queue/Jobs/Job.php(102): Illuminate\\Queue\\CallQueuedHandler->call()\n#27 /var/www/church-qrcode-code/vendor/laravel/framework/src/Illuminate/Queue/Worker.php(451): Illuminate\\Queue\\Jobs\\Job->fire()\n#28 /var/www/church-qrcode-code/vendor/laravel/framework/src/Illuminate/Queue/Worker.php(401): Illuminate\\Queue\\Worker->process()\n#29 /var/www/church-qrcode-code/vendor/laravel/framework/src/Illuminate/Queue/Worker.php(187): Illuminate\\Queue\\Worker->runJob()\n#30 /var/www/church-qrcode-code/vendor/laravel/framework/src/Illuminate/Queue/Console/WorkCommand.php(148): Illuminate\\Queue\\Worker->daemon()\n#31 /var/www/church-qrcode-code/vendor/laravel/framework/src/Illuminate/Queue/Console/WorkCommand.php(131): Illuminate\\Queue\\Console\\WorkCommand->runWorker()\n#32 /var/www/church-qrcode-code/vendor/laravel/framework/src/Illuminate/Container/BoundMethod.php(36): Illuminate\\Queue\\Console\\WorkCommand->handle()\n#33 /var/www/church-qrcode-code/vendor/laravel/framework/src/Illuminate/Container/Util.php(43): Illuminate\\Container\\BoundMethod::Illuminate\\Container\\{closure}()\n#34 /var/www/church-qrcode-code/vendor/laravel/framework/src/Illuminate/Container/BoundMethod.php(96): Illuminate\\Container\\Util::unwrapIfClosure()\n#35 /var/www/church-qrcode-code/vendor/laravel/framework/src/Illuminate/Container/BoundMethod.php(35): Illuminate\\Container\\BoundMethod::callBoundMethod()\n#36 /var/www/church-qrcode-code/vendor/laravel/framework/src/Illuminate/Container/Container.php(836): Illuminate\\Container\\BoundMethod::call()\n#37 /var/www/church-qrcode-code/vendor/laravel/framework/src/Illuminate/Console/Command.php(211): Illuminate\\Container\\Container->call()\n#38 /var/www/church-qrcode-code/vendor/symfony/console/Command/Command.php(318): Illuminate\\Console\\Command->execute()\n#39 /var/www/church-qrcode-code/vendor/laravel/framework/src/Illuminate/Console/Command.php(180): Symfony\\Component\\Console\\Command\\Command->run()\n#40 /var/www/church-qrcode-code/vendor/symfony/console/Application.php(1110): Illuminate\\Console\\Command->run()\n#41 /var/www/church-qrcode-code/vendor/symfony/console/Application.php(359): Symfony\\Component\\Console\\Application->doRunCommand()\n#42 /var/www/church-qrcode-code/vendor/symfony/console/Application.php(194): Symfony\\Component\\Console\\Application->doRun()\n#43 /var/www/church-qrcode-code/vendor/laravel/framework/src/Illuminate/Foundation/Console/Kernel.php(197): Symfony\\Component\\Console\\Application->run()\n#44 /var/www/church-qrcode-code/vendor/laravel/framework/src/Illuminate/Foundation/Application.php(1235): Illuminate\\Foundation\\Console\\Kernel->handle()\n#45 /var/www/church-qrcode-code/artisan(16): Illuminate\\Foundation\\Application->handleCommand()\n#46 {main}','2025-11-07 10:57:03');
/*!40000 ALTER TABLE `failed_jobs` ENABLE KEYS */;
UNLOCK TABLES;

--
-- Table structure for table `job_batches`
--

DROP TABLE IF EXISTS `job_batches`;
/*!40101 SET @saved_cs_client     = @@character_set_client */;
/*!50503 SET character_set_client = utf8mb4 */;
CREATE TABLE `job_batches` (
  `id` varchar(255) COLLATE utf8mb4_unicode_ci NOT NULL,
  `name` varchar(255) COLLATE utf8mb4_unicode_ci NOT NULL,
  `total_jobs` int NOT NULL,
  `pending_jobs` int NOT NULL,
  `failed_jobs` int NOT NULL,
  `failed_job_ids` longtext COLLATE utf8mb4_unicode_ci NOT NULL,
  `options` mediumtext COLLATE utf8mb4_unicode_ci,
  `cancelled_at` int DEFAULT NULL,
  `created_at` int NOT NULL,
  `finished_at` int DEFAULT NULL,
  PRIMARY KEY (`id`)
) ENGINE=InnoDB DEFAULT CHARSET=utf8mb4 COLLATE=utf8mb4_unicode_ci;
/*!40101 SET character_set_client = @saved_cs_client */;

--
-- Dumping data for table `job_batches`
--

LOCK TABLES `job_batches` WRITE;
/*!40000 ALTER TABLE `job_batches` DISABLE KEYS */;
/*!40000 ALTER TABLE `job_batches` ENABLE KEYS */;
UNLOCK TABLES;

--
-- Table structure for table `jobs`
--

DROP TABLE IF EXISTS `jobs`;
/*!40101 SET @saved_cs_client     = @@character_set_client */;
/*!50503 SET character_set_client = utf8mb4 */;
CREATE TABLE `jobs` (
  `id` bigint unsigned NOT NULL AUTO_INCREMENT,
  `queue` varchar(255) COLLATE utf8mb4_unicode_ci NOT NULL,
  `payload` longtext COLLATE utf8mb4_unicode_ci NOT NULL,
  `attempts` tinyint unsigned NOT NULL,
  `reserved_at` int unsigned DEFAULT NULL,
  `available_at` int unsigned NOT NULL,
  `created_at` int unsigned NOT NULL,
  PRIMARY KEY (`id`),
  KEY `jobs_queue_index` (`queue`)
) ENGINE=InnoDB AUTO_INCREMENT=1640 DEFAULT CHARSET=utf8mb4 COLLATE=utf8mb4_unicode_ci;
/*!40101 SET character_set_client = @saved_cs_client */;

--
-- Dumping data for table `jobs`
--

LOCK TABLES `jobs` WRITE;
/*!40000 ALTER TABLE `jobs` DISABLE KEYS */;
/*!40000 ALTER TABLE `jobs` ENABLE KEYS */;
UNLOCK TABLES;

--
-- Table structure for table `migrations`
--

DROP TABLE IF EXISTS `migrations`;
/*!40101 SET @saved_cs_client     = @@character_set_client */;
/*!50503 SET character_set_client = utf8mb4 */;
CREATE TABLE `migrations` (
  `id` int unsigned NOT NULL AUTO_INCREMENT,
  `migration` varchar(255) COLLATE utf8mb4_unicode_ci NOT NULL,
  `batch` int NOT NULL,
  PRIMARY KEY (`id`)
) ENGINE=InnoDB AUTO_INCREMENT=36 DEFAULT CHARSET=utf8mb4 COLLATE=utf8mb4_unicode_ci;
/*!40101 SET character_set_client = @saved_cs_client */;

--
-- Dumping data for table `migrations`
--

LOCK TABLES `migrations` WRITE;
/*!40000 ALTER TABLE `migrations` DISABLE KEYS */;
INSERT INTO `migrations` VALUES (1,'0001_01_01_000000_create_users_table',1),(2,'0001_01_01_000001_create_cache_table',1),(3,'0001_01_01_000002_create_jobs_table',1),(4,'2025_10_26_125942_create_partners_table',1),(5,'2025_10_26_130604_create_tiers_table',1),(6,'2025_10_31_165216_update_partners_table',1),(7,'2025_11_01_113058_add_registration_token_to_partners_table',1),(8,'2025_11_01_184621_add_tier_to_partners_table',1),(9,'2025_11_01_190854_add_missng_fields_partners_table',1),(10,'2025_11_08_062712_create_personal_access_tokens_table',2),(11,'2025_11_10_072313_create_check_ins_table',3),(12,'2025_11_23_181300_create_organizations_table',4),(13,'2025_11_23_181400_create_clients_table',4),(14,'2025_11_23_181400_create_events_table',4),(15,'2025_11_23_181401_create_event_tiers_table',4),(16,'2025_11_23_181401_create_tickets_table',4),(17,'2025_11_23_181402_create_payment_records_table',4),(18,'2025_12_04_115649_create_permission_tables',4),(19,'2025_12_04_120040_add_organization_id_to_users',4),(20,'2025_12_04_203911_add_color_to_event_tiers',4),(21,'2025_12_04_205011_create_tier_templates_table',4),(22,'2025_12_11_063220_add_avatar_fields_to_tickets',4),(23,'2025_12_12_065046_add_slug_and_public_fields_to_events_and_orgs',4),(24,'2025_12_12_071903_add_registration_deadline_to_events_table',4),(25,'2025_12_20_134158_create_notifications_table',4),(26,'2025_12_23_083251_create_organization_payment_methods_table',4),(27,'2025_12_26_190442_create_ticket_payments_table',4),(28,'2025_12_28_142519_add_quantity_per_purchase_to_event_tiers_table',4),(29,'2025_12_31_063556_add_whatsapp_to_tickets_table',4),(30,'2025_12_31_063736_create_system_settings',4),(31,'2026_01_11_183017_update_clients_email_nullable',5),(32,'2026_01_12_122955_add_banner_image_to_events_table',6),(33,'2026_01_28_075410_add_complimentary_to_tickets_table',7),(34,'2026_01_28_194046_create_agents_table',7),(35,'2026_01_28_194246_add_agent_id_to_organizations',7);
/*!40000 ALTER TABLE `migrations` ENABLE KEYS */;
UNLOCK TABLES;

--
-- Table structure for table `model_has_permissions`
--

DROP TABLE IF EXISTS `model_has_permissions`;
/*!40101 SET @saved_cs_client     = @@character_set_client */;
/*!50503 SET character_set_client = utf8mb4 */;
CREATE TABLE `model_has_permissions` (
  `permission_id` bigint unsigned NOT NULL,
  `model_type` varchar(255) COLLATE utf8mb4_unicode_ci NOT NULL,
  `model_id` bigint unsigned NOT NULL,
  PRIMARY KEY (`permission_id`,`model_id`,`model_type`),
  KEY `model_has_permissions_model_id_model_type_index` (`model_id`,`model_type`),
  CONSTRAINT `model_has_permissions_permission_id_foreign` FOREIGN KEY (`permission_id`) REFERENCES `permissions` (`id`) ON DELETE CASCADE
) ENGINE=InnoDB DEFAULT CHARSET=utf8mb4 COLLATE=utf8mb4_unicode_ci;
/*!40101 SET character_set_client = @saved_cs_client */;

--
-- Dumping data for table `model_has_permissions`
--

LOCK TABLES `model_has_permissions` WRITE;
/*!40000 ALTER TABLE `model_has_permissions` DISABLE KEYS */;
/*!40000 ALTER TABLE `model_has_permissions` ENABLE KEYS */;
UNLOCK TABLES;

--
-- Table structure for table `model_has_roles`
--

DROP TABLE IF EXISTS `model_has_roles`;
/*!40101 SET @saved_cs_client     = @@character_set_client */;
/*!50503 SET character_set_client = utf8mb4 */;
CREATE TABLE `model_has_roles` (
  `role_id` bigint unsigned NOT NULL,
  `model_type` varchar(255) COLLATE utf8mb4_unicode_ci NOT NULL,
  `model_id` bigint unsigned NOT NULL,
  PRIMARY KEY (`role_id`,`model_id`,`model_type`),
  KEY `model_has_roles_model_id_model_type_index` (`model_id`,`model_type`),
  CONSTRAINT `model_has_roles_role_id_foreign` FOREIGN KEY (`role_id`) REFERENCES `roles` (`id`) ON DELETE CASCADE
) ENGINE=InnoDB DEFAULT CHARSET=utf8mb4 COLLATE=utf8mb4_unicode_ci;
/*!40101 SET character_set_client = @saved_cs_client */;

--
-- Dumping data for table `model_has_roles`
--

LOCK TABLES `model_has_roles` WRITE;
/*!40000 ALTER TABLE `model_has_roles` DISABLE KEYS */;
INSERT INTO `model_has_roles` VALUES (1,'App\\Models\\User',5),(2,'App\\Models\\User',6),(2,'App\\Models\\User',7),(2,'App\\Models\\User',8),(2,'App\\Models\\User',9),(2,'App\\Models\\User',10),(2,'App\\Models\\User',11);
/*!40000 ALTER TABLE `model_has_roles` ENABLE KEYS */;
UNLOCK TABLES;

--
-- Table structure for table `notifications`
--

DROP TABLE IF EXISTS `notifications`;
/*!40101 SET @saved_cs_client     = @@character_set_client */;
/*!50503 SET character_set_client = utf8mb4 */;
CREATE TABLE `notifications` (
  `id` char(36) COLLATE utf8mb4_unicode_ci NOT NULL,
  `type` varchar(255) COLLATE utf8mb4_unicode_ci NOT NULL,
  `notifiable_type` varchar(255) COLLATE utf8mb4_unicode_ci NOT NULL,
  `notifiable_id` bigint unsigned NOT NULL,
  `data` text COLLATE utf8mb4_unicode_ci NOT NULL,
  `read_at` timestamp NULL DEFAULT NULL,
  `created_at` timestamp NULL DEFAULT NULL,
  `updated_at` timestamp NULL DEFAULT NULL,
  PRIMARY KEY (`id`),
  KEY `notifications_notifiable_type_notifiable_id_index` (`notifiable_type`,`notifiable_id`)
) ENGINE=InnoDB DEFAULT CHARSET=utf8mb4 COLLATE=utf8mb4_unicode_ci;
/*!40101 SET character_set_client = @saved_cs_client */;

--
-- Dumping data for table `notifications`
--

LOCK TABLES `notifications` WRITE;
/*!40000 ALTER TABLE `notifications` DISABLE KEYS */;
INSERT INTO `notifications` VALUES ('066d9082-6e52-42c7-9528-b21f4839386f','App\\Notifications\\TicketRegistrationNotification','App\\Models\\User',5,'{\"ticket_id\":29,\"ticket_number\":\"TKT-2-EuZJpXJN\",\"client_name\":\"Katleho Raphoolo\",\"event_name\":\"Career Triangle Expo 2026\",\"amount\":\"150.00\",\"payment_status\":\"pending\",\"action_url\":\"https:\\/\\/angel-lounge.com\\/admin\\/tickets\\/29\\/edit\",\"message\":\"New ticket registration from Katleho Raphoolo for Career Triangle Expo 2026\"}',NULL,'2026-01-24 08:51:50','2026-01-24 08:51:50'),('1194a35b-d796-45e4-9723-3fcf75b70c35','App\\Notifications\\TicketRegistrationNotification','App\\Models\\User',11,'{\"ticket_id\":25,\"ticket_number\":\"TKT-6-dXqmKoWV\",\"client_name\":\"Thapelo Ntsiki\",\"event_name\":\"Molao Le Khoebo Annual Conference 2026\",\"amount\":\"1300.00\",\"payment_status\":\"pending\",\"action_url\":\"https:\\/\\/angel-lounge.com\\/admin\\/tickets\\/25\\/edit\",\"message\":\"New ticket registration from Thapelo Ntsiki for Molao Le Khoebo Annual Conference 2026\"}',NULL,'2026-01-21 18:51:25','2026-01-21 18:51:25'),('13e14c9a-259a-44b6-96dd-54f7ae4d8d22','App\\Notifications\\TicketRegistrationNotification','App\\Models\\User',5,'{\"ticket_id\":39,\"ticket_number\":\"TKT-2-UZ5T8zBv\",\"client_name\":\"Tatenda Nyanguru\",\"event_name\":\"Career Triangle Expo 2026\",\"amount\":\"150.00\",\"payment_status\":\"pending\",\"action_url\":\"https:\\/\\/angel-lounge.com\\/admin\\/tickets\\/39\\/edit\",\"message\":\"New ticket registration from Tatenda Nyanguru for Career Triangle Expo 2026\"}',NULL,'2026-01-28 14:33:05','2026-01-28 14:33:05'),('1945ab76-013b-414e-87f4-e0aac150f73a','App\\Notifications\\TicketRegistrationNotification','App\\Models\\User',5,'{\"ticket_id\":28,\"ticket_number\":\"TKT-5-4mKpQtMX\",\"client_name\":\"Maseeiso Liphoto\",\"event_name\":\"Goal Setting Workshop\",\"amount\":\"150.00\",\"payment_status\":\"pending\",\"action_url\":\"https:\\/\\/angel-lounge.com\\/admin\\/tickets\\/28\\/edit\",\"message\":\"New ticket registration from Maseeiso Liphoto for Goal Setting Workshop\"}',NULL,'2026-01-24 06:51:28','2026-01-24 06:51:28'),('1ae64d04-a9ab-4b03-8ddd-87877ee5666d','App\\Notifications\\TicketRegistrationNotification','App\\Models\\User',5,'{\"ticket_id\":40,\"ticket_number\":\"TKT-2-4ZF8TFGH\",\"client_name\":\"Tokelo Theko\",\"event_name\":\"Career Triangle Expo 2026\",\"amount\":\"150.00\",\"payment_status\":\"pending\",\"action_url\":\"https:\\/\\/angel-lounge.com\\/admin\\/tickets\\/40\\/edit\",\"message\":\"New ticket registration from Tokelo Theko for Career Triangle Expo 2026\"}',NULL,'2026-01-28 14:53:34','2026-01-28 14:53:34'),('1c39f867-72d2-4dca-b4ac-25a3e63948c9','App\\Notifications\\TicketRegistrationNotification','App\\Models\\User',11,'{\"ticket_id\":24,\"ticket_number\":\"TKT-6-00001\",\"client_name\":\"Thapelo Ntsiki\",\"event_name\":\"Molao Le Khoebo Annual Conference 2026\",\"amount\":\"1300.00\",\"payment_status\":\"pending\",\"action_url\":\"https:\\/\\/angel-lounge.com\\/admin\\/tickets\\/24\\/edit\",\"message\":\"New ticket registration from Thapelo Ntsiki for Molao Le Khoebo Annual Conference 2026\"}',NULL,'2026-01-21 14:27:46','2026-01-21 14:27:46'),('275f4df0-0f35-47cd-b7e5-8e0c04c257b5','App\\Notifications\\TicketRegistrationNotification','App\\Models\\User',6,'{\"ticket_id\":83,\"ticket_number\":\"TKT-2-YAikSAh8\",\"client_name\":\"Rapelang Makhanya\",\"event_name\":\"Career Triangle Expo 2026\",\"amount\":\"150.00\",\"payment_status\":\"pending\",\"action_url\":\"https:\\/\\/angel-lounge.com\\/admin\\/tickets\\/83\\/edit\",\"message\":\"New ticket registration from Rapelang Makhanya for Career Triangle Expo 2026\"}',NULL,'2026-01-29 17:04:12','2026-01-29 17:04:12'),('2c50e38e-57bb-462a-9dce-c3416059b724','App\\Notifications\\TicketRegistrationNotification','App\\Models\\User',5,'{\"ticket_id\":80,\"ticket_number\":\"TKT-2-WWzfHRkr\",\"client_name\":\"Kananelo Maketela\",\"event_name\":\"Career Triangle Expo 2026\",\"amount\":\"150.00\",\"payment_status\":\"pending\",\"action_url\":\"https:\\/\\/angel-lounge.com\\/admin\\/tickets\\/80\\/edit\",\"message\":\"New ticket registration from Kananelo Maketela for Career Triangle Expo 2026\"}',NULL,'2026-01-29 16:41:33','2026-01-29 16:41:33'),('30da0652-b729-4b64-95ae-35a7d21f6ad6','App\\Notifications\\TicketRegistrationNotification','App\\Models\\User',5,'{\"ticket_id\":83,\"ticket_number\":\"TKT-2-YAikSAh8\",\"client_name\":\"Rapelang Makhanya\",\"event_name\":\"Career Triangle Expo 2026\",\"amount\":\"150.00\",\"payment_status\":\"pending\",\"action_url\":\"https:\\/\\/angel-lounge.com\\/admin\\/tickets\\/83\\/edit\",\"message\":\"New ticket registration from Rapelang Makhanya for Career Triangle Expo 2026\"}',NULL,'2026-01-29 17:04:12','2026-01-29 17:04:12'),('31e306a1-86bf-4ea5-a7d1-3cf3b3a91db9','App\\Notifications\\TicketRegistrationNotification','App\\Models\\User',5,'{\"ticket_id\":17,\"ticket_number\":\"TKT-2-00001\",\"client_name\":\"Keneuoe  Mphanya\",\"event_name\":\"Career Triangle Expo 2026\",\"amount\":\"150.00\",\"payment_status\":\"pending\",\"action_url\":\"https:\\/\\/angel-lounge.com\\/admin\\/tickets\\/17\\/edit\",\"message\":\"New ticket registration from Keneuoe  Mphanya for Career Triangle Expo 2026\"}',NULL,'2026-01-19 12:12:24','2026-01-19 12:12:24'),('348697fb-a656-4a38-91f0-8b42f4a1ff76','App\\Notifications\\TicketRegistrationNotification','App\\Models\\User',5,'{\"ticket_id\":79,\"ticket_number\":\"TKT-2-nxAAyjRs\",\"client_name\":\"Kananelo Maketela\",\"event_name\":\"Career Triangle Expo 2026\",\"amount\":\"150.00\",\"payment_status\":\"pending\",\"action_url\":\"https:\\/\\/angel-lounge.com\\/admin\\/tickets\\/79\\/edit\",\"message\":\"New ticket registration from Kananelo Maketela for Career Triangle Expo 2026\"}',NULL,'2026-01-29 16:10:28','2026-01-29 16:10:28'),('35ab09d9-76be-4b68-82d9-55b65f77f39b','App\\Notifications\\TicketRegistrationNotification','App\\Models\\User',5,'{\"ticket_id\":34,\"ticket_number\":\"TKT-4-NVPhng2T\",\"client_name\":\"test system\",\"event_name\":\"VENTIQ Demo\",\"amount\":\"10.00\",\"payment_status\":\"pending\",\"action_url\":\"https:\\/\\/ventiq.co.ls\\/admin\\/tickets\\/34\\/edit\",\"message\":\"New ticket registration from test system for VENTIQ Demo\"}',NULL,'2026-01-28 08:36:10','2026-01-28 08:36:10'),('37611905-eb9c-4722-92ee-a1b313c89b59','App\\Notifications\\TicketRegistrationNotification','App\\Models\\User',11,'{\"ticket_id\":105,\"ticket_number\":\"TKT-6-NK9WC7PG\",\"client_name\":\"Sefora Rangoanana\",\"event_name\":\"Molao Le Khoebo Annual Conference 2026\",\"amount\":\"1300.00\",\"payment_status\":\"pending\",\"action_url\":\"https:\\/\\/angel-lounge.com\\/admin\\/tickets\\/105\\/edit\",\"message\":\"New ticket registration from Sefora Rangoanana for Molao Le Khoebo Annual Conference 2026\"}',NULL,'2026-02-05 08:15:00','2026-02-05 08:15:00'),('37bfed52-185e-4100-a518-8f1534755f3d','App\\Notifications\\TicketRegistrationNotification','App\\Models\\User',5,'{\"ticket_id\":24,\"ticket_number\":\"TKT-6-00001\",\"client_name\":\"Thapelo Ntsiki\",\"event_name\":\"Molao Le Khoebo Annual Conference 2026\",\"amount\":\"1300.00\",\"payment_status\":\"pending\",\"action_url\":\"https:\\/\\/angel-lounge.com\\/admin\\/tickets\\/24\\/edit\",\"message\":\"New ticket registration from Thapelo Ntsiki for Molao Le Khoebo Annual Conference 2026\"}',NULL,'2026-01-21 14:27:46','2026-01-21 14:27:46'),('3b2cee23-d579-4139-be1e-ee323ce9aa0c','App\\Notifications\\TicketRegistrationNotification','App\\Models\\User',6,'{\"ticket_id\":82,\"ticket_number\":\"TKT-2-d4c1edlA\",\"client_name\":\"Kananelo Maketela\",\"event_name\":\"Career Triangle Expo 2026\",\"amount\":\"150.00\",\"payment_status\":\"pending\",\"action_url\":\"https:\\/\\/angel-lounge.com\\/admin\\/tickets\\/82\\/edit\",\"message\":\"New ticket registration from Kananelo Maketela for Career Triangle Expo 2026\"}',NULL,'2026-01-29 16:44:39','2026-01-29 16:44:39'),('3f77368d-d296-491b-951c-03f972b25431','App\\Notifications\\TicketRegistrationNotification','App\\Models\\User',5,'{\"ticket_id\":82,\"ticket_number\":\"TKT-2-d4c1edlA\",\"client_name\":\"Kananelo Maketela\",\"event_name\":\"Career Triangle Expo 2026\",\"amount\":\"150.00\",\"payment_status\":\"pending\",\"action_url\":\"https:\\/\\/angel-lounge.com\\/admin\\/tickets\\/82\\/edit\",\"message\":\"New ticket registration from Kananelo Maketela for Career Triangle Expo 2026\"}',NULL,'2026-01-29 16:44:39','2026-01-29 16:44:39'),('48f26692-6a1a-4ce0-a4ad-92779cb6858f','App\\Notifications\\TicketRegistrationNotification','App\\Models\\User',5,'{\"ticket_id\":105,\"ticket_number\":\"TKT-6-NK9WC7PG\",\"client_name\":\"Sefora Rangoanana\",\"event_name\":\"Molao Le Khoebo Annual Conference 2026\",\"amount\":\"1300.00\",\"payment_status\":\"pending\",\"action_url\":\"https:\\/\\/angel-lounge.com\\/admin\\/tickets\\/105\\/edit\",\"message\":\"New ticket registration from Sefora Rangoanana for Molao Le Khoebo Annual Conference 2026\"}',NULL,'2026-02-05 08:15:00','2026-02-05 08:15:00'),('4a2ebdb9-e5e9-49f4-8eb5-149ed9dcdcf9','App\\Notifications\\TicketRegistrationNotification','App\\Models\\User',11,'{\"ticket_id\":106,\"ticket_number\":\"TKT-6-dx5UCJJw\",\"client_name\":\"Toka Tjabaka\",\"event_name\":\"Molao Le Khoebo Annual Conference 2026\",\"amount\":\"1300.00\",\"payment_status\":\"pending\",\"action_url\":\"https:\\/\\/ventiq.co.ls\\/admin\\/tickets\\/106\\/edit\",\"message\":\"New ticket registration from Toka Tjabaka for Molao Le Khoebo Annual Conference 2026\"}',NULL,'2026-02-05 14:13:00','2026-02-05 14:13:00'),('4eb89cec-8c47-4d94-be90-627095c3c3de','App\\Notifications\\TicketRegistrationNotification','App\\Models\\User',5,'{\"ticket_id\":33,\"ticket_number\":\"TKT-6-Lzkk0QTk\",\"client_name\":\"Lizzy Spears\",\"event_name\":\"Molao Le Khoebo Annual Conference 2026\",\"amount\":\"1300.00\",\"payment_status\":\"pending\",\"action_url\":\"https:\\/\\/ventiq.co.ls\\/admin\\/tickets\\/33\\/edit\",\"message\":\"New ticket registration from Lizzy Spears for Molao Le Khoebo Annual Conference 2026\"}',NULL,'2026-01-27 19:32:22','2026-01-27 19:32:22'),('50bc21b4-2621-4730-95a9-5b0a962a00fc','App\\Notifications\\TicketRegistrationNotification','App\\Models\\User',5,'{\"ticket_id\":78,\"ticket_number\":\"TKT-2-XwDYJ0c2\",\"client_name\":\"Tony\",\"event_name\":\"Career Triangle Expo 2026\",\"amount\":\"250.00\",\"payment_status\":\"pending\",\"action_url\":\"https:\\/\\/angel-lounge.com\\/admin\\/tickets\\/78\\/edit\",\"message\":\"New ticket registration from Tony for Career Triangle Expo 2026\"}',NULL,'2026-01-29 09:06:48','2026-01-29 09:06:48'),('53e6214c-5500-47af-a9c1-5be2fc75c826','App\\Notifications\\TicketRegistrationNotification','App\\Models\\User',6,'{\"ticket_id\":17,\"ticket_number\":\"TKT-2-00001\",\"client_name\":\"Keneuoe  Mphanya\",\"event_name\":\"Career Triangle Expo 2026\",\"amount\":\"150.00\",\"payment_status\":\"pending\",\"action_url\":\"https:\\/\\/angel-lounge.com\\/admin\\/tickets\\/17\\/edit\",\"message\":\"New ticket registration from Keneuoe  Mphanya for Career Triangle Expo 2026\"}',NULL,'2026-01-19 12:12:24','2026-01-19 12:12:24'),('581f0d34-edf5-4d21-9025-b970dbfdfe15','App\\Notifications\\TicketRegistrationNotification','App\\Models\\User',6,'{\"ticket_id\":41,\"ticket_number\":\"TKT-2-CiiecnS9\",\"client_name\":\"Fefisa Mokete\",\"event_name\":\"Career Triangle Expo 2026\",\"amount\":\"150.00\",\"payment_status\":\"pending\",\"action_url\":\"https:\\/\\/angel-lounge.com\\/admin\\/tickets\\/41\\/edit\",\"message\":\"New ticket registration from Fefisa Mokete for Career Triangle Expo 2026\"}',NULL,'2026-01-28 16:47:12','2026-01-28 16:47:12'),('59266896-ce91-4fcd-9185-4c2d02fa8a1a','App\\Notifications\\TicketRegistrationNotification','App\\Models\\User',6,'{\"ticket_id\":39,\"ticket_number\":\"TKT-2-UZ5T8zBv\",\"client_name\":\"Tatenda Nyanguru\",\"event_name\":\"Career Triangle Expo 2026\",\"amount\":\"150.00\",\"payment_status\":\"pending\",\"action_url\":\"https:\\/\\/angel-lounge.com\\/admin\\/tickets\\/39\\/edit\",\"message\":\"New ticket registration from Tatenda Nyanguru for Career Triangle Expo 2026\"}',NULL,'2026-01-28 14:33:05','2026-01-28 14:33:05'),('5f54a373-ecea-4c59-a224-82ff1575d42e','App\\Notifications\\TicketRegistrationNotification','App\\Models\\User',5,'{\"ticket_id\":106,\"ticket_number\":\"TKT-6-dx5UCJJw\",\"client_name\":\"Toka Tjabaka\",\"event_name\":\"Molao Le Khoebo Annual Conference 2026\",\"amount\":\"1300.00\",\"payment_status\":\"pending\",\"action_url\":\"https:\\/\\/ventiq.co.ls\\/admin\\/tickets\\/106\\/edit\",\"message\":\"New ticket registration from Toka Tjabaka for Molao Le Khoebo Annual Conference 2026\"}',NULL,'2026-02-05 14:13:00','2026-02-05 14:13:00'),('60697c06-cfe2-4598-958a-92b1f81130e0','App\\Notifications\\TicketRegistrationNotification','App\\Models\\User',7,'{\"ticket_id\":11,\"ticket_number\":\"TKT-3-00001\",\"client_name\":\"Celinah Matsie\",\"event_name\":\"MSM 20 Couples Valentine\\u2019s Day Gala Dinner\",\"amount\":\"1600.00\",\"payment_status\":\"pending\",\"action_url\":\"https:\\/\\/angel-lounge.com\\/admin\\/tickets\\/11\\/edit\",\"message\":\"New ticket registration from Celinah Matsie for MSM 20 Couples Valentine\\u2019s Day Gala Dinner\"}',NULL,'2026-01-12 11:12:15','2026-01-12 11:12:15'),('6405d2bd-1d6e-45eb-bac2-59cd2d914ae8','App\\Notifications\\TicketRegistrationNotification','App\\Models\\User',5,'{\"ticket_id\":41,\"ticket_number\":\"TKT-2-CiiecnS9\",\"client_name\":\"Fefisa Mokete\",\"event_name\":\"Career Triangle Expo 2026\",\"amount\":\"150.00\",\"payment_status\":\"pending\",\"action_url\":\"https:\\/\\/angel-lounge.com\\/admin\\/tickets\\/41\\/edit\",\"message\":\"New ticket registration from Fefisa Mokete for Career Triangle Expo 2026\"}',NULL,'2026-01-28 16:47:12','2026-01-28 16:47:12'),('6af58a85-ec1f-4afd-95ea-71999b490028','App\\Notifications\\TicketRegistrationNotification','App\\Models\\User',6,'{\"ticket_id\":42,\"ticket_number\":\"TKT-2-vdoMgbmw\",\"client_name\":\"Fefisa Mokete\",\"event_name\":\"Career Triangle Expo 2026\",\"amount\":\"150.00\",\"payment_status\":\"pending\",\"action_url\":\"https:\\/\\/angel-lounge.com\\/admin\\/tickets\\/42\\/edit\",\"message\":\"New ticket registration from Fefisa Mokete for Career Triangle Expo 2026\"}',NULL,'2026-01-28 17:50:59','2026-01-28 17:50:59'),('6b6f6d76-b141-4326-9279-7d0bee3500ff','App\\Notifications\\TicketRegistrationNotification','App\\Models\\User',11,'{\"ticket_id\":33,\"ticket_number\":\"TKT-6-Lzkk0QTk\",\"client_name\":\"Lizzy Spears\",\"event_name\":\"Molao Le Khoebo Annual Conference 2026\",\"amount\":\"1300.00\",\"payment_status\":\"pending\",\"action_url\":\"https:\\/\\/ventiq.co.ls\\/admin\\/tickets\\/33\\/edit\",\"message\":\"New ticket registration from Lizzy Spears for Molao Le Khoebo Annual Conference 2026\"}',NULL,'2026-01-27 19:32:22','2026-01-27 19:32:22'),('7884a88a-536b-495f-9100-93100c0c8fb1','App\\Notifications\\TicketRegistrationNotification','App\\Models\\User',6,'{\"ticket_id\":37,\"ticket_number\":\"TKT-2-rF9Uo7wX\",\"client_name\":\"Mamoritsoane Tlaba\",\"event_name\":\"Career Triangle Expo 2026\",\"amount\":\"150.00\",\"payment_status\":\"pending\",\"action_url\":\"https:\\/\\/angel-lounge.com\\/admin\\/tickets\\/37\\/edit\",\"message\":\"New ticket registration from Mamoritsoane Tlaba for Career Triangle Expo 2026\"}',NULL,'2026-01-28 10:31:44','2026-01-28 10:31:44'),('7a72460a-d0a0-4743-8b55-f5deba34a403','App\\Notifications\\TicketRegistrationNotification','App\\Models\\User',6,'{\"ticket_id\":81,\"ticket_number\":\"TKT-2-MGtVu7Yp\",\"client_name\":\"Kananelo Maketela\",\"event_name\":\"Career Triangle Expo 2026\",\"amount\":\"150.00\",\"payment_status\":\"pending\",\"action_url\":\"https:\\/\\/angel-lounge.com\\/admin\\/tickets\\/81\\/edit\",\"message\":\"New ticket registration from Kananelo Maketela for Career Triangle Expo 2026\"}',NULL,'2026-01-29 16:42:45','2026-01-29 16:42:45'),('7b7b2d89-976d-4654-9c9b-bb0435e5333c','App\\Notifications\\TicketRegistrationNotification','App\\Models\\User',5,'{\"ticket_id\":81,\"ticket_number\":\"TKT-2-MGtVu7Yp\",\"client_name\":\"Kananelo Maketela\",\"event_name\":\"Career Triangle Expo 2026\",\"amount\":\"150.00\",\"payment_status\":\"pending\",\"action_url\":\"https:\\/\\/angel-lounge.com\\/admin\\/tickets\\/81\\/edit\",\"message\":\"New ticket registration from Kananelo Maketela for Career Triangle Expo 2026\"}',NULL,'2026-01-29 16:42:45','2026-01-29 16:42:45'),('8d3aded7-bdc4-4c70-a6f8-b800b28e6ca4','App\\Notifications\\TicketRegistrationNotification','App\\Models\\User',6,'{\"ticket_id\":79,\"ticket_number\":\"TKT-2-nxAAyjRs\",\"client_name\":\"Kananelo Maketela\",\"event_name\":\"Career Triangle Expo 2026\",\"amount\":\"150.00\",\"payment_status\":\"pending\",\"action_url\":\"https:\\/\\/angel-lounge.com\\/admin\\/tickets\\/79\\/edit\",\"message\":\"New ticket registration from Kananelo Maketela for Career Triangle Expo 2026\"}',NULL,'2026-01-29 16:10:28','2026-01-29 16:10:28'),('8e71b719-58f6-438f-97cc-39b652364595','App\\Notifications\\TicketRegistrationNotification','App\\Models\\User',5,'{\"ticket_id\":25,\"ticket_number\":\"TKT-6-dXqmKoWV\",\"client_name\":\"Thapelo Ntsiki\",\"event_name\":\"Molao Le Khoebo Annual Conference 2026\",\"amount\":\"1300.00\",\"payment_status\":\"pending\",\"action_url\":\"https:\\/\\/angel-lounge.com\\/admin\\/tickets\\/25\\/edit\",\"message\":\"New ticket registration from Thapelo Ntsiki for Molao Le Khoebo Annual Conference 2026\"}',NULL,'2026-01-21 18:51:25','2026-01-21 18:51:25'),('9714d997-dc6f-4c2a-889a-8cf7646dc55b','App\\Notifications\\TicketRegistrationNotification','App\\Models\\User',10,'{\"ticket_id\":28,\"ticket_number\":\"TKT-5-4mKpQtMX\",\"client_name\":\"Maseeiso Liphoto\",\"event_name\":\"Goal Setting Workshop\",\"amount\":\"150.00\",\"payment_status\":\"pending\",\"action_url\":\"https:\\/\\/angel-lounge.com\\/admin\\/tickets\\/28\\/edit\",\"message\":\"New ticket registration from Maseeiso Liphoto for Goal Setting Workshop\"}',NULL,'2026-01-24 06:51:28','2026-01-24 06:51:28'),('9a33e768-066d-4291-879e-3ead9d16e283','App\\Notifications\\TicketRegistrationNotification','App\\Models\\User',5,'{\"ticket_id\":18,\"ticket_number\":\"TKT-2-00002\",\"client_name\":\"Sethuntsa Khali\",\"event_name\":\"Career Triangle Expo 2026\",\"amount\":\"250.00\",\"payment_status\":\"pending\",\"action_url\":\"https:\\/\\/angel-lounge.com\\/admin\\/tickets\\/18\\/edit\",\"message\":\"New ticket registration from Sethuntsa Khali for Career Triangle Expo 2026\"}',NULL,'2026-01-20 12:32:39','2026-01-20 12:32:39'),('9cc172ee-2317-4ec3-b480-1e11076e582d','App\\Notifications\\TicketRegistrationNotification','App\\Models\\User',6,'{\"ticket_id\":38,\"ticket_number\":\"TKT-2-FsH1ZGDe\",\"client_name\":\"Tokelo theko\",\"event_name\":\"Career Triangle Expo 2026\",\"amount\":\"150.00\",\"payment_status\":\"pending\",\"action_url\":\"https:\\/\\/angel-lounge.com\\/admin\\/tickets\\/38\\/edit\",\"message\":\"New ticket registration from Tokelo theko for Career Triangle Expo 2026\"}',NULL,'2026-01-28 10:38:17','2026-01-28 10:38:17'),('ab59ebc2-0fe6-4d46-96ca-9dd2f6718d2b','App\\Notifications\\TicketRegistrationNotification','App\\Models\\User',6,'{\"ticket_id\":40,\"ticket_number\":\"TKT-2-4ZF8TFGH\",\"client_name\":\"Tokelo Theko\",\"event_name\":\"Career Triangle Expo 2026\",\"amount\":\"150.00\",\"payment_status\":\"pending\",\"action_url\":\"https:\\/\\/angel-lounge.com\\/admin\\/tickets\\/40\\/edit\",\"message\":\"New ticket registration from Tokelo Theko for Career Triangle Expo 2026\"}',NULL,'2026-01-28 14:53:34','2026-01-28 14:53:34'),('af0de0db-2568-48d5-963d-e2b39359c5af','App\\Notifications\\TicketRegistrationNotification','App\\Models\\User',5,'{\"ticket_id\":22,\"ticket_number\":\"TKT-4-00004\",\"client_name\":\"Thapelo Ntsiki\",\"event_name\":\"VENTIQ Demo\",\"amount\":\"10.00\",\"payment_status\":\"pending\",\"action_url\":\"https:\\/\\/angel-lounge.com\\/admin\\/tickets\\/22\\/edit\",\"message\":\"New ticket registration from Thapelo Ntsiki for VENTIQ Demo\"}',NULL,'2026-01-21 13:09:24','2026-01-21 13:09:24'),('b9b31426-89d7-43e0-8079-b671c236b102','App\\Notifications\\TicketRegistrationNotification','App\\Models\\User',6,'{\"ticket_id\":78,\"ticket_number\":\"TKT-2-XwDYJ0c2\",\"client_name\":\"Tony\",\"event_name\":\"Career Triangle Expo 2026\",\"amount\":\"250.00\",\"payment_status\":\"pending\",\"action_url\":\"https:\\/\\/angel-lounge.com\\/admin\\/tickets\\/78\\/edit\",\"message\":\"New ticket registration from Tony for Career Triangle Expo 2026\"}',NULL,'2026-01-29 09:06:48','2026-01-29 09:06:48'),('d1f735d5-db20-4500-8f3d-106773bf0c45','App\\Notifications\\TicketRegistrationNotification','App\\Models\\User',5,'{\"ticket_id\":1,\"ticket_number\":\"TKT-1-00001\",\"client_name\":\"Nthabiseng Makepe\",\"event_name\":\"Expressions: Bloom in Power\",\"amount\":\"950.00\",\"payment_status\":\"pending\",\"action_url\":\"https:\\/\\/angel-lounge.com\\/admin\\/tickets\\/1\\/edit\",\"message\":\"New ticket registration from Nthabiseng Makepe for Expressions: Bloom in Power\"}',NULL,'2026-01-09 07:13:52','2026-01-09 07:13:52'),('d9a7d057-5446-40a4-a95d-57fcd637f478','App\\Notifications\\TicketRegistrationNotification','App\\Models\\User',5,'{\"ticket_id\":37,\"ticket_number\":\"TKT-2-rF9Uo7wX\",\"client_name\":\"Mamoritsoane Tlaba\",\"event_name\":\"Career Triangle Expo 2026\",\"amount\":\"150.00\",\"payment_status\":\"pending\",\"action_url\":\"https:\\/\\/angel-lounge.com\\/admin\\/tickets\\/37\\/edit\",\"message\":\"New ticket registration from Mamoritsoane Tlaba for Career Triangle Expo 2026\"}',NULL,'2026-01-28 10:31:44','2026-01-28 10:31:44'),('ddc03fd9-04ef-470d-80d2-5cb689749bc3','App\\Notifications\\TicketRegistrationNotification','App\\Models\\User',9,'{\"ticket_id\":22,\"ticket_number\":\"TKT-4-00004\",\"client_name\":\"Thapelo Ntsiki\",\"event_name\":\"VENTIQ Demo\",\"amount\":\"10.00\",\"payment_status\":\"pending\",\"action_url\":\"https:\\/\\/angel-lounge.com\\/admin\\/tickets\\/22\\/edit\",\"message\":\"New ticket registration from Thapelo Ntsiki for VENTIQ Demo\"}',NULL,'2026-01-21 13:09:24','2026-01-21 13:09:24'),('e17f8c1b-8f2b-4564-a29d-4c115b531ac1','App\\Notifications\\TicketRegistrationNotification','App\\Models\\User',6,'{\"ticket_id\":18,\"ticket_number\":\"TKT-2-00002\",\"client_name\":\"Sethuntsa Khali\",\"event_name\":\"Career Triangle Expo 2026\",\"amount\":\"250.00\",\"payment_status\":\"pending\",\"action_url\":\"https:\\/\\/angel-lounge.com\\/admin\\/tickets\\/18\\/edit\",\"message\":\"New ticket registration from Sethuntsa Khali for Career Triangle Expo 2026\"}',NULL,'2026-01-20 12:32:39','2026-01-20 12:32:39'),('e7e8d788-f351-4dfb-9ada-37e8df1f3d5c','App\\Notifications\\TicketRegistrationNotification','App\\Models\\User',6,'{\"ticket_id\":80,\"ticket_number\":\"TKT-2-WWzfHRkr\",\"client_name\":\"Kananelo Maketela\",\"event_name\":\"Career Triangle Expo 2026\",\"amount\":\"150.00\",\"payment_status\":\"pending\",\"action_url\":\"https:\\/\\/angel-lounge.com\\/admin\\/tickets\\/80\\/edit\",\"message\":\"New ticket registration from Kananelo Maketela for Career Triangle Expo 2026\"}',NULL,'2026-01-29 16:41:33','2026-01-29 16:41:33'),('eef6b8d2-ad39-4bc2-93b7-202a5ad5e19e','App\\Notifications\\TicketRegistrationNotification','App\\Models\\User',9,'{\"ticket_id\":34,\"ticket_number\":\"TKT-4-NVPhng2T\",\"client_name\":\"test system\",\"event_name\":\"VENTIQ Demo\",\"amount\":\"10.00\",\"payment_status\":\"pending\",\"action_url\":\"https:\\/\\/ventiq.co.ls\\/admin\\/tickets\\/34\\/edit\",\"message\":\"New ticket registration from test system for VENTIQ Demo\"}',NULL,'2026-01-28 08:36:10','2026-01-28 08:36:10'),('eefc1c0c-3240-4f81-8723-8a87d737efba','App\\Notifications\\TicketRegistrationNotification','App\\Models\\User',6,'{\"ticket_id\":29,\"ticket_number\":\"TKT-2-EuZJpXJN\",\"client_name\":\"Katleho Raphoolo\",\"event_name\":\"Career Triangle Expo 2026\",\"amount\":\"150.00\",\"payment_status\":\"pending\",\"action_url\":\"https:\\/\\/angel-lounge.com\\/admin\\/tickets\\/29\\/edit\",\"message\":\"New ticket registration from Katleho Raphoolo for Career Triangle Expo 2026\"}',NULL,'2026-01-24 08:51:50','2026-01-24 08:51:50'),('fce0a1b5-df84-48df-818f-6e0631851751','App\\Notifications\\TicketRegistrationNotification','App\\Models\\User',5,'{\"ticket_id\":42,\"ticket_number\":\"TKT-2-vdoMgbmw\",\"client_name\":\"Fefisa Mokete\",\"event_name\":\"Career Triangle Expo 2026\",\"amount\":\"150.00\",\"payment_status\":\"pending\",\"action_url\":\"https:\\/\\/angel-lounge.com\\/admin\\/tickets\\/42\\/edit\",\"message\":\"New ticket registration from Fefisa Mokete for Career Triangle Expo 2026\"}',NULL,'2026-01-28 17:50:59','2026-01-28 17:50:59'),('fd39697e-c690-4f81-9dca-698fe0d744ae','App\\Notifications\\TicketRegistrationNotification','App\\Models\\User',5,'{\"ticket_id\":11,\"ticket_number\":\"TKT-3-00001\",\"client_name\":\"Celinah Matsie\",\"event_name\":\"MSM 20 Couples Valentine\\u2019s Day Gala Dinner\",\"amount\":\"1600.00\",\"payment_status\":\"pending\",\"action_url\":\"https:\\/\\/angel-lounge.com\\/admin\\/tickets\\/11\\/edit\",\"message\":\"New ticket registration from Celinah Matsie for MSM 20 Couples Valentine\\u2019s Day Gala Dinner\"}',NULL,'2026-01-12 11:12:15','2026-01-12 11:12:15'),('fef97719-7d52-41b0-819f-3c9b191fa980','App\\Notifications\\TicketRegistrationNotification','App\\Models\\User',5,'{\"ticket_id\":38,\"ticket_number\":\"TKT-2-FsH1ZGDe\",\"client_name\":\"Tokelo theko\",\"event_name\":\"Career Triangle Expo 2026\",\"amount\":\"150.00\",\"payment_status\":\"pending\",\"action_url\":\"https:\\/\\/angel-lounge.com\\/admin\\/tickets\\/38\\/edit\",\"message\":\"New ticket registration from Tokelo theko for Career Triangle Expo 2026\"}',NULL,'2026-01-28 10:38:17','2026-01-28 10:38:17');
/*!40000 ALTER TABLE `notifications` ENABLE KEYS */;
UNLOCK TABLES;

--
-- Table structure for table `organization_payment_methods`
--

DROP TABLE IF EXISTS `organization_payment_methods`;
/*!40101 SET @saved_cs_client     = @@character_set_client */;
/*!50503 SET character_set_client = utf8mb4 */;
CREATE TABLE `organization_payment_methods` (
  `id` bigint unsigned NOT NULL AUTO_INCREMENT,
  `organization_id` bigint unsigned NOT NULL,
  `payment_method` varchar(50) COLLATE utf8mb4_unicode_ci NOT NULL,
  `account_name` varchar(255) COLLATE utf8mb4_unicode_ci DEFAULT NULL,
  `account_number` varchar(255) COLLATE utf8mb4_unicode_ci DEFAULT NULL,
  `instructions` text COLLATE utf8mb4_unicode_ci,
  `is_active` tinyint(1) NOT NULL DEFAULT '1',
  `display_order` int NOT NULL DEFAULT '0',
  `created_at` timestamp NULL DEFAULT NULL,
  `updated_at` timestamp NULL DEFAULT NULL,
  PRIMARY KEY (`id`),
  KEY `organization_payment_methods_organization_id_foreign` (`organization_id`),
  KEY `organization_payment_methods_is_active_index` (`is_active`),
  CONSTRAINT `organization_payment_methods_organization_id_foreign` FOREIGN KEY (`organization_id`) REFERENCES `organizations` (`id`) ON DELETE CASCADE
) ENGINE=InnoDB AUTO_INCREMENT=18 DEFAULT CHARSET=utf8mb4 COLLATE=utf8mb4_unicode_ci;
/*!40101 SET character_set_client = @saved_cs_client */;

--
-- Dumping data for table `organization_payment_methods`
--

LOCK TABLES `organization_payment_methods` WRITE;
/*!40000 ALTER TABLE `organization_payment_methods` DISABLE KEYS */;
INSERT INTO `organization_payment_methods` VALUES (1,1,'mpesa','Nthabiseng Makepe','+266 5949 4756','Send Payment with Reference Name',1,0,'2026-01-09 06:57:00','2026-01-09 06:57:00'),(2,1,'ecocash','Nthabiseng Makepe','+266 6307 5574','Send Reference as your name',1,0,'2026-01-09 06:58:01','2026-01-09 06:58:01'),(3,1,'cash',NULL,NULL,NULL,1,0,'2026-01-10 06:14:15','2026-01-10 06:14:15'),(4,2,'mpesa','The Curriculum Expert',' 59650001',NULL,1,0,'2026-01-12 08:00:23','2026-01-12 08:00:23'),(5,2,'ecocash','The Curriculum Expert','109802',NULL,1,0,'2026-01-12 08:00:47','2026-01-12 08:00:47'),(6,2,'cash',NULL,NULL,NULL,1,0,'2026-01-12 08:00:57','2026-01-12 08:00:57'),(7,3,'mpesa','Mohau Mosoenyane','56506092',NULL,1,0,'2026-01-12 09:29:03','2026-01-12 09:29:03'),(8,3,'ecocash','Mohau Mosoenyane','62062250',NULL,1,0,'2026-01-12 09:29:34','2026-01-12 09:29:34'),(9,3,'cash',NULL,NULL,NULL,1,0,'2026-01-12 09:29:53','2026-01-12 09:29:53'),(10,4,'mpesa','VENTIQ','57802943','Make Reference the name of mpesa or agent you sending from',1,0,'2026-01-19 10:31:36','2026-01-19 10:31:36'),(11,4,'ecocash','VENTIQ','62552155','Reference should be the name or agent of the number sending',1,0,'2026-01-19 10:32:31','2026-01-19 10:32:31'),(12,4,'cash',NULL,NULL,'You can pay at the venue',1,0,'2026-01-19 10:32:51','2026-01-19 10:32:51'),(13,5,'mpesa',NULL,'59778966','Please send proof of payment via WhatsApp after payment.',1,0,'2026-01-21 08:39:29','2026-01-21 08:39:29'),(14,6,'cash',NULL,NULL,'Pay cash at our offices located at:\n- Carlton Centre, 3rd Floor, Suites \n 309 & 310, Kingsway Road, Maseru. \n\n- NAD Complex, Near Butha-Buthe High School, Butha-Buthe.',1,0,'2026-01-21 14:09:49','2026-01-21 18:48:05'),(15,6,'mpesa','Thapelo Ntsiki','+266 56281601','The M-Pesa account holder is Thapelo Ntsiki. ',1,0,'2026-01-21 18:21:11','2026-01-21 18:49:20'),(16,6,'ecocash','Thapelo Ntsiki','+266 62727787','The Ecocash account holder is Thapelo Ntsiki. ',1,0,'2026-01-21 18:23:07','2026-01-21 18:49:50'),(17,6,'bank_transfer','E Legal Solutions Inc Pty Ltd (Nedbank)','11990283631','This is a Nedbank Lesotho Limited Account for e-Legal Solutions Inc.\n\nUse your ticket number as reference. ',1,0,'2026-01-21 18:27:02','2026-01-21 18:28:43');
/*!40000 ALTER TABLE `organization_payment_methods` ENABLE KEYS */;
UNLOCK TABLES;

--
-- Table structure for table `organizations`
--

DROP TABLE IF EXISTS `organizations`;
/*!40101 SET @saved_cs_client     = @@character_set_client */;
/*!50503 SET character_set_client = utf8mb4 */;
CREATE TABLE `organizations` (
  `id` bigint unsigned NOT NULL AUTO_INCREMENT,
  `name` varchar(255) COLLATE utf8mb4_unicode_ci NOT NULL,
  `slug` varchar(255) COLLATE utf8mb4_unicode_ci DEFAULT NULL,
  `email` varchar(255) COLLATE utf8mb4_unicode_ci NOT NULL,
  `contact_email` varchar(255) COLLATE utf8mb4_unicode_ci DEFAULT NULL,
  `phone` varchar(255) COLLATE utf8mb4_unicode_ci DEFAULT NULL,
  `description` text COLLATE utf8mb4_unicode_ci,
  `tagline` varchar(255) COLLATE utf8mb4_unicode_ci DEFAULT NULL,
  `website` varchar(255) COLLATE utf8mb4_unicode_ci DEFAULT NULL,
  `logo_path` varchar(255) COLLATE utf8mb4_unicode_ci DEFAULT NULL,
  `is_active` tinyint(1) NOT NULL DEFAULT '1',
  `agent_id` bigint unsigned DEFAULT NULL,
  `created_at` timestamp NULL DEFAULT NULL,
  `updated_at` timestamp NULL DEFAULT NULL,
  `registered_via_agent_at` timestamp NULL DEFAULT NULL,
  `registration_source` varchar(255) COLLATE utf8mb4_unicode_ci DEFAULT NULL,
  PRIMARY KEY (`id`),
  UNIQUE KEY `organizations_name_unique` (`name`),
  UNIQUE KEY `organizations_email_unique` (`email`),
  UNIQUE KEY `organizations_slug_unique` (`slug`),
  KEY `organizations_agent_id_foreign` (`agent_id`),
  CONSTRAINT `organizations_agent_id_foreign` FOREIGN KEY (`agent_id`) REFERENCES `agents` (`id`) ON DELETE SET NULL
) ENGINE=InnoDB AUTO_INCREMENT=8 DEFAULT CHARSET=utf8mb4 COLLATE=utf8mb4_unicode_ci;
/*!40101 SET character_set_client = @saved_cs_client */;

--
-- Dumping data for table `organizations`
--

LOCK TABLES `organizations` WRITE;
/*!40000 ALTER TABLE `organizations` DISABLE KEYS */;
INSERT INTO `organizations` VALUES (1,'Expressions Conference','expressions-conference','nthabisengmakepe7@gmail.com',NULL,'+26659494756',NULL,'Bloom in Power',NULL,NULL,1,NULL,'2026-01-09 06:54:59','2026-01-09 06:54:59',NULL,NULL),(2,'The Curriculum Expert','the-curriculum-expert','admin@lesothochina.ac.ls',NULL,'+26663804023','Connecting students, parents & teachers in making informed career choices','The Curriculum Expert',NULL,NULL,1,NULL,'2026-01-12 07:52:44','2026-01-12 07:52:44',NULL,NULL),(3,'MSM – The Success Masters','msm-the-success-masters','msmtrainings@gmail.com',NULL,'+26656506092','We empower individuals, businesses, NGOs and governments with up to date information to function at their highest level. ','MSM – The Success Masters',NULL,NULL,1,NULL,'2026-01-12 09:26:46','2026-01-12 09:26:46',NULL,NULL),(4,'VENTIQ Demo','ventiq-demo','info@ventiq.co.ls','support@ventiq.co.ls','62552155','Experience the Future of Events Innovation ','VENTIQ Demo',NULL,NULL,1,NULL,'2026-01-19 10:28:39','2026-01-19 10:28:39',NULL,NULL),(5,'Goal Setting','goal-setting','goalsetting@ventiq.co.ls',NULL,NULL,NULL,'Goal Setting',NULL,NULL,1,NULL,'2026-01-21 08:37:38','2026-01-21 08:37:38',NULL,NULL),(6,'E-Legal Solutions Inc','e-legal-solutions-inc','info@e-legal.solutions',NULL,'+266 2246 0601','Building Legal Resilience in Lesotho’s Private Sector','E-Legal Solutions Inc',NULL,NULL,1,NULL,'2026-01-21 14:06:47','2026-01-21 14:06:47',NULL,NULL);
/*!40000 ALTER TABLE `organizations` ENABLE KEYS */;
UNLOCK TABLES;

--
-- Table structure for table `partners`
--

DROP TABLE IF EXISTS `partners`;
/*!40101 SET @saved_cs_client     = @@character_set_client */;
/*!50503 SET character_set_client = utf8mb4 */;
CREATE TABLE `partners` (
  `id` bigint unsigned NOT NULL AUTO_INCREMENT,
  `title` varchar(255) COLLATE utf8mb4_unicode_ci DEFAULT NULL,
  `designation` varchar(255) COLLATE utf8mb4_unicode_ci DEFAULT NULL,
  `full_name` varchar(255) COLLATE utf8mb4_unicode_ci NOT NULL,
  `email` varchar(255) COLLATE utf8mb4_unicode_ci DEFAULT NULL,
  `phone` varchar(255) COLLATE utf8mb4_unicode_ci DEFAULT NULL,
  `region` varchar(255) COLLATE utf8mb4_unicode_ci DEFAULT NULL,
  `zone` varchar(255) COLLATE utf8mb4_unicode_ci DEFAULT NULL,
  `group` varchar(255) COLLATE utf8mb4_unicode_ci DEFAULT NULL,
  `church` varchar(255) COLLATE utf8mb4_unicode_ci DEFAULT NULL,
  `tier` varchar(100) COLLATE utf8mb4_unicode_ci NOT NULL DEFAULT 'ruby',
  `ror_copies_sponsored` int DEFAULT NULL,
  `will_attend_ippc` tinyint(1) NOT NULL DEFAULT '0',
  `will_be_at_exhibition` tinyint(1) DEFAULT NULL,
  `delivery_method` text COLLATE utf8mb4_unicode_ci,
  `coming_with_spouse` tinyint(1) NOT NULL DEFAULT '0',
  `spouse_title` varchar(255) COLLATE utf8mb4_unicode_ci DEFAULT NULL,
  `spouse_name` varchar(255) COLLATE utf8mb4_unicode_ci DEFAULT NULL,
  `spouse_kc_handle` varchar(255) COLLATE utf8mb4_unicode_ci DEFAULT NULL,
  `registration_token` varchar(64) COLLATE utf8mb4_unicode_ci DEFAULT NULL,
  `verification_token` varchar(64) COLLATE utf8mb4_unicode_ci DEFAULT NULL,
  `qr_code_path` varchar(255) COLLATE utf8mb4_unicode_ci DEFAULT NULL,
  `is_registered` tinyint(1) NOT NULL DEFAULT '0',
  `token_used_at` timestamp NULL DEFAULT NULL,
  `email_pending` tinyint(1) NOT NULL DEFAULT '0',
  `email_sent` tinyint(1) NOT NULL DEFAULT '0',
  `email_failed` tinyint(1) NOT NULL DEFAULT '0',
  `email_response` text COLLATE utf8mb4_unicode_ci,
  `created_at` timestamp NULL DEFAULT NULL,
  `updated_at` timestamp NULL DEFAULT NULL,
  PRIMARY KEY (`id`)
) ENGINE=InnoDB AUTO_INCREMENT=1492 DEFAULT CHARSET=utf8mb4 COLLATE=utf8mb4_unicode_ci;
/*!40101 SET character_set_client = @saved_cs_client */;

--
-- Dumping data for table `partners`
--

LOCK TABLES `partners` WRITE;
/*!40000 ALTER TABLE `partners` DISABLE KEYS */;
INSERT INTO `partners` VALUES (1222,'Pastor',NULL,'Nduka Alex','ndukaalex@gmail.com',NULL,'BLW EUROPE REGION','ZONE A','BLW UK ZONE A','BLW UK ZONE A','diamond',2847263,0,NULL,NULL,0,NULL,NULL,NULL,'03ZsPbaBTLtsW6rZSQGWcKQ0DP4F8jlr5WISMiMBKnsIqkwvkoQnUbkAflDZp9g0','2lXT0JdxpcYRVSrvhMmYghjc4Qxp7I8Sd48syHddYxpXSYJR8QMI8IKH03TpMsa3',NULL,0,NULL,0,1,0,'Sent successfully on attempt 1','2025-11-07 10:45:49','2025-11-13 18:47:41'),(1223,'Pastor',NULL,'Deba Erhabor','Debaerhabor@yahoo.com',NULL,'BLW EUROPE REGION','ZONE C','BLW UK ZONE C','BLW UK ZONE C','diamond',1000000,0,NULL,NULL,0,NULL,NULL,NULL,'W40YeZIUu84a2Xo49EV9uRUb5QzIQ1wM98K9WapQet8XbIAZo5bS5nq9ybC3NTYr','xfwK9wgLVzlgfwwQKu321eppOLNmR3L2qW4jeGs3xe3DkQJyjkXbqF8HfuwP1GCm',NULL,0,NULL,0,1,0,'Sent successfully on attempt 1','2025-11-07 10:45:49','2025-11-13 18:47:43'),(1224,'Pastor',NULL,'Excellence Igwele','igweleu@yahoo.com',NULL,'BLW EUROPE REGION','ZONE A','BLW Group E','BLW Group E','diamond',1000000,0,NULL,NULL,0,NULL,NULL,NULL,'5V00Ni5SMVUR1FDNv3HIIgZxAC7628xJs0H2Q9RYQynZlvjINKpEoYToyw1U7rAh','RFik87kuMRFewXHtIBm10XxvhntPGDiwHQNX32cXhkoGIHMZyns5qIuawGX89DIF',NULL,0,NULL,0,1,0,'Sent successfully on attempt 1','2025-11-07 10:45:49','2025-11-13 18:47:44'),(1225,'Reverend',NULL,'Ken Oyakhilome','pastorcynthiasaah@gmail.com',NULL,'CANADA REGION','Toronto Zone','Toronto Super Group','Toronto Super Group','diamond',1000000,0,NULL,NULL,0,NULL,NULL,NULL,'Vur2rvf6gd63P8Glc6gHBY7NHaq6bpmxL4kpBOQo5WJcbtzUEtlZdeWrS0LrLhg5','QoI2CJaPL2j1yvLesD4W5k0KcQ4VNc7yeDRsoXh4hO68tBFDcSRzLG3Ww4Nr8BIW',NULL,0,NULL,0,1,0,'Sent successfully on attempt 1','2025-11-07 10:45:49','2025-11-13 18:47:45'),(1226,'Pastor',NULL,'Kobby Saah','Gyansaah@hotmail.com',NULL,'CANADA REGION','Toronto Zone','Calgary Group','Calgary Group','diamond',1000000,0,NULL,NULL,0,NULL,NULL,NULL,'Nlxz77zdnWCGpnlzPOz2ePtwVCj8GBfNrY6RTTT1YQ3vFKLPsDEj0FEPAtdxNWkn','mQsLYfqMTmzFxa5x110qboLams9a71lHuxngrs4qRbhOxiPAIPjYfUaHotEW1DLR',NULL,0,NULL,0,1,0,'Sent successfully on attempt 1','2025-11-07 10:45:49','2025-11-13 18:47:47'),(1227,'Pastor','Group Pastor','Chuks Anyanwu','pastorchuks@mail.com','+2340610476241','Region 1','SA Zone 2','CE South Group','CE South','diamond',0,1,1,NULL,1,'Pastor','Linda','Lindaanyanwu','slNap5ZZNwoG1zi6dEgfE74vGifKsAjVl3AhnTcErVbY1HjenVczBodMYW7WXGM7','CgSShDFWdhliNQ62xoXUKyed4NxRziDsd1SfwoMmenYPBPHeTyIjKLZ0r59naX1z','qr_codes/partner_1227.png',1,'2025-11-07 12:19:07',0,1,0,'Sent successfully on attempt 1','2025-11-07 10:45:49','2025-11-13 18:47:48'),(1228,'Pastor',NULL,'Francis Fernandes','francisfernades21@gmail.com',NULL,'Region 1','Middle East & South East Asia','CE Dubai 1','CE Dubai 1','diamond',1001000,0,NULL,NULL,0,NULL,NULL,NULL,'aBdXeWAZX7o45cOscDRUsUEGlCxrYc87q9JPUX1IHoWTdPhA5orzQoitiibmPltN','wh8kv0HBN6e3cnAKZEOOMiCHnlawo1CAbvAXWNwP1RCwS4xEeOakEN28pp8KwFVh',NULL,0,NULL,0,1,0,'Sent successfully on attempt 1','2025-11-07 10:45:49','2025-11-13 18:47:50'),(1229,'Pastor',NULL,' Lekan Ayejimiwo','olalekanatejimiwo@gmail.com',NULL,'REGION 3','CHAD ZONE','CC GROUP',NULL,'diamond',2000000,0,NULL,NULL,0,NULL,NULL,NULL,'rUl7Sfs09V5D1eiUDI90b5DY0Lldx6qFukP6cL7gJHXESCOapKqZ7dcBT67RmTs5','4lvfD0H17ylyHrCoPrf4lG5cwsceGFi0dAJ6qUZLWJvafeQPtLT3EBde9sGqm2ZJ',NULL,0,NULL,0,1,0,'Sent successfully on attempt 1','2025-11-07 10:45:50','2025-11-13 18:47:51'),(1230,'Pastor',NULL,'Korede Peters','kayp10000@gmail.com',NULL,'REGION 3','LAGOS ZONE 1','ABULE EGBA 1 GROUP',NULL,'diamond',1000834,0,NULL,NULL,0,NULL,NULL,NULL,'9IhUjehrEJG4RvAefUSrH9claNxOzy24gVnHOWNtrYt4xT6JJGne2H7RmH7nM4fX','XLCcJO3qZQKgxUcSprG1BA6eTH1aDvOWNMs7lGUWTzl41tRmdjHMojXBrjgCcf8c',NULL,0,NULL,0,1,0,'Sent successfully on attempt 1','2025-11-07 10:45:50','2025-11-13 18:47:52'),(1231,'Pastor',NULL,'Louis Osademe','ceckampala@yahoo.com',NULL,'REGION 3','EWCA ZONE 3','MAIN CHURCH GROUP',NULL,'diamond',1000000,0,NULL,NULL,0,NULL,NULL,NULL,'TCyQF80AnE2dL90PySmVFdXakmOSk49tayKZHM1riz4pOivYYjx6eOeNoHaCQszg','Ko5Go4jpnUvd5ByiuzDq6Riae9EuUSrGBdMlfDeIGtLBjStlZDHV4pmXTkfohpui',NULL,0,NULL,0,1,0,'Sent successfully on attempt 1','2025-11-07 10:45:50','2025-11-13 18:47:54'),(1232,'Pastor',NULL,'Cyril Ogude','cyrilogude77@gmail.com',NULL,'REGION 4','PH ZONE 3','CC 1 GROUP',NULL,'diamond',1148430,0,NULL,NULL,0,NULL,NULL,NULL,'uzTVhbSTYlCNV3jGTpzWlmeS3i2mjkzjGgdIbZExMU3WRDoQnElNs1GesaguoI55','qoVWnwGD9rjQNjVXg3orRKExjOQZeKeFHDyTXSCiGW7l1LE5XndydDfS4m2vJvNB',NULL,0,NULL,0,1,0,'Sent successfully on attempt 1','2025-11-07 10:45:50','2025-11-13 18:47:55'),(1233,'Pastor','Group Pastor','Isaac Mbalaso','wcprojects7@gmail.com','+23408028283035','REGION 4','PH ZONE 2','CE CONVENTION GROUND','CE CONVENTION GROUNDS','diamond',0,1,1,NULL,1,'Pastor','Veronica Mbalaso','@veronicambalaso','KptsqEr7R5othsR6VkXYhXGSkItFN0jRBOx4315usHQ8pHDNP9qp6tILdm4Zv3Fl','86LgFIzveA5MdjhDVwGYV2DrJct73za0DvB3lFFe2ejRPaE7lKx2DRFGv6AswA1Q','qr_codes/partner_1233.png',1,'2025-11-10 07:57:39',0,1,0,'Sent successfully on attempt 1','2025-11-07 10:45:50','2025-11-13 18:47:57'),(1234,'Pastor','Group Pastor','Solayinka Agboola','pastorpsy@loveworld360.com','+2348037100855','LAGOS REGION','CELVZ','CHURCH 2B','Church 2b','diamond',0,1,1,NULL,0,NULL,NULL,NULL,'vhOl46ZC8fVDsR7mmi7Ox6zJUH6cEX1MXERI7JukiRjd6LRShkNowK5ZzgWlgt5G','0z4N0fX8VkKVEcYg77itSYFo7o09bzvHcBLpvN9eVP5EY8adW5u6UZZ55tcPCocZ','qr_codes/partner_1234.png',1,'2025-11-12 13:38:39',0,1,0,'Sent successfully on attempt 1','2025-11-07 10:45:50','2025-11-13 18:47:58'),(1235,'Pastor',NULL,'Sade Imoagene','pastorsade@loveworld360.com',NULL,'REGION 4','CELVZ','CHURCH 2G',NULL,'diamond',1408533,0,NULL,NULL,0,NULL,NULL,NULL,'s0GYSGHDCW0Nec8CGvhSDkHRxkbhX1w5Y5YIiWQRtHAdO6iGOBVgA7UWFylJV13X','bYQQ98iooGpntW6XX6VPtC9zDjLLLd4ETawHA78RdXyzkFbup12j0YXhXURABZOr',NULL,0,NULL,0,1,0,'Sent successfully on attempt 1','2025-11-07 10:45:50','2025-11-13 18:48:00'),(1236,'Pastor',NULL,'Yemisi Kudehinbu','director.lagosvirtualzone@loveworld360.com',NULL,'REGION 4','CELVZ','CORNERSTONE',NULL,'diamond',2504200,0,NULL,NULL,0,NULL,NULL,NULL,'rceStqpvyXOr1NhVf7RC9fuDbGDnCAv8CWNUwJI0RIMEzg7MbbQR5JXbABELlHo1','JXFHV7M3eOb9NKu4BSJICCWzH9NE2QF8qm8nBgNNApwa7qs2cfEslu7933OXPJ0h',NULL,0,NULL,0,1,0,'Sent successfully on attempt 1','2025-11-07 10:45:50','2025-11-13 18:48:01'),(1237,'Pastor',NULL,'Linda Okocha','pastorlinda@loveworld360.com',NULL,'REGION 4','PH ZONE 3','LIMITLESS GROUP',NULL,'diamond',2504200,0,NULL,NULL,0,NULL,NULL,NULL,'n6apegpIOJ7UpucRhVdVYIdpykO2HzuCS99eQCjmAjzdE1QxkXQbfmXLNNFdHOZH','t1rvFFPkfRxAIxeJz6v7Yh6wRtfGN2ntXMz43XDxd95G4gdo77M2TfsRhGrBJu7j',NULL,0,NULL,0,1,0,'Sent successfully on attempt 1','2025-11-07 10:45:50','2025-11-13 18:48:03'),(1238,'Pastor','Zonal Pastor','Emeka Ohiri','mexxstudy@yahoo.com','+23408035354494','REGION 4','PH ZONE 2','CE LOVEWORLD ARENA','CE LOVEWORLD ARENA','diamond',0,1,1,NULL,0,NULL,NULL,NULL,'xmxv5kctY9qrbgRtK4aRwTcKIx1CAKxLzQE6feZia36HWiHuy5bzoGv3DBklAdjP','kAAWogHR7OGMYVkE8B9N9ch711HO8pXQ9dz2F8TELPT5ZgRXuVdYOomLaPsYFovW','qr_codes/partner_1238.png',1,'2025-11-10 12:46:25',0,1,0,'Sent successfully on attempt 1','2025-11-07 10:45:50','2025-11-13 18:48:04'),(1239,'Pastor',NULL,'Moses Olayemi','pastormosesolayemi@gmail.com',NULL,'REGION 5','BENIN ZONE 1','EREDIAWA GROUP','EREDIAWA GROUP','diamond',3224204,0,NULL,NULL,0,NULL,NULL,NULL,'CNhXlVhi9GGkrrzI2dAb2VQQZmrp3Id4Kw7Y7LYXWzKZf7dw4WREUSjgt68V9Ijy','N3ssCHClGbsGwlDf7Z7RmM2PFzzGuYZlsiNq0FLrLa2Ns0ZRzyn6QtoNVEq8z2ZL',NULL,0,NULL,0,1,0,'Sent successfully on attempt 1','2025-11-07 10:45:50','2025-11-13 18:48:06'),(1240,'Pastor',NULL,'David Bankole','laykimo@yahoo.co.uk',NULL,'UK DSP','UK ZONE 3 DSP','Croydon Group','Croydon Group','diamond',1003616,0,NULL,NULL,0,NULL,NULL,NULL,'Nw7D4NFZmDjK4CGrxu0bkozakgrMiGmxVoNsSaPtg00Qv2ad69k8ulIlY1jfAbdC','ueIdHmBRJRCY4k9W7SiUAeELAE1Lv3zHmY7wCFbnwjlhYbkq9pNWsAlIEd0luaw7',NULL,0,NULL,0,1,0,'Sent successfully on attempt 1','2025-11-07 10:45:50','2025-11-13 18:48:07'),(1241,'Pastor',NULL,'Tayo Ojo',' jerrymbawa@gmail.com',NULL,'UK R2','UKZN1R2','Catford Group','Catford Group','diamond',1000000,0,NULL,NULL,0,NULL,NULL,NULL,'EccvruBddUulGLr1Wlr0OEAsv7Tz6kfWwoicTqGcTDrlQxT0VahmtBehjHg3nuxr','GC1xJtod7Zz6I32tSLV1qIy2pt2T4ouvzKOZQGoeRNWAkY19aujzcokWPCPBJIOy',NULL,0,NULL,0,1,0,'Sent successfully on attempt 1','2025-11-07 10:45:50','2025-11-13 18:48:09'),(1242,'Pastor',NULL,'Wilson Grace Okaka','Wilson.okaka@yahoo.com',NULL,'UK R2','UKZN4R2','Barking Group','Barking Group','diamond',1086153,0,NULL,NULL,0,NULL,NULL,NULL,'e1ZlkUtvdOcrtkmi5lJgC034tZCLjc8uBZKJY1xnjRUBFdicJJcPtH7G60Y3MD0z','c0Ma8vqPvq1wfwJNdlIIxyQWRyXBsC2XweqwXkJ4n4ktxSPJEUiref2DQR8wvO1S',NULL,0,NULL,0,1,0,'Sent successfully on attempt 1','2025-11-07 10:45:50','2025-11-13 18:48:10'),(1243,'Pastor',NULL,'Dupe Okei','pastordupe17@gmail.com',NULL,'USAR1','USR1ZN1','Maryland Group 1','Maryland Group 1','diamond',1024456,0,NULL,NULL,0,NULL,NULL,NULL,'CbZd4sD36E7AFsN5ZvmOGqRHG2cDkaJVW1LFJ2ij9KxkyNb0XaTRMHsMrVno3xy3','tNbuXqXv5IrLW05zMWYIXJrRjXvpI7oeSZCmPI4FuWaaMJOF2r3OtiArOvQnkVy8',NULL,0,NULL,0,1,0,'Sent successfully on attempt 1','2025-11-07 10:45:50','2025-11-13 18:48:11'),(1244,'Pastor',NULL,'Femi Olumurewa','olumurewa@yahoo.com',NULL,'USAR1','USR1Z2','NY Megalopolis Group 1','NY Megalopolis Group 1','diamond',1000000,0,NULL,NULL,0,NULL,NULL,NULL,'EgMUTaMJKllbn0LUnakFmVbdTRagzyjANk6G6zyeYCMY79oc7gC4IGscLA6UWJsj','867hEFQpaqE14K2CSeXaxK06wC3YFDp5xvAR4vFTyNuxtpcIB9q5HNAfomEBlHkY',NULL,0,NULL,0,1,0,'Sent successfully on attempt 1','2025-11-07 10:45:50','2025-11-13 18:48:13'),(1245,'Pastor',NULL,'Itee Olumurewa','itohan1@yahoo.com',NULL,'USAR1','USR1Z2','NY Megalopolis Group 2','NY Megalopolis Group 2','diamond',1000000,0,NULL,NULL,0,NULL,NULL,NULL,'AzgRtETlCjYOGafGJYNLa3wUtrVqS3kE6DbjSVXBYJ88JhDaWkrD86I9cQeu6DfH','Y0R23bhhIY7st4czow17EmAhPIpbp5msyFecbFnkA4gcDxg2DqwWKAmyx3Hm7KEC',NULL,0,NULL,0,1,0,'Sent successfully on attempt 1','2025-11-07 10:45:50','2025-11-13 18:48:14'),(1246,'Pastor',NULL,'Lisa Lawal','lisaublawal@gmail.com',NULL,'REGION 3','ACCRA GHANA','AVENOR/LAA GROUP',NULL,'diamond',3500000,0,NULL,NULL,0,NULL,NULL,NULL,'Cu6px6lSaAGvq4Vy3jsC7JMIxH84QlDtWPERIQyc2oTOCpXJ4x3f6IvVvlAzBLO7','1zpqxfjoTMLJWniLDrtenqsqZQX6vvuQw6aE53HfPdgfWU6Jf3SgliSmkY4ibscy',NULL,0,NULL,0,1,0,'Sent successfully on attempt 1','2025-11-07 10:45:50','2025-11-13 18:48:16'),(1247,'Pastor',NULL,'Deola Phillips','director.zone5@loveworld360.com',NULL,'REGION 5','LAGOS ZONE 5','LEKKI GROUP','Lekki Zonal Church','diamond',3579958,0,NULL,NULL,0,NULL,NULL,NULL,'a7Bn4kyMRfXTkPOWRZM3skHwg13XqLOFiMEnNQNEyaD1UNMV7yRuZrKx4KzHEvPW','NbLrjAt9TkJVgk5RpORHMHiId3mgRZ4MHKygFfLrYREqSubGDzJTgDMNM2zbVOfT',NULL,0,NULL,0,1,0,'Sent successfully on attempt 1','2025-11-07 10:45:50','2025-11-13 18:48:17'),(1248,'Pastor','Zonal Pastor','Tony Aduroja','adetonie@gmail.com','+2347568288738','UK DSP','UK ZONE 2 DSP','Central Group','Central Group','diamond',0,1,1,NULL,1,'Pastor','Beauty Aduroja','pstbeauty12','s3ATKB1c8GDV6WXpH17PTp7Av6nvEJKhJT5XfIfHnueVKevQcQTVRDD7YtyHubU0','ArTut0eIHpIvwHsylwh7yo0g6Z9XD8Ek8zrq41M0PAwKBJwdwDsWfc72BUQyrR52','qr_codes/partner_1248.png',1,'2025-11-10 05:41:38',0,1,0,'Sent successfully on attempt 1','2025-11-07 10:45:50','2025-11-13 18:48:18'),(1249,'Pastor',NULL,'Leo Godman','leogodman@gmail.com',NULL,'UK R2','UKZN3R2','Perivale Group','Perivale Group','diamond',1405109,0,NULL,NULL,0,NULL,NULL,NULL,'VnnP69F4lrk1mY6boJ3RUcssplmPZ7ibnve8XN0fLL9DGVVdR5wYvk8XvcHJjhG4','6VrlAE1LXj9FSnoPQOV9FK6vtjcU9eKmQF3HiN5lHY6Q2F4mBXhvN500tsqHk4wA',NULL,0,NULL,0,1,0,'Sent successfully on attempt 1','2025-11-07 10:45:50','2025-11-13 18:48:20'),(1251,'Pastor',NULL,'Pamela Goneso','pamelakash@yahoo.com',NULL,'Region 1','Middle East & South East Asia','CE Abu Dhabi 1 Group','CE Abu Dhabi 1','gold',500,0,NULL,NULL,0,NULL,NULL,NULL,'DebeCNrUNtYkvNtdpDxbaNxAU7deQP4WAkVPnBSGDuLJUovExaBv9sGUSSZMvBTZ','ZuuMvZHZVIV8aWsp6XNnyBVcyVzYNWLxc2wBRHPoXkfQn0em6beWQ1jP4RQBvdRT',NULL,0,NULL,0,1,0,'Sent successfully on attempt 1','2025-11-07 10:45:50','2025-11-13 18:48:21'),(1252,'Pastor','Group Pastor','Joseph Atibi Brown','brownatibi@gmail.com','+23408023383830','REGION 3','MID WEST ZONE','NEW BENIN','NEW BENIN','gold',0,1,1,NULL,1,'Pastor','Josephine Atibi-Brown','pstjojo','gtkHgRns7iBvNgLLrZ98MWkz9CpHt1j4iieGtS5GOT0z8LAYrZfWgJ9nLqN0ZsJl','ZN9h8BaoXZFpJ7tMbitKBJkgpqZ27FRnnOlqdpWTn3zZINBBxLbji1gqh2XbdRPl','qr_codes/partner_1252.png',1,'2025-11-10 08:02:06',0,1,0,'Sent successfully on attempt 1','2025-11-07 10:45:50','2025-11-13 18:48:23'),(1253,'Pastor','Group Pastor','Patricia Merryheart-Obi','tamaara_4_ever@yahoo.com','+2342348034011041','REGION 3','MINISTRY CENTER WARRI','CHAMPIONS GROUP','CE St. Mary\'s','gold',0,1,1,NULL,1,'Pastor','Pastor Tony Merryheart Obi','always_merry','GVfzb1wzbd1FFIhaYVm3npG9YxcdF80cyEdxtpEwX1MPYCrvz0UjkNqkx50n9Lk8','5mwQDXncN0qAZvMwQrcAkKAYgWOIWwMxM6eUdylk71z7IT78mMNi6qGx3fUJMsWG','qr_codes/partner_1253.png',1,'2025-11-14 05:24:51',0,1,0,'Sent successfully on attempt 1','2025-11-07 10:45:50','2025-11-14 05:24:51'),(1254,'Pastor',NULL,'Stella Ayari','stella_angwi@yahoo.com',NULL,'REGION 3','EWCA ZONE 4','YAOUNDE 2 GROUP',NULL,'gold',518263,0,NULL,NULL,0,NULL,NULL,NULL,'wEGMVhRG0OoLmdo3mMYigSr9ZTN9YusN2Gbp6BPE3P8l4fZjeByY9OuMtsaMXSlM','lwNfVxRDy2MkNkyBMaeKupE8p1ETkQOXyBA2f4oyXZOCjmIw54KcQ0yFmWxvSpIb',NULL,0,NULL,0,1,0,'Sent successfully on attempt 1','2025-11-07 10:45:50','2025-11-13 18:48:26'),(1255,'Pastor','Group Pastor','Anthony Oseghale','pastortonyoseghale@yahoo.com','+2348076194300','REGION 3','LCC6 GROUP','LAGOS ZONE 1','CE LCC6 Love Arena','gold',0,1,1,NULL,1,'Pastor','Joy Oseghale','pst_joy','S13sAixuKQ2RXBKIE3aWnAWFrlDIVyoKcpWhVoY9t3cKk5JNTMDKPdOBWkVjBra7','3Fac6vQ53weuKt9NfptYpmmsSyRiccQxLPqzcGadzPsKHlPVWRr7gBGgatPbSicn','qr_codes/partner_1255.png',1,'2025-11-10 13:33:24',0,1,0,'Sent successfully on attempt 1','2025-11-07 10:45:50','2025-11-13 18:48:27'),(1256,'Pastor',NULL,'Chris Moweta','chris.moweta@gmail.com',NULL,'REGION 4','CELVZ','CHURCH 3C',NULL,'gold',512451,0,NULL,NULL,0,NULL,NULL,NULL,'moxVNAsyNghOKbHbdu6APxfFrvDS6hxteFedpUWA6yWRyqLylD6ymAb9edZ9oznV','Co7MBrqw8DOmQBal3Q2PIoiY4VtfkWH8DToD6BCCKVKBlRSozWR6D8bsS36kilI7',NULL,0,NULL,0,1,0,'Sent successfully on attempt 1','2025-11-07 10:45:50','2025-11-13 18:48:28'),(1257,'Pastor',NULL,'Ehizogie Obuene','zogite@yahoo.com',NULL,'REGION 4','SOUTH SOUTH ZONE 3','SAPELE GROUP',NULL,'gold',501800,0,NULL,NULL,0,NULL,NULL,NULL,'T3OdbDuk1plBnCMUviaqilyjFIW5a3mWzZSdhNoBUefVs1p2ySTC7HsY6vOdazE2','fIwXE7dD0LxwAPxBAdqDZC1rLyr0CAoTqqWuRghLVLHit4B4oDr0kfvEGIdanAYj',NULL,0,NULL,0,1,0,'Sent successfully on attempt 1','2025-11-07 10:45:50','2025-11-13 18:48:30'),(1258,'Pastor',NULL,'Marcel Obode','pastormarcelobode@loveworld360.com',NULL,'REGION 4','SOUTH SOUTH ZONE 1','UYO GROUP',NULL,'gold',508889,0,NULL,NULL,0,NULL,NULL,NULL,'Pgz8GHGdJUI6zLOKq2raBzT437l8vcPRoLf3YtSaOwDElPQ5Q18i63fqdRhIF96y','cksWU5V2lbXOT60NzoozrP1PigOHtTsqePopCMP1H0ciDnV4nU9H0TEsU6JbJNlC',NULL,0,NULL,0,1,0,'Sent successfully on attempt 1','2025-11-07 10:45:50','2025-11-13 18:48:31'),(1260,'Pastor',NULL,'Georgine Obi','zonalpartnership1@gmail.com',NULL,'UK DSP','UK ZONE 1 DSP','Thamesmead Group','Thamesmead Group','gold',522597,0,NULL,NULL,0,NULL,NULL,NULL,'denPWaglfYaURBB71E8RriFoiKC4R4cRl1hj6B9d8kUsQauUIrbWcZiZiJVfgVWz','7snkq7K8MCCnBtalJ0OXJsbQ6DNbHIjo9O6XXUMQhqWfsQvdA6T5M6YKq6orytg0',NULL,0,NULL,0,1,0,'Sent successfully on attempt 1','2025-11-07 10:45:50','2025-11-13 18:48:33'),(1261,'Pastor',NULL,'Osondu Atuonwu','atuonwu176@aol.com',NULL,'UK DSP','UK ZONE 1 DSP','Birmingham Group','Birmingham Group','gold',688462,0,NULL,NULL,0,NULL,NULL,NULL,'yCpcEF7qTAQ971hjvMnqbM5OmA5LlXKoVKketzabz4wVNJq73qZ6WnHZkEsbZz0t','QevoFvkNTSzd58EbGMDsoILiB4LIE73ihz6KQjNNY5DZH8kC7VGYHqa0ifJViPih',NULL,0,NULL,0,1,0,'Sent successfully on attempt 1','2025-11-07 10:45:50','2025-11-13 18:48:34'),(1262,'Pastor',NULL,'Uche Onubogu','pastoruche@hotmail.co.uk',NULL,'UK DSP','UK ZONE 4 DSP','Central  Church Manchester ','Central  Church Manchester ','gold',605860,0,NULL,NULL,0,NULL,NULL,NULL,'stQVdKnT8g0GnehdWd1wpJXGfkrZpRygTt2G0tl76KTxHSjgbV9YUuZNGRVmJJW9','c8LURuee7P2CNyolPmuYtSEg1JNsHnHOIQDEZ6TtowNvtk2uTENWXNXHtDoa8zlZ',NULL,0,NULL,0,1,0,'Sent successfully on attempt 1','2025-11-07 10:45:50','2025-11-13 18:48:36'),(1263,'Pastor',NULL,'Zak Eroje',' dublingroupror@gmail.com',NULL,'UK DSP','IRELAND SUB ZONE','Dublin Group','Dublin Group','gold',583020,0,NULL,NULL,0,NULL,NULL,NULL,'JfudWEOLBdc4HnoHfzvIFDiUuRLZIa2TxcR1YAQzfX9iMfsLQ73d7pqTmFaSrCSh','dz72ax36zfEiIuhjwb7bo20DmgIZiNPOtQ4kh4xgavmfR7t06OiqQjWuoCWlUZXV',NULL,0,NULL,0,1,0,'Sent successfully on attempt 1','2025-11-07 10:45:50','2025-11-13 18:48:37'),(1264,'Pastor',NULL,'Omo Uba','nighouba@hotmail.co.uk',NULL,'WEZ','WEZ2','France Group','France Group','gold',526701,0,NULL,NULL,0,NULL,NULL,NULL,'s2gClCBIBZYbWEn5Q76hJhiJZOtByVlxL2d5LySvAMcXCfDUOfU4Bs8mSqlfvj4f','PK0Msl84fJ62xxgGlENoT6efzuzsNM645AuuZHePeUVAcRUzzup9sfwMvLXwhmiX',NULL,0,NULL,0,1,0,'Sent successfully on attempt 1','2025-11-07 10:45:50','2025-11-13 18:48:38'),(1265,'Pastor','Group Pastor','Oma Ola Jeffery','pinnickoma@yahoo.com','+2348033252609','REGION 3','BOWEN GROUP','MID WEST ZONE','Ce Bowen','gold',0,1,1,NULL,1,'Pastor','Olufemi Ola-Jeffrey','@poj','ohVzyzTLo1HPuSaSN8Hsn9vciUT2qfY0NEZHhxEpicgcUXZIPCvOQQZgntGiloLE','J01slD6OCq9xm8mRXxv5UODLYpF6hIiViO4Ps0zC4KEi8wCIiQESMq5iG7wBevbK','qr_codes/partner_1265.png',1,'2025-11-10 17:05:33',0,1,0,'Sent successfully on attempt 1','2025-11-07 10:45:50','2025-11-13 18:48:40'),(1266,'Pastor',NULL,'Francis Kessie','christembassyperth@gmail.com',NULL,'Australia','Australia','Perth Group','Perth Group','ruby',100000,0,NULL,NULL,0,NULL,NULL,NULL,'NsBNIfpdoeZCauNXuGNPdLqPBjheB6N7Uk34Iwc0j0mlO4ebqUhYRv5aNuNcNRYQ','Y9sPuiGLnBjktt2FLF6PCQAw7d9N2qMpIWILxIWC8vF1rVD1jzaTKpHG2wedyHXV',NULL,0,NULL,0,1,0,'Sent successfully on attempt 1','2025-11-07 10:45:50','2025-11-07 10:47:02'),(1267,'Pastor',NULL,'IK Nwokem','Ikennanwokem@yahoo.com',NULL,'BLW CANADA SUB-REGION','BLW Canada Sub-Region','BLW Canada Sub-Region','BLW Canada Sub-Region','ruby',185466,0,NULL,NULL,0,NULL,NULL,NULL,'inYwaoONkghckQNNZDdPzNuzlBzqgxHC9ZwQwf3rhOvlPAatE21xUOwMocBf011F','BXTquDzKLLBc7gnOD7laAzuC3lc5GMhHUkiV0DpORpmff4Ds3tZVXhT2W3BxzCx7',NULL,0,NULL,0,1,0,'Sent successfully on attempt 1','2025-11-07 10:45:50','2025-11-07 10:47:03'),(1268,'Pastor',NULL,'Esther Miracle','Pstesthermiracle@gmail.com',NULL,'BLW EUROPE REGION','ZONE B','BLW UK ZONE B','BLW UK ZONE B','ruby',113130,0,NULL,NULL,0,NULL,NULL,NULL,'8PIi24prMEmUFz5nobwsxWFau6r2vanJvyPbCdASv7Cz6cnWsQzE9ImiGRx39b4D','XSENPKUZ2OcXCnzvPDJcpieZx1fbPCt9vDG0mi8kad2GWQos3Td0TrZyqvGuUk5z',NULL,0,NULL,0,1,0,'Sent successfully on attempt 1','2025-11-07 10:45:50','2025-11-07 10:47:05'),(1269,'Pastor',NULL,'Kristina Fernandez','Kristina.fernandes7@gmail.com',NULL,'BLW EUROPE REGION','ZONE A','BLW IRELAND','BLW IRELAND','ruby',100000,0,NULL,NULL,0,NULL,NULL,NULL,'JPiGm0XiHOXLSKqDxR0HzI5bDlGKTqe0fmQen169SBpSrdgSty5AKHflxcjGegU0','m0zgFVulcUZxbVTeRJouOZ8iI0yRk7Yv3uf2e0HZrIbL3YQ4YLOsUOQBuYPBQkU8',NULL,0,NULL,0,1,0,'Sent successfully on attempt 1','2025-11-07 10:45:50','2025-11-07 10:47:06'),(1270,'Pastor',NULL,'Joseph Ogbebor','pstkehinde@gmail.com',NULL,'CANADA REGION','Ottawa Zone','Walkley Group','Walkley Group','ruby',166239,0,NULL,NULL,0,NULL,NULL,NULL,'MJHVIB8Zfx6Em8GODylf24UckXe95y0OBCM0XuJXxWJzNe3CfhFfi6CynuOp7U3P','vQ46hH668JEUkNgfYI7hrob6IKS6KRG2FZcquL2eYRiCdzCTb21HCz6XRaW94NJe',NULL,0,NULL,0,1,0,'Sent successfully on attempt 1','2025-11-07 10:45:50','2025-11-07 10:47:08'),(1271,'Pastor',NULL,'Nnamdi Odimegwu','ndomusjr@yahoo.com',NULL,'EEUROPE','EE','CE Moscow Group','CE Moscow Group','ruby',100000,0,NULL,NULL,0,NULL,NULL,NULL,'IY2UtkhGwMJTrUcvBaDasmlai3Rx6nY9r55Aba9a3pQYwwiD78ScGK5zJUFtfmIr','OvlhZGop26l71D3e9uHvd0h7sLoijqOTCLFRRVds6XUAkdBSdLZ3UYfN2coQlZwZ',NULL,0,NULL,0,1,0,'Sent successfully on attempt 1','2025-11-07 10:45:50','2025-11-07 10:47:09'),(1272,'Pastor',NULL,'Airen Ekhosuehi','ekhosuehidestiny@yahoo.com',NULL,'EUROPE','AMSTERDAM','Amsterdam Group','Amsterdam Group','ruby',111256,0,NULL,NULL,0,NULL,NULL,NULL,'NAJCVCGoJY9cRl7PQlIiOrWPxU0ieiaCWEdVrc6epCWxizWCZwcbLYGpGBSUXP74','ncSNbAOOmpSmB2HOtZ2l2YPlqcfoz2801UWjIpoFhG8SZYFRtGmVT4WXePFL6dZ6',NULL,0,NULL,0,1,0,'Sent successfully on attempt 1','2025-11-07 10:45:50','2025-11-07 10:47:10'),(1273,'Pastor',NULL,'Mo Ekiugbo','moekiugbo@gmail.com',NULL,'INTERNATIONAL OFFICE ','ROR Internation Office','Angel Call Centre Group','Angel Call Centre Group','ruby',236000,0,NULL,NULL,0,NULL,NULL,NULL,'PW6KnfNG6hCj8Yk4mftJvy3ORsmZSPRiF5dEXVyECoXrbEFOxvhhk2Hs8gAxF2LM','zu55RJA04ucOSIKu3ugeu2go0Rm8o1N4sMbjdogv1gM03MhKnIJpxT2ZtVJAPsWY',NULL,0,NULL,0,1,0,'Sent successfully on attempt 1','2025-11-07 10:45:50','2025-11-07 10:47:12'),(1274,'Pastor ',NULL,'Andy Chijena ','pastorandydivine@gmail.com',NULL,'Region 1','Durban Zone','CE Durban Central',NULL,'ruby',111040,0,NULL,NULL,0,NULL,NULL,NULL,'OT457ir53iUXyG5zBLaJDxn4DkiquiY6n4c5iA40KYA5Bz1wsCy94FBZGVk55GkL','ILYafL3fmP86ud3UfqAiVSqS1DP625Z7jMS0OafYIUsCyBGCAICfPeCpV62YGhMn',NULL,0,NULL,0,1,0,'Sent successfully on attempt 1','2025-11-07 10:45:50','2025-11-07 10:47:13'),(1275,'Pastor',NULL,'Bongi Bhebhe','bongibhebhe@gmail.com',NULL,'Region 1','SA Zone 2','Kensington Group',NULL,'ruby',111,0,NULL,NULL,0,NULL,NULL,NULL,'qpo9qSo7aUIQg3VbAIOgQO38i00DZrVOWNlKWNE5qUIto4T4pcDXQfNWtZ3u4Xyc','EWeUWEw6L5353dCiO0dHxVpDvJUXMOq8c9oHu5LqfE4G11fDBkawZwmaknJDj3lh',NULL,0,NULL,0,1,0,'Sent successfully on attempt 1','2025-11-07 10:45:50','2025-11-07 10:47:15'),(1276,'Pastor',NULL,'Brighton Shoko','shokob1232@gmail.com',NULL,'Region 1','Middle East South East Asia','CE Qatar Group',NULL,'ruby',110,0,NULL,NULL,0,NULL,NULL,NULL,'Llj5PBbRb9klWqmrJaFe8ktyL93sVYAPNVYZzvCvFRdtwwQODXAmgz8oQdM6MsVc','phKook2uRgtbdI670bUKiM5KWO3gFyeMFN5aeyxvKthjFRH7NYE50YqcDwPjdzZZ',NULL,0,NULL,0,1,0,'Sent successfully on attempt 1','2025-11-07 10:45:50','2025-11-07 10:47:16'),(1277,'Pastor','Group Pastor','Carlex Ushe','ushecx@gmail.com','+27835198375','Region 1','Capetown Zone 2','CE Stellenbosch Group','CE STELLENBOSCH','ruby',0,1,1,NULL,1,'Pastor','Pretty Ushe','prettyushe','Qb87R7P7QqjAyEc0pbd2HTgrUXUnvycnAhXZTr9FQhcGOxMnm3nPEE5Q5YgaSGay','32MsZPSMmcjuaQQXzj2zNFhv2raQgE4NBcFpDoTxXYMUEhykb2NxR7LlKqaz3GH1','qr_codes/partner_1277.png',1,'2025-11-12 04:40:04',0,1,0,'Sent successfully on attempt 1','2025-11-07 10:45:50','2025-11-12 04:40:04'),(1278,'Pastor','Group Pastor','Felicity Chijena','fchijena@gmail.com','+23475436949','SA Region','Durban Zone','CE Botswana Group','CE GABORONE 1','ruby',0,1,1,NULL,0,NULL,NULL,NULL,'uvTtASh7KkoSQeFZu9aonvUKbHVAnGa65lqfMUff3vXff5acp1NmUps8FYgMEWBP','28zB6cGhTm0b5qrST78Z1xujcIv5LXHTI6PENKAcum3Byv9HhKC7ndRGu5ypzqLJ','qr_codes/partner_1278.png',1,'2025-11-13 12:07:39',0,1,0,'Sent successfully on attempt 1','2025-11-07 10:45:50','2025-11-13 12:07:39'),(1279,'Pastor',NULL,'Kingsley Ogbeni','pilgrin1777@yahoo.com',NULL,'Region 1','Middle East South East Asia','CE Sharjah Group',NULL,'ruby',110,0,NULL,NULL,0,NULL,NULL,NULL,'6hgZko6BHIDBt7LrgIbasjV0T64P9DXc2egUm6k0dDaFWvTAiD3dc5aaXwjacQwO','iSjhL7pnZn1m6X6mPO6FvVcRmv6sD3QSJxJpYM2zQ0nmnNuLyl6zjJu0JtbvC5DG',NULL,0,NULL,0,1,0,'Sent successfully on attempt 1','2025-11-07 10:45:50','2025-11-07 10:47:21'),(1280,'Pastor',NULL,'Kuda Chikwanda','kudachikwanda@yahoo.com',NULL,'Region 1','Middle East South East Asia','CE Dubai North Group',NULL,'ruby',128,0,NULL,NULL,0,NULL,NULL,NULL,'EFpMEvw1M6m1YH0Ley6mnJbZZfyfACIvctXwGYaqPf8vCzXRv9AR1pZ06G5js4kZ','x2eYAvmTaHH9PY5qpck3JnSQ7xVj0KExpDyrK2XmoWs7oPA0wZndYd7PZEUJebaH',NULL,0,NULL,0,1,0,'Sent successfully on attempt 1','2025-11-07 10:45:50','2025-11-07 10:47:22'),(1281,'Pastor',NULL,'Nkem Onwordi','nkemonwordi@yahoo.com',NULL,'Region 1','Middle East South East Asia','Dubai Deira',NULL,'ruby',100,0,NULL,NULL,0,NULL,NULL,NULL,'zgVWYCly8DAXveCfRdzMpBX6RqeKztUbizOTndW7dWjHA5Ic7MlQPm5A1zoPYtLS','Ijn9K0XAc1OaLJzCkU6zC98kM9rS8ZMVtKB0yUoM62Qeec3peIqNpGFBY82GVpli',NULL,0,NULL,0,1,0,'Sent successfully on attempt 1','2025-11-07 10:45:50','2025-11-07 10:47:24'),(1282,'Pastor','Group Pastor','Patience Mutyamaenza','Patenom@yahoo.com','+26373994345','CE SA Zone 5','SA Zone 5','Hatfield Group','Christ Embassy Hatfield','ruby',0,1,1,NULL,0,NULL,NULL,NULL,'Zjp7C9VsfM26l54NIbg6ldwO6cNrwAVqVnyXnbU1uzxkgJ4grNSDqkrjfHzTPROs','dh9KkU5awm9DTOlvRXJVEZLMWMFvmKbjQU8kZxbnfnbPtlkjZiw32yr1uyYFbxdy','qr_codes/partner_1282.png',1,'2025-11-11 20:49:47',0,1,0,'Sent successfully on attempt 1','2025-11-07 10:45:50','2025-11-11 20:49:47'),(1283,'Pastor','Group Pastor','Sue Mokgosi','pastorsuem@gmail.com','+23427847547069','SA Region','SA Zone 2','CE Kempton Park Group','Kempton Park','ruby',0,1,1,NULL,0,NULL,NULL,NULL,'efFOhGMs16yoFdmhx50JIoSGwhf8WMAW3l7MnNXUJowYQHR24y1MqDXyywhL7W5d','rIOidA6fQ9lLgs4YrJY9bS2eVUlknQ8IBsgukx8rT3k2Le9qwufULl7OPxfdLbgC','qr_codes/partner_1283.png',1,'2025-11-12 18:41:59',0,1,0,'Sent successfully on attempt 1','2025-11-07 10:45:50','2025-11-12 18:41:59'),(1284,'Pastor',NULL,'Tayo Ajiboye','admin@cecsa.co.za',NULL,'Region 1','SA Zone 3','Sunninghill Church',NULL,'ruby',120,0,NULL,NULL,0,NULL,NULL,NULL,'Fxuh5iYpdMldkjBXLJjDhHZznUryUujhuDi9fsqXnZ3TLTGkaWyHHDYImaXCVXCl','hSg0VqLitqhGtYr8CvA3MskXKVimWOUumobVBZMCDnNI3c7b5o3gSyugVNRgMBdd',NULL,0,NULL,0,1,0,'Sent successfully on attempt 1','2025-11-07 10:45:50','2025-11-07 10:47:28'),(1285,'Pastor',NULL,'Vanessa de Jager','pastorvanessadejager@gmail.com',NULL,'Region 1','SA Zone 2','Germiston Group',NULL,'ruby',117,0,NULL,NULL,0,NULL,NULL,NULL,'Abt2rIPXWnkcAar8106PHD6z4NYS3jdaN8bHAJ4bBNKlMMPBYlUSLq7cbmjvCaTh','RxqfLhmuboK65mECXnxz6FnrDI7DYh3kfkMl9qDEvCiT2c6nRKOCd80jP0bWBpmf',NULL,0,NULL,0,1,0,'Sent successfully on attempt 1','2025-11-07 10:45:50','2025-11-07 10:47:30'),(1286,'Pastor',NULL,'  Austin Appiah','pstaustin@gmail.com',NULL,'REGION 3','ACCRA ZONE','CE KUMASI MAKRO JUNCTION',NULL,'ruby',100000,0,NULL,NULL,0,NULL,NULL,NULL,'aSKQKGtnAgkbTF23I5yfQvNUslccJBkgWjrd8vkFE9DIwKOahmCHZqK044SPQowq','kuf3GeNrO2EjxttVuwdRmLjqppgP10S5Ita7w6Vw9Pr7QOHv41eUaHoiwOZb63Os',NULL,0,NULL,0,1,0,'Sent successfully on attempt 1','2025-11-07 10:45:50','2025-11-07 10:47:34'),(1287,'Pastor',NULL,'  Joshua Amfo Sackey','amfosackey@gmail.com',NULL,'REGION 3','ACCRA ZONE','CE TEMA',NULL,'ruby',100000,0,NULL,NULL,0,NULL,NULL,NULL,'uFXXaBNRksIL0VXi1xw4bHulMUwZ7lIcZOg4dukr87k7dd0QvVVNodNcmScAytkE','Cs260jN24kNdJkitbIWOhZ2iS5h2PrBRjon44IGCB0vwle49EsbErXiVoDYaL7zB',NULL,0,NULL,0,1,0,'Sent successfully on attempt 1','2025-11-07 10:45:50','2025-11-07 10:47:36'),(1288,'Pastor','Group Pastor','Andrew Amanor','andyamanor@gmail.com','+2340246612166','DSP','ACCRA ZONE','WEIJA GROUP','CE Weija','ruby',0,1,1,NULL,0,NULL,NULL,NULL,'upbeOwIr20bkuzX6Qd6y5G7FN8r7AChbDc7VmdiDVeC8VqwnZ8AYAd4NyzkoUmdZ','70rG2y3vNBlRMerBiWTC7xWAcHjPIeLmqMfnmheH6KQ99Cn8oEbl6wTAwK0snPDM','qr_codes/partner_1288.png',1,'2025-11-21 04:02:20',0,1,0,'Sent successfully on attempt 1','2025-11-07 10:45:50','2025-11-21 04:02:20'),(1289,'Pastor',NULL,' Ayo Olusola','bernardolusola@yahoo.com',NULL,'REGION 3','LAGOS ZONE 1','AGEGE GROUP',NULL,'ruby',102726,0,NULL,NULL,0,NULL,NULL,NULL,'80PyX6pVKQ7HYBjSqZ3YHKQgSZGPipwQoxnChXFl8WtibJqpzIFWmFHrzHlHQk4B','52GGq7YuNndIuzBWrKLXsylFLGmbBh96MkYBt5DAb7nK0uIDgQ4pcko35GBILpw6',NULL,0,NULL,0,1,0,'Sent successfully on attempt 1','2025-11-07 10:45:50','2025-11-07 10:47:38'),(1290,'Pastor',NULL,' Catherine Ehigie','ehigiecatherine@gmail.com',NULL,'REGION 3','ACCRA ZONE ','GROUP 1',NULL,'ruby',100000,0,NULL,NULL,0,NULL,NULL,NULL,'imS9ztcdJ3O8eLlwBY9MrWSoQ5BQvgDabLsehPw9OSVv4cZh3qTXtmriQVRRObtM','izo1pwgsjSiZ3Um1XJVCxggzQNmj5RzaneHQzzK5aDgqEOCqaMJP1OTmsAStM4WZ',NULL,0,NULL,0,1,0,'Sent successfully on attempt 1','2025-11-07 10:45:50','2025-11-07 10:47:40'),(1291,'Pastor',NULL,' Chidinma David','pastorchidy@gmail.com',NULL,'REGION 3','ACCRA ZONE','CE TAIFA',NULL,'ruby',100000,0,NULL,NULL,0,NULL,NULL,NULL,'TtgjgIq165AQJTCTW4kwayhFqWQXHODQQWuRkg2FAYIPhO2kr4lUuWmryPh1iU4B','XdsGf2FwL39NJpQjw7RQAwVkc5YcPqRaxoGJDc6P6nSe8Bzq0Nqyq5xR9NwURSxu',NULL,0,NULL,0,1,0,'Sent successfully on attempt 1','2025-11-07 10:45:50','2025-11-07 10:47:41'),(1292,'Pastor',NULL,' Ebenezer Damte','ebenslysir@yahoo.co.uk',NULL,'REGION 3','ACCRA ZONE','CE LEGON  CENTRAL ',NULL,'ruby',100000,0,NULL,NULL,0,NULL,NULL,NULL,'NhGW8uyyex3Vi5RTnNND7aoePNZZ6IxzJiey6WxCVV6FeeRLdvjSLtDzfi503K4F','A3xY425lBmCK1KZmpd2xrlgvT4R5J7gRwTZyz175hs94HtxAI4IqW5h6vtLNsO1Z',NULL,0,NULL,0,1,0,'Sent successfully on attempt 1','2025-11-07 10:45:50','2025-11-07 10:47:43'),(1293,'Pastor',NULL,' Elvis Ade Daniels','eadedaniels@yahoo.com',NULL,'REGION 3','ACCRA ZONE','CE OLD WEIJA',NULL,'ruby',100000,0,NULL,NULL,0,NULL,NULL,NULL,'1Z8bn2BAD5DyMbimvRiPwXpqp8BOloiXwr4kiyxlCOmfFpXF4k7oogdu0xLdYNPz','QNhgidYmOO8NakfZXvpy2GynF13hAWv7nsktlg8Zz8PlWdReS7RqW7RnXlljDblx',NULL,0,NULL,0,1,0,'Sent successfully on attempt 1','2025-11-07 10:45:50','2025-11-07 10:47:44'),(1294,'Pastor',NULL,' Evans Wealth','nanastarie@yahoo.com',NULL,'REGION 3','ACCRA ZONE','CE ASOKORE MAMPONG',NULL,'ruby',100000,0,NULL,NULL,0,NULL,NULL,NULL,'IlOkGuhEPVYAqRQTSNFpg0T6oua0P9earmQdMYwi1wJvztsCHosGWsY1rpZoadf4','5FswOFY8kKiN8LCCNMYfnacmZXAdJeZaUafrczVu2j3Co2E5B6AZE4Q2juLjKiLP',NULL,0,NULL,0,1,0,'Sent successfully on attempt 1','2025-11-07 10:45:50','2025-11-07 10:47:46'),(1295,'Pastor',NULL,' Kofi Blankson','blanksonenyan@yahoo.com',NULL,'REGION 3','ACCRA ZONE','CE WEST LEGON',NULL,'ruby',100000,0,NULL,NULL,0,NULL,NULL,NULL,'zbHT8Vu9qS56Bsl7etOOj2tDld7hOTqfnE19jQ5K9QwHgj9Ik4L6aQbCarLCKPTF','tXWmlvifDEetaimfnmE3WkdAEO0sUDkAbmFfH0T0wGVGfCdl2yHfDyWE4EwgiAdy',NULL,0,NULL,0,1,0,'Sent successfully on attempt 1','2025-11-07 10:45:50','2025-11-07 10:47:47'),(1296,'Pastor',NULL,' Patricia Smith- Assan','psmithassan@toyotaghana.com',NULL,'REGION 3','ACCRA ZONE','CE MATAHEKO',NULL,'ruby',100000,0,NULL,NULL,0,NULL,NULL,NULL,'YwSiQLTbWy4YhABhRxKHPRb0d4j3AA0r4RIdVyHlrpW8IgM8UUNYlF7NdkifTfxs','luVi8GeVHd2adZs9o0kE9uSZBhzBTooaYWdsffkNclY41w9IzaWzDcZkP6QUPyeJ',NULL,0,NULL,0,1,0,'Sent successfully on attempt 1','2025-11-07 10:45:50','2025-11-07 10:47:49'),(1297,'Pastor',NULL,' Patrick Smith-Assan','sassan_81@yahoo.com',NULL,'REGION 3','ACCRA ZONE','CE MADINA',NULL,'ruby',100000,0,NULL,NULL,0,NULL,NULL,NULL,'5MX1s1lPhB6OYfrEIrklCnujC7eIB45EmrrlaoN54KEKUnDlqMBc7W9SX9jNUNdk','Ehen9wnVBMNIaEfIV1ElMnTBSmhNterXJKS3HNNYQU0zCcuuqIvLhhoh50fx0Ri4',NULL,0,NULL,0,1,0,'Sent successfully on attempt 1','2025-11-07 10:45:50','2025-11-07 10:47:50'),(1298,'Pastor',NULL,' Paul Kumah','paulkumah@yahoo.com',NULL,'REGION 3','ACCRA ZONE','CE TARKWA',NULL,'ruby',100000,0,NULL,NULL,0,NULL,NULL,NULL,'7Pp2IjT6Reu2X3L3RZeNflQCEibV8yVeg0uSZDKPHbIrSyQzULgNlJDTYGc660NL','CSLIO4yF0ILnT2FEH871uGVDEJLkFHDvfHzGrdFP0xlrGhBB73LE9Trru0aQF5HN',NULL,0,NULL,0,1,0,'Sent successfully on attempt 1','2025-11-07 10:45:50','2025-11-07 10:47:52'),(1299,'Pastor',NULL,' Rudolf Inkoom','rudolphinkoom@gmail.com',NULL,'REGION 3','ACCRA ZONE','CE TECHIMAN',NULL,'ruby',100000,0,NULL,NULL,0,NULL,NULL,NULL,'aUt9yLUH9Wv89GGIqdarYoV6l01saf1HrqhEQUtnXqdybB0O9P5AlrSyKAJshd4U','JqQUEj82neneonZQD8SLNvDZalLSRrdnWKJejPeWEmzASpPkehWcFPmUdo8asbtV',NULL,0,NULL,0,1,0,'Sent successfully on attempt 1','2025-11-07 10:45:50','2025-11-12 15:53:58'),(1300,'Pastor','Group Pastor','Solomon Okello','ors.solo@gmail.com','+2482830168','REGION 3','EWCA ZONE 3','CE SEYCHELLES 1','CE Seychelles 1','ruby',0,1,1,NULL,1,'Sister','Angel Kabacwamba','@cwamba','McrI32uKd0goRkQwIdIToNZBkoglYsm6nI3w5Gfu54Ef8KDQZUJtRO1p5BntmbYM','OxtOqQuI8DLspys9sLJ8fSFoumAGck2Tbb7gnhjRjKZSLZeMqrMh1JBkmu2jIdm3','qr_codes/partner_1300.png',1,'2025-11-12 08:16:41',0,1,0,'Sent successfully on attempt 1','2025-11-07 10:45:50','2025-11-12 08:16:41'),(1301,'Pastor',NULL,' Valentine Unegbu','vunegbu@yahoo.com',NULL,'REGION 3','ACCRA ZONE','CE SPINTEX',NULL,'ruby',100000,0,NULL,NULL,0,NULL,NULL,NULL,'zdHdxP1lmLwQYbrJbDJW4kzVlIFQNdibktNdS7jb9p5VBTz0sqQUAMuFwBDQOkp6','UUnReijGOWz5JMpT9x6Hxu154Q50rAoaoVTyQu2ZPIcc3se6qKvt9bIHHNCKSr5N',NULL,0,NULL,0,1,0,'Sent successfully on attempt 1','2025-11-07 10:45:50','2025-11-07 10:47:56'),(1302,'Pastor',NULL,' Valerie Amavi','pastorvalerie2013@hotmail.com',NULL,'REGION 3','ACCRA ZONE','CE  RACE COURSE TAKORADI',NULL,'ruby',100000,0,NULL,NULL,0,NULL,NULL,NULL,'Gf072iDd7gqRWsSPpDadBtkNTlBZQnScnjdsDYTvXZNxM2e6LaWCSsbny3dge4I0','86yI5WGSHm2zhBTvYUiiJX5HVn3gwV6HtQIvCEccpf0dzu0KhEyAzT3hnJdzxISb',NULL,0,NULL,0,1,0,'Sent successfully on attempt 1','2025-11-07 10:45:50','2025-11-07 10:47:57'),(1303,'Pastor','Group Pastor','Winifred Mankaa','mwinifred@yahoo.com','+240555667586','Ewca Region','EWCA ZONE 4','EQUIATORIAL GUINEA GROUP','CE Equatorial Guinea','ruby',0,1,1,NULL,0,NULL,NULL,NULL,'7sZOlFQqZ3lpseaNMr9jhyVionxcZ87Cy4dZboFWglyRtzVpE9OC8FltEsrlECcT','PQO3dtaPmOf1CPOf7YkrgLQrm8QzHezer7cgbzbkE9CCjumoYAuEZtjFRmUGUttT','qr_codes/partner_1303.png',1,'2025-11-10 13:49:38',0,1,0,'Sent successfully on attempt 1','2025-11-07 10:45:50','2025-11-10 13:49:38'),(1304,'Pastor',NULL,' Winner Spiff','cehovoltaregion@gmail.com',NULL,'REGION 3','ACCRA ZONE','CE HO',NULL,'ruby',100000,0,NULL,NULL,0,NULL,NULL,NULL,'GvqoQKjkdqaTdrHwsv4nC8MEvqAsczxN4drrX8NH6zM7VNxFwKaE5qFa6RsuCJnl','ih8bDn2B8dF9QcVChZ5movpKgmLQ8tJnIonav5zZ1UC7AxsOOzRjic0JLbdID4tM',NULL,0,NULL,0,1,0,'Sent successfully on attempt 1','2025-11-07 10:45:50','2025-11-07 10:48:00'),(1305,'Pastor',NULL,'Alfred Mayson','awmtechnocrat2001@yahoo.com',NULL,'REGION 3','EWCA ZONE 5','CE PAYNESVILLE GROUP',NULL,'ruby',100000,0,NULL,NULL,0,NULL,NULL,NULL,'oVcmMyjasbDtlPhfW7yMOvFOPUDpxU0Nk5EIDg1RtT4kr4nZlgsGcL57LDZM6pQ5','LpQ1jvt95edSdKI4bFreL3DplxZBOeaiiJmLb5qjQSmDnD9ZDYQwv6ziLLzP0DHz',NULL,0,NULL,0,1,0,'Sent successfully on attempt 1','2025-11-07 10:45:50','2025-11-07 10:48:02'),(1306,'Pastor',NULL,'Biodun Adetola','biodun_adetola@yahoo.com',NULL,'REGION 3','LAGOS ZONE 1','KETU GROUP',NULL,'ruby',101030,0,NULL,NULL,0,NULL,NULL,NULL,'NonRaNMr6qjeKjXrQqDd4AfG8HymfW63stxIY1Mx7DUVfqrcEgbZvgatXXVN5EMN','KWNEHsdhtuXPPjwSfruKpT6D1yahBIcG3hlhGK9bI1PVbhDRVb28JuJGgzLLqaxc',NULL,0,NULL,0,1,0,'Sent successfully on attempt 1','2025-11-07 10:45:50','2025-11-07 10:48:03'),(1307,'Pastor',NULL,'Christine Omoleme','christineomoleme@gmail.com',NULL,'REGION 3','EWCA ZONE 5','CE ASHIAMAN GROUP',NULL,'ruby',106109,0,NULL,NULL,0,NULL,NULL,NULL,'VEByuR1LGWsCpSot1NOvomHB9nBVhZdYrmF0tpzxuEOcuA3zNeNzhaGnAMjtGx0s','dJsDp5uMVMDaQwF1pImFUn4xWm58VAg5zgGcqYPJdYPqgzoRa7G2DWEua6PpcS1z',NULL,0,NULL,0,1,0,'Sent successfully on attempt 1','2025-11-07 10:45:50','2025-11-07 10:48:04'),(1308,'Pastor',NULL,'Desola Oluwashina','desolalobbin@yahoo.com',NULL,'REGION 3','LAGOS ZONE 1','IKORODU WEST GROUP',NULL,'ruby',100590,0,NULL,NULL,0,NULL,NULL,NULL,'ckYM28nxl6Fo0YztblRaA4nQlRVwmBWfZC5opmSw0d8QzvWoKsQPzQjrYb4g6kdl','Wej6f23bVQ9i2LvEIOMDHC4DvRMBwOQPQpKeZKJXa6RtbH6r4IhCmuQGICaWE4iO',NULL,0,NULL,0,1,0,'Sent successfully on attempt 1','2025-11-07 10:45:50','2025-11-07 10:48:06'),(1309,'Pastor',NULL,'Edith Anthony ','edithibeneme@yahoo.com',NULL,'REGION 3','EWCA ZONE 5','GAMBIA GROUP',NULL,'ruby',100000,0,NULL,NULL,0,NULL,NULL,NULL,'c5nILF1MBV5evzhoBom9OMGqMYXOkOJB2yv6V4n8sC03mmYwoo8BFh9C8ihzzW6x','Vmp6b3252mBLAMJCRjifwYtGy0jIvCSvrJtW8RyMVAfG6eiMABEl4SsQtoD90FaF',NULL,0,NULL,0,1,0,'Sent successfully on attempt 1','2025-11-07 10:45:51','2025-11-07 10:48:07'),(1310,'Pastor',NULL,'Fabian Onosu','o.onosu@gmail.com',NULL,'REGION 3','MID WEST ZONE ','UGBOWO GROUP',NULL,'ruby',163947,0,NULL,NULL,0,NULL,NULL,NULL,'FArZf94Qb36SM0sWmIP3SCUT5jaIEzu7UiRDxUrtWHb0eyDABdcXk1FCdSPSJ0BH','pqenhN4dVhliaAFXio1E8QDtjcc7GQY5tCdD8sP9qOQaTIl1pQx8v8WPjuPzhztH',NULL,0,NULL,0,1,0,'Sent successfully on attempt 1','2025-11-07 10:45:51','2025-11-07 10:48:09'),(1311,'Pastor',NULL,'Francis Ben-Adesokan','ftb_a@yahoo.co.uk',NULL,'REGION 3','LAGOS ZONE 1','MAFOLUKU GROUP',NULL,'ruby',102131,0,NULL,NULL,0,NULL,NULL,NULL,'TQmnIZ5xfLrcyHRyUGRW95ics7cIMURXhb6iav8R33MgATxpI72yLIF5y8Znz720','z9ArNu5jXftCgd9jUYhudDEvCpmq6DnkE25oaYz79uNCe9v666Ewsyh4gIAzisFk',NULL,0,NULL,0,1,0,'Sent successfully on attempt 1','2025-11-07 10:45:51','2025-11-07 10:48:10'),(1312,'Pastor',NULL,'Henry Nzeamadi','cchikoy44@yahoo.com',NULL,'REGION 3','ACCRA ZONE','CE TAMALE',NULL,'ruby',100000,0,NULL,NULL,0,NULL,NULL,NULL,'c0yz7vXOFGvt1lD7F00iLiX3e5Qb1IBXlFQLKkMcIdNwO6K7FlK630MQYkqgzP7n','fAo6q731Ff99iLOZ47HNoJw86SwtVpQATbkDuKdEWUiylTsySXSjY9Cc3kG8hW40',NULL,0,NULL,0,1,0,'Sent successfully on attempt 1','2025-11-07 10:45:51','2025-11-07 10:48:11'),(1313,'Pastor',NULL,'Henry Omodigbo','henryomodigbo@yahoo.com',NULL,'REGION 3','LAGOS ZONE 1','CE OKEIRA GROUP',NULL,'ruby',137091,0,NULL,NULL,0,NULL,NULL,NULL,'EypiZpaRvidAxbbmhPBy2aOfWPPf76ODKOO1tFxcXwuOhLbmGaoyXpDLzWSPMA5d','BVwldkkZc2RRlBe9at2JVnUPQh0VWXSk4pai5ZhZbWJfmuuCitKfDQLZtfbb6Bxi',NULL,0,NULL,0,1,0,'Sent successfully on attempt 1','2025-11-07 10:45:51','2025-11-07 10:48:13'),(1314,'Pastor',NULL,'Isaac Musah','isaacmsh@yahoo.com',NULL,'REGION 3','ACCRA ZONE','CE KORLE BU',NULL,'ruby',100000,0,NULL,NULL,0,NULL,NULL,NULL,'QQj4puWV1UZYfQJWs58PDhRmyX57fpcG3Qv1T3dbB5rG5N41ZagvLHIPIciAugV0','byXDIC0bjnBn6R4pZsfwJrOStX88amy1qZxNntJfe0auXQB4w15tY9n6eZd3bL3P',NULL,0,NULL,0,1,0,'Sent successfully on attempt 1','2025-11-07 10:45:51','2025-11-07 10:48:14'),(1315,'Pastor',NULL,'Isaac Nelson','isnelson@yahoo.com',NULL,'REGION 3','ACCRA ZONE','CE ACHIMOTA',NULL,'ruby',100000,0,NULL,NULL,0,NULL,NULL,NULL,'dcAQBPrme5AqYhzvqd5ybi52rQ8331iUvmjwSR6TH69vXVj7IQFv4FgJbLc88TZF','q2apZxkTIWGOIHjCTssjQfA3F7hLksbD7tShLPLACruDoldskUElsgu46zNvGKgq',NULL,0,NULL,0,1,0,'Sent successfully on attempt 1','2025-11-07 10:45:51','2025-11-07 10:48:16'),(1316,'Pastor','Group Pastor','Jide Owoyemi','owofred@yahoo.com','+2348033534864','REGION 3','MINISTRY CENTER WARRI','CE EDJEBA GROUP','CE TOTAL','ruby',0,1,1,NULL,1,'Pastor','SADE OWOYEMI','@pstsadeowoyemi','Lblud854HHrfpvyH2VLBajC7H5Ua0UJfgJG2uTi262rBNBQofCl4wFKeWdWrZMIC','zfexRRYAAHNGdQ9QiWGqGKcXXOS2yytuhWxafikEHFi3Hf7plAtTTMb9iqXHEGNM','qr_codes/partner_1316.png',1,'2025-11-14 14:34:50',0,1,0,'Sent successfully on attempt 1','2025-11-07 10:45:51','2025-11-14 14:34:50'),(1317,'Pastor',NULL,'Ken Igini','kenigini@rocketmail.com',NULL,'REGION 3','EWCA ZONE 6','TANZANIA GROUP',NULL,'ruby',130000,0,NULL,NULL,0,NULL,NULL,NULL,'HZiJ651qRuGyWkSoBkd4ZQq9kbAKMg7qhY9Hr9aKjD2ZrWBzm6giTZhGtkCKTKmD','X6sR542xFeu1667XDRXhmmQqmOufaUWOHN0H89WEyekmQB9KW6mcsH2hlKbNQfzv',NULL,0,NULL,0,1,0,'Sent successfully on attempt 1','2025-11-07 10:45:51','2025-11-07 10:48:19'),(1318,'Pastor',NULL,'Kodjo Quaynor','kodjoaddo@gmail.com',NULL,'REGION 3','ACCRA ZONE','CE KOFORIDUA',NULL,'ruby',100000,0,NULL,NULL,0,NULL,NULL,NULL,'TtHfAJ3IGLkivbHsPsuyTecoOonhEjKHR4e78eWcfbrjDIesFEo9OYYx6aSSo71s','zX8z8RZJwX4V5KH8vCCIYuvfU5aoP6Je7nahadR4cbzIlrCchbmbAsrkFIxgwujE',NULL,0,NULL,0,1,0,'Sent successfully on attempt 1','2025-11-07 10:45:51','2025-11-07 10:48:20'),(1319,'Pastor',NULL,'Kwaku Bamfo','kwakubamfo@yahoo.com',NULL,'REGION 3','ACCRA ZONE','CE OSU',NULL,'ruby',100000,0,NULL,NULL,0,NULL,NULL,NULL,'IMM47V94EKymvEPgivHkxngg4bcznsgJUedBfhmgEYfU8tFFvcIPkIWG9YcCxw6D','yHlqxXbZjeDXrOwVOtfSfhh4SlrJJEiOAlDpF22E8BVI0jYbrGSKG0yRtSuabzqB',NULL,0,NULL,0,1,0,'Sent successfully on attempt 1','2025-11-07 10:45:51','2025-11-07 10:48:21'),(1320,'Pastor',NULL,'Marilyn Ogaga','marilynglobal@yahoo.com',NULL,'REGION 3','MINISTRY CENTER WARRI','CE JAKPA GROUP',NULL,'ruby',134338,0,NULL,NULL,0,NULL,NULL,NULL,'fh9GOqNM2VWuXgzDAotPGbUWq8pJVXXsewy6eY1WK7bCPcmJKSQAyeM0TTSP5tSG','ov7ExUd7WNhqFMVczZehMX9FdTumiIjPuFJ55mMy83jWpxAyFJ7ag2ONh712EnPW',NULL,0,NULL,0,1,0,'Sent successfully on attempt 1','2025-11-07 10:45:51','2025-11-07 10:48:23'),(1321,'Pastor',NULL,'Miebi Bribena','bribena.miebi@yahoo.com',NULL,'REGION 3','ACCRA ZONE','CE KUMASI',NULL,'ruby',100000,0,NULL,NULL,0,NULL,NULL,NULL,'fKluCrzb6Nz9t39tzVA1NfubiDxCcnQdMUptCAFbY32IYIccF8LPet4Mo7p9UidR','zImjSgOWpsZmOYb45wBN5e7sOQ2dZHXLLpi4D0ONYC7ynTCKFnEW7lf0ma469zQO',NULL,0,NULL,0,1,0,'Sent successfully on attempt 1','2025-11-07 10:45:51','2025-11-07 10:48:24'),(1322,'Pastor',NULL,'Nicholas Adjaka','yaoadjaka@gmail.com',NULL,'REGION 3','EWCA ZONE 2','CE BENIN REPUBLIC GROUP',NULL,'ruby',205389,0,NULL,NULL,0,NULL,NULL,NULL,'cULf3rS2R4MimcZoVRSk85LsjA5HT9sUb6nJ8jJVfNj3RqB6CvU1ZjYZzqQCYNw2','nxlqsdHh0CYxPugIjYm7FvssaR5HOdhdu15EhmSl72MKtnfVK7n7hqj2C3YF64IR',NULL,0,NULL,0,1,0,'Sent successfully on attempt 1','2025-11-07 10:45:51','2025-11-07 10:48:26'),(1323,'Pastor',NULL,'Obi Anidobi','obinna.anidobi@gmail.com',NULL,'REGION 3','LAGOS ZONE 1','MAINLAND 2 GROUP',NULL,'ruby',101308,0,NULL,NULL,0,NULL,NULL,NULL,'qsfWAMGy0dIN20bVmZ00TyUzb8u9rU1RI7BfrU6RViuQtMUm0HtfsIzr2CUSgBG3','TWSSczv8DzxbCN53EBPLCuqBAJyXNdlzVlBxPl6DO0xUZ3kUxGYlBtm6XEi4dOhP',NULL,0,NULL,0,1,0,'Sent successfully on attempt 1','2025-11-07 10:45:51','2025-11-07 10:48:27'),(1324,'Pastor',NULL,'Olugbenga Olusanya','Pastorg1931@yahoo.com',NULL,'REGION 3','LAGOS ZONE 1','MARYLAND',NULL,'ruby',104552,0,NULL,NULL,0,NULL,NULL,NULL,'wcjOcJKFwqIHfsVKBjHkdH4DRlChCdKxaMyZBwbi9JvDNHuf8IVxbH2HU0U0BrF4','l2w9ck3VS2Zi7XBqrWAz1f5IVseUpchqB4wQVegQz7VQ1kcwZFa9dV6SKFDY9B4l',NULL,0,NULL,0,1,0,'Sent successfully on attempt 1','2025-11-07 10:45:51','2025-11-07 10:48:28'),(1325,'Pastor',NULL,'Peter Aisida','paisida@yahoo.com',NULL,'REGION 3','LAGOS ZONE 1','CE IFAKO GROUP',NULL,'ruby',138323,0,NULL,NULL,0,NULL,NULL,NULL,'fnvGZYOPF7cdAOQAhfAFJrnsWVIY8dw2XDbTqShx7Ezj6tc3qb7mtXPA694vXkJ7','xeuSW5EyjCPjlGUvRHdZ3qZrM6bLAZqSe0Rim5SPrX6OnTowqZcw2OxQtpnSghob',NULL,0,NULL,0,1,0,'Sent successfully on attempt 1','2025-11-07 10:45:51','2025-11-07 10:48:30'),(1326,'Pastor',NULL,'Prince Henry Frimpong','princehenryfrimpong@yahoo.com',NULL,'REGION 3','ACCRA ZONE','CE AKIM ODA',NULL,'ruby',100000,0,NULL,NULL,0,NULL,NULL,NULL,'mNQhSD12jJ8iszXlswyj5cIY8uliEZkhXPpYkHjDGFAH9cBVRwrZjvI6oNI7nRKH','Rm7Qp8fligDoyOJekO1SF2U93uwIMUzWmuha7kaSyLy1e5dVVxJKlpCAhZ6wgcAM',NULL,0,NULL,0,1,0,'Sent successfully on attempt 1','2025-11-07 10:45:51','2025-11-07 10:48:31'),(1327,'Pastor',NULL,'Ransford Adu Gyamfi','ragcag@yahoo.com',NULL,'REGION 3','ACCRA ZONE','CE FIGAI TAKORADI',NULL,'ruby',100000,0,NULL,NULL,0,NULL,NULL,NULL,'lx4tGSLScEPCyMwUNnYXBIyUJMIQJfbxqaQCvIAA8NC0XiN3tXATAFwb8ykAY4Ap','JC60ImBnwjtLdUxRa9Lf91AXbnDKN1ktkP1J3NNQbpWUQRUTCBBMdqQ8jR5bGFd4',NULL,0,NULL,0,1,0,'Sent successfully on attempt 1','2025-11-07 10:45:51','2025-11-07 10:48:32'),(1328,'Pastor',NULL,'Reggie Scot- Perry','rscotperry@gmail.com',NULL,'REGION 3','ACCRA ZONE','CE ATOMIC',NULL,'ruby',100000,0,NULL,NULL,0,NULL,NULL,NULL,'OFQ7alYsRPtL2moYXqZD7yHYts9746IXSKoltq5L6YCyGjR8bjhPkxRAiyltCvuF','xKcBTHTwX1pL470kqSJE78VJQiulNOq5SWcWGHHnfyicAbBpTglsenkJUnftXerD',NULL,0,NULL,0,1,0,'Sent successfully on attempt 1','2025-11-07 10:45:51','2025-11-07 10:48:34'),(1329,'Pastor',NULL,'Samuel Obeng','obeng_yaw@yahoo.com',NULL,'REGION 3','ACCRA ZONE','CE KASOA',NULL,'ruby',100000,0,NULL,NULL,0,NULL,NULL,NULL,'gz4tAgUyZZ3VyeVbkmcQFO0SGSLetAvtlBvDXFiMTLwodxL0FVMC8u1ir1IyMWHv','ucxduSl5c4ooBf8JtMUWRjPcTLtVzPhClwUF2WXMmrq1i9JmuLgNLXS2abwruUTg',NULL,0,NULL,0,1,0,'Sent successfully on attempt 1','2025-11-07 10:45:51','2025-11-07 10:48:35'),(1330,'Pastor',NULL,'Seyi Wealth','sheyiwealth1@gmail.com',NULL,'REGION 3','ACCRA ZONE','CE CAPE COAST',NULL,'ruby',100000,0,NULL,NULL,0,NULL,NULL,NULL,'NHr0EwjQjvxYFLtzJGzFPxKhwr7PaC1nuhq4DQg5qpShlE6K8Py9Me30sbXAxP5R','zXNpcgWdEEZybTzhJPiG4lgURkH9j0s1KRq0zDdgyGi1UXXrcqE5tyhe2g3Z5E5U',NULL,0,NULL,0,1,0,'Sent successfully on attempt 1','2025-11-07 10:45:51','2025-11-07 10:48:37'),(1331,'Pastor',NULL,'Sophia Keteku','pastorsophiawallace@gmail.com',NULL,'REGION 3','ACCRA ZONE','CE AFLAO',NULL,'ruby',100000,0,NULL,NULL,0,NULL,NULL,NULL,'Ou0d1zv1u1PwVrQMAJfUuTNzDJGTf82aOBfmcomwPRCCVUFMpEJeRpsZTtEUlCIq','KJWnOoihdQ0LrJOvbGqybwAfF4yaZBiwEkxDIW7AYZPFIlKaz4By6ucDKGlsctL3',NULL,0,NULL,0,1,0,'Sent successfully on attempt 1','2025-11-07 10:45:51','2025-11-07 10:48:38'),(1332,'Pastor',NULL,'Steven Hammond','shammond.hammond11@gmail.com',NULL,'REGION 3','ACCRA ZONE','CE BEREKUM',NULL,'ruby',100000,0,NULL,NULL,0,NULL,NULL,NULL,'s6srV8rwIpEcMHuaaB2zBa6AF7hdED9jXEw59k32cI0UovBMXnH9HXdN24eiANaJ','z4lZizibfk5eOv4sRAq2rWlfEWxUwqLqVnECKERriwXe5O42GTe9GYBltkgrKkAW',NULL,0,NULL,0,1,0,'Sent successfully on attempt 1','2025-11-07 10:45:51','2025-11-07 10:48:40'),(1333,'Pastor',NULL,'Tanny Mercy Fru','tannymercy@gmail.com',NULL,'REGION 3','EWCA ZONE 4','BUEA GROUP',NULL,'ruby',199550,0,NULL,NULL,0,NULL,NULL,NULL,'4WQkSqFVSn1dgJjcZO4xNnyH6gMqrhSOdNRZLUmjFYtP8tXvGyaHj0YTmVxkSwBM','LPgij7aeNciROgzpn8YJVx5Ca9Fl4EtDQIRXiyinA7JHhhgaeQvbpwbQnjJRaO7r',NULL,0,NULL,0,1,0,'Sent successfully on attempt 1','2025-11-07 10:45:51','2025-11-07 10:48:41'),(1334,'Pastor',NULL,'Tokunbo Siyanbola','tokunbo.siyanbola@gmail.com',NULL,'REGION 3','LAGOS ZONE 1','AKUTE GROUP',NULL,'ruby',102302,0,NULL,NULL,0,NULL,NULL,NULL,'KfIwd82w8poC6vxhEgn3Ahg39X93qOm7UEdQU4VDEMDWXGcpgDRaTzxqaphnlI8M','rpxYvp4Fj2GuR40VEmWfAKQy8M2cuJuYEKsIfODVULjF8xqoRKbzhyFhuCYZlf4j',NULL,0,NULL,0,1,0,'Sent successfully on attempt 1','2025-11-07 10:45:51','2025-11-07 10:48:42'),(1335,'Pastor',NULL,'Tunde Olufowora','shoffyforjesus@gmail.com',NULL,'REGION 3','LAGOS ZONE 1','AA2 GROUP',NULL,'ruby',100660,0,NULL,NULL,0,NULL,NULL,NULL,'nHpx8A3ICrq5sAKi1oAQg9vDxLb2ZoxMfkxRsAOBKLItlpcAJoAfYtNH1ICoy3kC','gR809RLfLuaAcYSEZJJ1MvbFGPLiDs9Dimx5cXkwMj64hZwWzs9RUQnxcEJDqhq8',NULL,0,NULL,0,1,0,'Sent successfully on attempt 1','2025-11-07 10:45:51','2025-11-07 10:48:44'),(1336,'Pastor',NULL,'Wole Adisa ','woleadisa@gmail.com',NULL,'REGION 3','LAGOS ZONE 1','IKORODU CENTRAL GROUP',NULL,'ruby',109152,0,NULL,NULL,0,NULL,NULL,NULL,'UWabc8MT5RD2TIcwVcuX0my4uhvOCSLp8RVt2yK48rKBZeU47t2DJ0mIV39rBqrE','7yghJDj3xKBSQqoaWjC7vrKwxa458z0ChFwHM12KejpsL0gLe3WLvIvRN9ZOHvOE',NULL,0,NULL,0,1,0,'Sent successfully on attempt 1','2025-11-07 10:45:51','2025-11-07 10:48:45'),(1337,'Pastor',NULL,'Yinka Okunusi',' yinkaokunusi@yahoo.co.uk',NULL,'REGION 3','LAGOS ZONE 1','CE OGBA GROUP',NULL,'ruby',136021,0,NULL,NULL,0,NULL,NULL,NULL,'nbC6mp5ZwenFF49pDTJ1hnxbmr6lSrUUfKc17lA1px6aezlcQPmHnD9DR5YE8Yfo','SZMsjEzelwSv2vWJQiqE6deY19HjVKJvAUvZS7uLO4XzX9f7YEWswWQJJCpjLlTZ',NULL,0,NULL,0,1,0,'Sent successfully on attempt 1','2025-11-07 10:45:51','2025-11-07 10:48:47'),(1338,'Pastor',NULL,'Ese Eze','pastoreseeze@yahoo.com',NULL,'REGION 4','CELVZ','LVZ CHURCH 2F',NULL,'ruby',113890,0,NULL,NULL,0,NULL,NULL,NULL,'EBF68V3jFbAwku2kmXmOchJqq2aGBijADm4cCg2fqimmY6Zoo3FMYS7WFLwPDWtl','d9nMoskxnaMogJXmwJi8vZ1IIlkPXVcSyk6pPusKS9aBDDZrYTxevYx07YEAwztk',NULL,0,NULL,0,1,0,'Sent successfully on attempt 1','2025-11-07 10:45:51','2025-11-07 10:48:48'),(1339,'Pastor',NULL,'Geri Robert','ityogeri@yahoo.com',NULL,'REGION 4','CELVZ','CHURCH 3B',NULL,'ruby',111806,0,NULL,NULL,0,NULL,NULL,NULL,'Jk6SfHwAOL7vnkvQ2WI6C3DVm2iRWpFzuAul55hlbfZSaF9BjnJMzSToDupGJSXY','BzRIl7uNoO7eBsj2fGMM3xznra949n1FTOI7RgkS2BgcOWc4sakRC8j7BobMYp03',NULL,0,NULL,0,1,0,'Sent successfully on attempt 1','2025-11-07 10:45:51','2025-11-07 10:48:49'),(1340,'Pastor','Group Pastor','Lanre Adetifa','mandylite0108@yahoo.com',NULL,'REGION 4','PORT HARCOURT ZONE 2','CE ROYAL PLACE GROUP',NULL,'ruby',109631,1,1,NULL,0,NULL,NULL,NULL,'z1MNMYEnHpSJiAB5ijE1A72q4hCDXDvzFa9RMlR35TEzcxPgVP5iQ4zQAEwZpADj','6PBPPQk9GCBkOBBpIiIg19xkJbYZCyneFQtMkylsEsovW5f2b29DmPR2uFy8rKFv',NULL,0,NULL,0,1,0,'Sent successfully on attempt 1','2025-11-07 10:45:51','2025-11-09 20:15:15'),(1341,'Pastor',NULL,'Lekan Balogun','lekanbanks@yahoo.com',NULL,'REGION 4','LAGOS ZONE 3','LOVEWORLD PLACE GROUP',NULL,'ruby',100000,0,NULL,NULL,0,NULL,NULL,NULL,'63ERHOQ4zuoA0qtjJ67I6rCykrLE5Ryfb1qo1cASL0BuLHo434Ajh4K8d3WghsZk','4nQvxSzHrAb0zJIpRwGy9Tg3H2q3tfV3K0pFUiSDxgfkT0ZShFcYG5MmUftI0ZSc',NULL,0,NULL,0,1,0,'Sent successfully on attempt 1','2025-11-07 10:45:51','2025-11-07 10:48:52'),(1342,'Pastor','Asst. Zonal Pastor','Martha Agbonifo','marthaagbonifo@gmail.com','+2348033552460','REGION 4','LAGOS ZONE 2','IPAJA GROUP','CE IPAJA','ruby',0,1,1,NULL,0,NULL,NULL,NULL,'G30xPAKOiUhPwQHG1F7huv32dSj9NIc5wpcYg3dbff78OplpZLwnvpNzpqXOaaBa','IFUin7x4vuJfUJWRfi5r4ZSTJCAHAIaoqGsnrW8SevlhbzGJWScGg3rL1cRslXZF','qr_codes/partner_1342.png',1,'2025-11-10 09:10:44',0,1,0,'Sent successfully on attempt 1','2025-11-07 10:45:51','2025-11-10 09:10:44'),(1343,'Pastor',NULL,'Nike Gbenga Kehinde','nickyngk@yahoo.com',NULL,'REGION 4','CELVZ','LVZ CHURCH 4',NULL,'ruby',0,0,NULL,NULL,0,NULL,NULL,NULL,'68sbWx3GKhNbPv2GI96E5aa2XpN2fAWj7m1VNRz8rtKoKAAx1Y5nbBnwKvBiUFl6','x1DXgsmsUEgD632LnmoG4t5f1MApa6QiDas1W4t3MiTZJOuURe5HT9F1O2FZbPtd',NULL,0,NULL,0,1,0,'Sent successfully on attempt 1','2025-11-07 10:45:51','2025-11-07 10:48:55'),(1344,'Pastor',NULL,'Nkem Nwaribe ','bethelnwaribe@gmail.com',NULL,'REGION 4','PORT HARCOURT ZONE 3','CENTRAL CHURCH 2 GROUP',NULL,'ruby',102663,0,NULL,NULL,0,NULL,NULL,NULL,'vQE6WS7oBeyZyL3h2ezGSzVtObi86uJ7Ddxve4ogBtSwm2eEDQn9BFqA3zNgo88U','WRR3K3TdSkXSWgc4K6HJXX9Df5ylCsbHZnNWfTHAls59IeETAOfN2rvwFo6LJQft',NULL,0,NULL,0,1,0,'Sent successfully on attempt 1','2025-11-07 10:45:51','2025-11-07 10:48:56'),(1345,'Pastor','Group Pastor','Tunde Olajide','tolajide5@gmail.com','+23408033159570',NULL,'MINISTRY CENTER ABUJA','WUSE GROUP','CE WUSE 2','ruby',0,1,1,NULL,1,'Pastor','Isiramen Olajide','@tunis','e8nvgV0Fu99lFVVeDJharwkqYuTPP5mvGYTL9rfcIsRCyS4eyfezecyUlzpUZjLv','3fP9E3hSBzTyS6EmNky766fmjbYSfqGOXEpZep2zMYHXns4g8iebwlvdeq6mKTFv','qr_codes/partner_1345.png',1,'2025-11-09 19:14:44',0,1,0,'Sent successfully on attempt 1','2025-11-07 10:45:51','2025-11-09 19:14:44'),(1347,'Pastor',NULL,' Ben Okafor','pastorbenproperity65@gmail.com',NULL,'REGION 5','SOUTH EAST ZONE 3','CE AWKA','Akwa church','ruby',111421,0,NULL,NULL,0,NULL,NULL,NULL,'yZnp63zjk4s4ras2MGBJ0My9GNKt9xnl2VfPfY9qYMflg2dh7qcSBXuwOOUae94x','Royhwgjm21XrhyWlX9tcSJ3T6LvHkCnKCjQ5q720twCsMmdEhsMFZc20gv03361n',NULL,0,NULL,0,1,0,'Sent successfully on attempt 1','2025-11-07 10:45:51','2025-11-07 10:48:59'),(1348,'Pastor','Group Pastor','Benedict Ologbosere','bologbosere@gmail.com','+2348035255396','REGION 5','LAGOS SUB ZONE C','PAKURO GROUP','PAKURO CHURCH','ruby',0,1,1,NULL,1,'Deaconess','Courage Ologbosere','couragebenedict','Ur53fjnECXJhnYDeF5KBAAkrjJYozGYpJ1NOpjolvKtvEhRjRD2g2vbg97uYPB2J','bEgoTVkB9jioOwaCl7Yt397nkCmkdG7ZufU0aYYONv1xi3ggbid6fdgaGyk3zDnl','qr_codes/partner_1348.png',1,'2025-11-10 10:48:39',0,1,0,'Sent successfully on attempt 1','2025-11-07 10:45:51','2025-11-10 10:48:39'),(1349,'Pastor',NULL,' Chris Ibhakhomu','pactexpaint@yahoo.co.uk',NULL,'REGION 5','LAGOS ZONE 5','CHEVRON GROUP','Chevron group church','ruby',132812,0,NULL,NULL,0,NULL,NULL,NULL,'Zvk9vOr0pCn8aGg9U0xpXGZH6pSifTKfXbB1FsWhkCnQpqCsBU8PWRTJsboFeGqg','4RyE1lsmk1kLXYWjSA29PG0EvbdtKthRVfsDI1P2Aa8MpnKIt5hxXzB4680vsgPy',NULL,0,NULL,0,1,0,'Sent successfully on attempt 1','2025-11-07 10:45:51','2025-11-07 10:49:02'),(1350,'Pastor',NULL,' Ebenezer Alphonsus','ebenezerpae@gmail.com',NULL,'REGION 5','BENIN ZONE 1','CE CENTRAL MISSIONS 3 GROUP','CE CENTRAL MISSIONS 3 CHURCH','ruby',137386,0,NULL,NULL,0,NULL,NULL,NULL,'fGcc5xbpRLXNPaT58ikfeWQyRf7EJBeznzZRIh3Vs3XvGlb29gUXlISB1Tyn6h5T','2y22hvmYXRGxzgfm2qdZF17hFRp4upnKefOClcUqTiibQsj7L7pNaatTOXnyHHPT',NULL,0,NULL,0,1,0,'Sent successfully on attempt 1','2025-11-07 10:45:51','2025-11-07 10:49:03'),(1351,'Pastor',NULL,' Niyi Moyede','pastorniyimoyede@gmail.com',NULL,'REGION 5','BENIN ZONE 1','CE CENTRAL MISSIONS 2 GROUP','CE CENTRAL MISSIONS 2 CHURCH','ruby',144615,0,NULL,NULL,0,NULL,NULL,NULL,'NCm8yDEjSE2Tgyrl19sg4JKfQ76rkEQKhDfTvBs6LXoDbH1u8UF7px6BEuuSZ2uO','VPzces8HQBnA1fTajxyelg86vU8VIxQ3vQfqYw3AgNIZvHWu9dj1Jg2xJCO1yjUO',NULL,0,NULL,0,1,0,'Sent successfully on attempt 1','2025-11-07 10:45:51','2025-11-07 10:49:05'),(1352,'Pastor',NULL,' Richard Ododo','richieododo@hotmail.com',NULL,'REGION 5','LAGOS SUB ZONE C','CE. GRACE ARENA GROUP','CE. GRACE ARENA CHURCH','ruby',107,0,NULL,NULL,0,NULL,NULL,NULL,'S6bgkeuVkXdqXuvv11ocOyLPr5CtsdfgCjAU8yHwlJpMUaHX7ZwxzKToZneTGWRn','jW6rELmKnqlakNBnyF6GO5JHgC8014DdvdFydP5dg2nk9k4Ywg933iiapyJtJqMa',NULL,0,NULL,0,1,0,'Sent successfully on attempt 1','2025-11-07 10:45:51','2025-11-07 10:49:06'),(1353,'Pastor',NULL,' Sally Eyong¬Manyo','jososally@yahoo.com',NULL,'REGION 5','ZONE A','BLW CAMEROON ZONE A',NULL,'ruby',100000,0,NULL,NULL,0,NULL,NULL,NULL,'J5CopMAwMui0MVOSTarx7EmZU2t1rKVxLSprfkRoaxwLlehkAXBkn2Lt5mPQ2obn','k2uuRrEbV7LmfSRUX7ghxeQZC9t4aCgREZPIGVUNWdvGukNJ2xgLtNMBJ2fBmauf',NULL,0,NULL,0,1,0,'Sent successfully on attempt 1','2025-11-07 10:45:51','2025-11-07 10:49:08'),(1354,'Pastor ',NULL,'Chika Alex','pastorchikaalex@yahoo.com',NULL,'Region 5','South East Zone 1','Umuahia Wcc Group','Zonal Chuch','ruby',105372,0,NULL,NULL,0,NULL,NULL,NULL,'Pk3GNjxzOZ2Va20IFqmz48BenzSwSmsLXhHH6IIP6XCYodF3iBZRx1CTlYtSJD9R','wMEl9CaLPiLXCkvoP9B4vRbGuiLFnVeJPk9B9oBM0kuy6GqAXninVBZ6tu4vAywI',NULL,0,NULL,0,1,0,'Sent successfully on attempt 1','2025-11-07 10:45:51','2025-11-07 10:49:09'),(1355,'Pastor','BLW Zonal Secretary','John Jibril','egbeadumajohn5@gmail.com','+23408038944460','REGION 5','ZONE J','BLW NIG. ZONE J','BLW UNIBEN','ruby',0,1,1,NULL,1,'Sister','Nancy Jibril','Njjzion','5auXH070rlOWXEJEAnTuZvoQHJeGTOi7y4UTXpjzD3cP3pVbovlZpznpWWuYusVe','v5TP4Ue8IOyRZ4oZz84M10fQc0qd6yiII1lGWIBap6ztcFmoSmC3ykQURajpCD5l','qr_codes/partner_1355.png',1,'2025-11-09 16:55:51',0,1,0,'Sent successfully on attempt 1','2025-11-07 10:45:51','2025-11-09 16:55:51'),(1356,'Pastor',NULL,'Nnenna Onyema','onyemagladys@yahoo.co.uk',NULL,'REGION 5','LAGOS ZONE 5','CE AJIWE GROUP','Ajiwe Group Church','ruby',100000,0,NULL,NULL,0,NULL,NULL,NULL,'hfgNNV7astoaJ5aJoUUig12YKfereLp4WdngXDQyVbOwxBBGtyAk91STyTHxtRvD','KOG2pbpShBG2U4QetxeYAwUGN36C6qSmPSSFkT20CDrutrW4mzSV61g9qICUtDlF',NULL,0,NULL,0,1,0,'Sent successfully on attempt 1','2025-11-07 10:45:51','2025-11-07 10:49:12'),(1357,'Pastor',NULL,'Obehi Eremiokhale','obehimade@yahoo.com',NULL,'REGION 5','LAGOS ZONE 5','CE IKOYI GROUP 1','Ikoyi sub group church','ruby',100000,0,NULL,NULL,0,NULL,NULL,NULL,'nUoHI5dFkOphy5edMW7ZwQScHJ0bAYcn9agCAZEN0zwkARTX5f7846N1MRiOcWBI','lFNFVp1x61fxz4oGmmcDs4egq5LnXKf98itlpms5NU2WcVZpgkBdKn28yaCsvC9y',NULL,0,NULL,0,1,0,'Sent successfully on attempt 1','2025-11-07 10:45:51','2025-11-07 10:49:13'),(1358,'Pastor',NULL,'Obi Umeasiegbu','tlb@cebayelsa.com',NULL,'REGION 5','NORTH WEST ZONE 1','CE KADUNA','Zonal chuch','ruby',100000,0,NULL,NULL,0,NULL,NULL,NULL,'PgmV8hxfCHsYicTMphr5RQtRgHZglRc9trUkQ6nZJhViw5XcAgLoWjWFi3NNHqmn','JHU0WZeVtgQvWy2HKdX8yXSRdUM7w4MoRCfeHKylEMjHl4RVg823bBlGJn0Jl2SC',NULL,0,NULL,0,1,0,'Sent successfully on attempt 1','2025-11-07 10:45:51','2025-11-07 10:49:15'),(1359,'Pastor',NULL,'Olufunke Oke','pastorvichurch@loveworld360.com',NULL,'REGION 5','LAGOS ZONE 5','VICTORIA ISLAND GROUP','Victoria Island church','ruby',109568,0,NULL,NULL,0,NULL,NULL,NULL,'sc4mInChJUdZGzqGRgAaAeYd5gMiRnPbEITYRRx5TF4BKmOmusRCLbYtwMXnUMBF','QMOdodv5rD7VmDar3WPALkX0kg0JZMQojAJyzhzbdPc5GGPfTOo5UoJZfjjZAmOz',NULL,0,NULL,0,1,0,'Sent successfully on attempt 1','2025-11-07 10:45:51','2025-11-07 10:49:16'),(1360,'Pastor',NULL,'Beauty Aduroja',' adm.christembassylisboa@gmail.com',NULL,'UK DSP','UK ZONE 2 DSP','Lisbon Group','Lisbon Group','ruby',100000,0,NULL,NULL,0,NULL,NULL,NULL,'vdi5EHFah6G058JFov7hRw283pQWjMwrp4EbHRDTRlryoxQQSJTSTTUtOiHqmOPI','QwbQR2Sa9VwTji4fSOYk3LGRzEsFYRKnuYMhlXplavFhjr6oilxc8YMxen6V09wf',NULL,0,NULL,0,1,0,'Sent successfully on attempt 1','2025-11-07 10:45:51','2025-11-07 10:49:18'),(1361,'Pastor',NULL,'Bimbo Bisuga','bimbobisuga@yahoo.com',NULL,'UK DSP','UK ZONE 4 DSP','Coventry Group','Coventry Group','ruby',110777,0,NULL,NULL,0,NULL,NULL,NULL,'iQ30mO82keqXl8vgW7tzIlD2oCRvpb5aXIr3tSfZJbRxyS1dd8Xm3bnH7A8Qm3h7','I2m7USXLoKVNsGRNoAhH1CWzzjiNzacyDTGRJhDzAIqWGP87ThTLlKahePvJZsT0',NULL,0,NULL,0,1,0,'Sent successfully on attempt 1','2025-11-07 10:45:51','2025-11-07 10:49:19'),(1362,'Pastor',NULL,'Chris Nwafor','chris.nwafor@gmail.com',NULL,'UK DSP','UK ZONE 1 DSP','Leeds Group','Leeds Group','ruby',120500,0,NULL,NULL,0,NULL,NULL,NULL,'XgBAAVfteXWGwyJgUy3CdTO4e24u58Xh1JfqfzKG8yqRSnKF9eaJZknJyG4MUeug','lSevQFPLK7fH7yo5yJRebOFehOIGIKWFvgPXGVSOjs4x2EXjbv3fVt8LXmDgoiFZ',NULL,0,NULL,0,1,0,'Sent successfully on attempt 1','2025-11-07 10:45:51','2025-11-07 10:49:21'),(1363,'Pastor',NULL,'Debbie Egbaran','debbieegbaren@gmail.com',NULL,'UK DSP','UK ZONE 3 DSP','Luton Group','Luton Group','ruby',100000,0,NULL,NULL,0,NULL,NULL,NULL,'5x7CONL6rzObuhnor0bjtB8Qj6SwB4stXXid7nrHe8Nw0aNErrbpe6igeShC63dt','XDG2LU4i7k3vczHaTalNekoZmFRP9WpMQtlpkjrL6DBX2RRF1K7xL96zOlysonCj',NULL,0,NULL,0,1,0,'Sent successfully on attempt 1','2025-11-07 10:45:51','2025-11-07 10:49:22'),(1364,'Pastor','Church Pastor','Don Udofia','don.udofia@gmail.com','+23407031170833','UK DSP','UK ZONE 3 DSP','Brentwood Group','Southend-On-Sea','ruby',0,1,1,NULL,0,NULL,NULL,NULL,'D7vxBvAmrAzBzX6lQXLmNlRmpIE6oNHgd1KqfkQvKNcqj8XwK4f35lbSpiGxegjd','ZTiBp25gUcIwk8EZuSrB3QJkfkMlE9M22vwAcGimRXIHlZdWbiRK1TBPQ0hGKAwm','qr_codes/partner_1364.png',1,'2025-11-10 05:50:42',0,1,0,'Sent successfully on attempt 1','2025-11-07 10:45:51','2025-11-10 05:50:42'),(1365,'Pastor','Sub-Group Pastor','Ebiere Scoth-Hobson','ebiere.scotte@yahoo.com','+23407882195647','UK DSP','UK ZONE 1 DSP','Scotland Sub-Group','EDINBURGH CHURCH','ruby',0,1,1,NULL,0,NULL,NULL,NULL,'OU326qZbY7994lPutWHR0F8DlFB5lA8ozfBvPTkhLZYM8CcS6xrKosgblhTBDcZW','uERnjjbBrYZsXsq4mS9TnrhXv8nJjDq2RJqeRGfhVJWKzi4hf6Z7RSBxnCJQURZ3','qr_codes/partner_1365.png',1,'2025-11-12 23:18:06',0,1,0,'Sent successfully on attempt 1','2025-11-07 10:45:51','2025-11-12 23:18:06'),(1366,'Pastor','Group Pastor','Godson Ifebueme','goziemi@yahoo.com',NULL,'UK DSP','UK ZONE 4 DSP','Bolton Group','Bolton Group','ruby',116152,1,1,NULL,0,NULL,NULL,NULL,'w8G6mv1SspSIL88OEdwfu13N9Ydq2OYsw9p1XCgBiSJa9iAQAVIwaeGmWRhKiJTi','oYwrQJX3010CZo9WFmmnvLvo30TgI9CfSXZNu3koPFloGXl8kPGEfaMGcdfslUw3',NULL,0,NULL,0,1,0,'Sent successfully on attempt 1','2025-11-07 10:45:51','2025-11-12 15:23:59'),(1367,'Pastor',NULL,'Ifeoma Onubogu','pastorifeoma@hotmail.co.uk',NULL,'UK DSP','UK ZONE 4 DSP','Greater Manchester Group','Greater Manchester Group','ruby',181020,0,NULL,NULL,0,NULL,NULL,NULL,'Ync9HTDgCPvaS1lK44t09OquFG6panaCETw1kkpxZRurS8qHwaOHf9yA3PHefn8V','rp89QWGTziE2XjYTxtmvtet4kLFEbrnFnkOkNFdITk58S1BkwRfmEEJCNXYORHmF',NULL,0,NULL,0,1,0,'Sent successfully on attempt 1','2025-11-07 10:45:51','2025-11-07 10:49:28'),(1368,'Pastor',NULL,'Kelvin Enabulele','kelvin.enabulele@gmail.com',NULL,'UK DSP','UK ZONE 4 DSP','Sheffield Group','Sheffield Group','ruby',104164,0,NULL,NULL,0,NULL,NULL,NULL,'T27krQaDNXGR3qat3Cq4d83NePFgkd4hBjClDfMt9FuPaGxxgK94ewopIp9Tamj4','iY2yv9rgZQRA0aIcj8VWdROL8IhbbmKq6No3tS9fBENgBjwPpyYUuJtpnFP18zpv',NULL,0,NULL,0,1,0,'Sent successfully on attempt 1','2025-11-07 10:45:51','2025-11-07 10:49:29'),(1369,'Pastor',NULL,'Ken Okakpu','ken.okakpu@gmail.com',NULL,'UK DSP','UK ZONE 3 DSP','Peckham Group','Peckham Group','ruby',114386,0,NULL,NULL,0,NULL,NULL,NULL,'gLMZ0lit218ZTfmAk7Z3Zev9xeeXBSNG0B2WCZrGYc3uOeUsGr3OkCRbrG2Q5oND','qbF6y9bkQ2dgO2AHqZzqWvqNYCT5wQXGymKcQYLRGdt6mHn3rkY9CuQmHt1Bw8El',NULL,0,NULL,0,1,0,'Sent successfully on attempt 1','2025-11-07 10:45:51','2025-11-07 10:49:30'),(1370,'Pastor',NULL,'Kofo Ayodeji','kofibar@hotmail.com',NULL,'UK DSP','UK ZONE 3 DSP','Scotland Group','Scotland Group','ruby',100000,0,NULL,NULL,0,NULL,NULL,NULL,'jLiNcM421ra3wFYa89s6YuiZ2vvdL9z6f5JRQUGoUGYP2XnpWkT9fW7CWVPZlFZ1','hwn5zUh1qGrH53Hys7LcHTR28RtbZHBut677qBbWHj2iS8qIgvDIaaTSbrNDjk3K',NULL,0,NULL,0,1,0,'Sent successfully on attempt 1','2025-11-07 10:45:51','2025-11-07 10:49:32'),(1371,'Pastor',NULL,'Ola Isola','ola_isola@yahoo.co.uk',NULL,'UK DSP','UK ZONE 2 DSP','Norwood Group','Norwood Group','ruby',201939,0,NULL,NULL,0,NULL,NULL,NULL,'EztwJYdkIdcGzaol6AspoCLuppw5EEVXyFnPVdPyVdgIHGt592glYmiWnanEuqyb','2x6UfiLEmQm4GRSO3gfYrDJOymYjwCIwdgERoBZMogY346z0iiygke0jOLQu65P3',NULL,0,NULL,0,1,0,'Sent successfully on attempt 1','2025-11-07 10:45:51','2025-11-07 10:49:33'),(1372,'Pastor',NULL,'Owen Nwanebu','pastor.owen@hotmail.com',NULL,'UK DSP','UK ZONE 3 DSP','Slough Group','Slough Group','ruby',100000,0,NULL,NULL,0,NULL,NULL,NULL,'PvqXsF9jz6XiVjEAUDhQUSSyMLMjr67bTKDjwSSYkvaRV60Kq1yB9DxLCFLLBDWF','t1RkeNfGnWaijvlUMIGklpSaY9lsj3OiifpKh0CaAFRTPJmhHhtv4dBceMRGP2A0',NULL,0,NULL,0,1,0,'Sent successfully on attempt 1','2025-11-07 10:45:51','2025-11-07 10:49:35'),(1373,'Pastor',NULL,'Pat Ibuaku',' patibuaku@yahoo.co.uk',NULL,'UK DSP','UK ZONE 2 DSP','Elite Group','Elite Group','ruby',125211,0,NULL,NULL,0,NULL,NULL,NULL,'oXN7aPpC84Jx8hRrFwIni0l1pWao7YhDGQBrWcygiSSEDgk8xYl67JMPvgAccCzi','H6VHaWr5voDpaa6Rl2GYlKC6m3rHSdt1Ua9sAL6pCJgxAj391zGVBLN7RuKQOrF4',NULL,0,NULL,0,1,0,'Sent successfully on attempt 1','2025-11-07 10:45:51','2025-11-07 10:49:36'),(1374,'Pastor',NULL,'Phil Uduoise','pstphil@my.com',NULL,'UK DSP','UK ZONE 4 DSP','Chesterfield Group','Chesterfield Group','ruby',153542,0,NULL,NULL,0,NULL,NULL,NULL,'gvT2MpU2RO2qVC55oEaVLi5X0rhKURUzEsnYhGWPgzW0lEfwfnd1l5xsXsKurgdx','tbTYXimZk857NC6bAF7dJzK2rnGD0vlWmQaTnxVqd2kn2N0kWelixjE9ge8ijh8d',NULL,0,NULL,0,1,0,'Sent successfully on attempt 1','2025-11-07 10:45:51','2025-11-07 10:49:38'),(1375,'Pastor','Group Pastor','Peter Oluokun','flopety2@yahoo.co.uk',NULL,'UK R2','UKZN1R2','Bexleyheath Group','Pastor Peter Oluokun','ruby',100000,1,1,NULL,0,NULL,NULL,NULL,'dHNOgBqUo3k1KVAh6OjHykaXfbzwwF8UoNlcOe1ujswBgRJsIdjZl5eSNOBxwBRD','LEWYmLiSMcRP9BD2K8SRRhD9VjTk15wA4XELAoen8fgDiR35hLZeUjT4tez3H8rG',NULL,0,NULL,0,1,0,'Sent successfully on attempt 1','2025-11-07 10:45:51','2025-11-10 12:59:22'),(1376,'Pastor',NULL,'Vanessa Nzekwu ','vanessanzekwu@gmail.com',NULL,'UK R2','UKZN1R2','Crystal Palace Group','Crystal Palace Group','ruby',100000,0,NULL,NULL,0,NULL,NULL,NULL,'xsWGXq5KnaFCS0fbjhRUcnS4CapU9TFmBo7J4tP3I9FWOXEa6rHgRaYeANhXYco5','0wQP4UqXpRUc9UJiWKKvGC4k5XXQL2Vva5aOXaLsX8ifocw6hoJl3oVmvTkfpAyc',NULL,0,NULL,0,1,0,'Sent successfully on attempt 1','2025-11-07 10:45:51','2025-11-07 10:49:41'),(1377,'Pastor',NULL,'Bukky Oisaighe','bukkyoisaghie@gmail.com',NULL,'USAR1','USR1ZN1','Western Group 1','Western Group 1','ruby',110974,0,NULL,NULL,0,NULL,NULL,NULL,'Rko0bhl0hWFm8LGg4STUEjbQ7S1Hy9xzUanFXS5CxZg2TApFn8jS1J4hctXyG58C','fB2Inheq9Q2LpoozY9AHPvA4i834J0cLOhJOO93Z6MI8TRQeqGCLzCkp8Zuc8U7f',NULL,0,NULL,0,1,0,'Sent successfully on attempt 1','2025-11-07 10:45:51','2025-11-07 10:49:42'),(1378,'Pastor','Church Pastor','Oluseyi Emiola','oluseyi.emiola@gmail.com','+23407044953197','USAR1','USR1ZN1','CE GLENBURNIE','CE GLENBURNIE','ruby',0,1,1,NULL,0,NULL,NULL,NULL,'JyHey9WBs9WayJVWHwoSWbTDTYAGfwWzQOF06uIczY4YbtZbM3JPpyMEHSYL2TGX','Bn4hMh75NiKMcBOFk5afx23CKXwF8260owRCUAdr9ZIYFNF6mpaCfneBYby17S0x','qr_codes/partner_1378.png',1,'2025-11-11 20:11:07',0,1,0,'Sent successfully on attempt 1','2025-11-07 10:45:51','2025-11-11 20:11:07'),(1379,'Pastor',NULL,'Sola Akinlade','akins.akinlade@dlapiper.com',NULL,'USAR1','USR1ZN1','Maryland Group 3','Maryland Group 3','ruby',110431,0,NULL,NULL,0,NULL,NULL,NULL,'5tC0n8SgzfSVqXdQWjRL7gIWwqQmoz6tICq7PEvJhRAOZSZmg6JGfSBM1k9VjFpj','08NHrZkR1MB29m6RHANHHKsRwmzaKxB7aCg3fyvYgroWaYh58YCQnyDL9PdlWhtz',NULL,0,NULL,0,1,0,'Sent successfully on attempt 1','2025-11-07 10:45:51','2025-11-07 10:49:45'),(1380,'Pastor',NULL,'John Orhion','orhions@hotmail.com',NULL,'USAR2','DALLAS ZONE','Irving Group','Irving Group','ruby',209235,0,NULL,NULL,0,NULL,NULL,NULL,'VpfhxVVgcV0w6vli7vG7JSqujK0PQwTf3FZNVJuuyQMpq73JkhOtAObvqXqCc0ui','xe6bss3Fw3gTHV95jwXMht9ewwxCmQpfLzOCzSpVJIcgD4dRY8UtBxVPqlyKRCO3',NULL,0,NULL,0,1,0,'Sent successfully on attempt 1','2025-11-07 10:45:51','2025-11-07 10:49:47'),(1381,'Pastor',NULL,'Sam Increase','samsincrease@gmail.com',NULL,'USAR2','DALLAS ZONE','Northshore Group','Northshore Group','ruby',100000,0,NULL,NULL,0,NULL,NULL,NULL,'wItgNWe8ZaPBuExsgvJamUYulwLoDRZNwo3SvTOua26QdDarsqfjnfw8ICwDcPVl','KRNFUGEwWe2DJqbOptUwmbkgLtEtuCngvBQSsCR4VtorXwB2yeEf7HaMBGYQM7XB',NULL,0,NULL,0,1,0,'Sent successfully on attempt 1','2025-11-07 10:45:51','2025-11-07 10:49:48'),(1382,'Pastor',NULL,'Stanley Chukwu','pastorstanley@christembassy.de',NULL,'WEZ','WEZ4','Bremen Group','Bremen Group','ruby',100797,0,NULL,NULL,0,NULL,NULL,NULL,'MAM3Bo3WUNhh5a7Xuv96dL5MiEcelcHDTn45CWc2nqUWqxjFAuebFjjiiILVHK9X','GcZlRPLZ4ImuRoLzJR6mRE5eNA8AMYe0Ch5eibUQQRjCqzxf3Mxi1nU9W7RUyl0N',NULL,0,NULL,0,1,0,'Sent successfully on attempt 1','2025-11-07 10:45:51','2025-11-07 10:49:49'),(1383,'Pastor','Group Pastor','Taku Museza','takuemuseza@gmail.com','+23400263772452221','WEZ','WEZ2','Cyprus Group','Cyprus Group','ruby',0,1,1,NULL,1,'Brother','Tosin','KingDavid','NJwOeKtsqBZ7meEJMkq69XXSIfD879VRmcXOwiMm02fYijxlJev67qK7SCJHO5d3','xAt2fmcl4nrp5R807aZdOhwa2ZKjFEq4UUyUsH7sC5MeZbupnsOsTpZi4Wc7lx2f','qr_codes/partner_1383.png',1,'2025-11-12 15:37:38',0,1,0,'Sent successfully on attempt 1','2025-11-07 10:45:51','2025-11-12 15:37:38'),(1384,'Pastor',NULL,'Divine Akenji','akenjid@yahoo.com',NULL,'REGION 3','EWCA ZONE 4','CE BAMENDA GROUP',NULL,'ruby',181975,0,NULL,NULL,0,NULL,NULL,NULL,'3yLu4dT06yPPEYnEhjQIniDl2diSgJE4ctWJOJuPxFd2vHjidIbQUjk7QdtiJPhV','y1oGpReTvwfoxjyjoofJnfoRJB9kvFIa046tLjFQ46mVRi0x9ZuHx1ohrdnujWSC',NULL,0,NULL,0,1,0,'Sent successfully on attempt 1','2025-11-07 10:45:51','2025-11-07 10:49:52'),(1385,'Pastor',NULL,'Jonathan Okoronkwo','jodedivine@yahoo.com',NULL,'REGION 3','EWCA ZONE 2','CE SENEGAL',NULL,'ruby',100000,0,NULL,NULL,0,NULL,NULL,NULL,'1dU8Or3pJuRstUe64CyOAwSDcjl9OizJwUTMB9NxrTgKYNUp0v9mRmJGTNNv3YOf','ALx3tB71qgzBgvZNHvy6XQiLBsJZ4U1wENqN2B2XIfnuiQthufyKhJTMNEBiL89l',NULL,0,NULL,0,1,0,'Sent successfully on attempt 1','2025-11-07 10:45:51','2025-11-07 10:49:54'),(1386,'Pastor',NULL,'Mathias Womuzumbu','mathiasgreatness@gmail.com',NULL,'REGION 3','EWCA ZONE 3','CE EASTERN UGANDA GROUP',NULL,'ruby',100000,0,NULL,NULL,0,NULL,NULL,NULL,'TBE0bsKEHnFlVfsVH7HUM24A5CCeQlYMi5Kb7bQ8DIjCYueK5I2HBnqGSdnLoesj','tmORXMwCb3TwhutACWTmaGNWAwhZ5KiSwDoFiDN5eTFiqXgiz5PHNHCzeq0QhX2g',NULL,0,NULL,0,1,0,'Sent successfully on attempt 1','2025-11-07 10:45:51','2025-11-07 10:49:55'),(1387,'Pastor',NULL,'Olumide Adewolu','pastorolumideadewolu@yahoo.com',NULL,'REGION 3','MID WEST ZONE','TEXTILE-MILL',NULL,'ruby',227734,0,NULL,NULL,0,NULL,NULL,NULL,'bhvGH6d74Zm1BUhKGIP6T5wFDQSMeJtRS7J9ryJMvSzNc45B51bdyIShJTqFaPvm','JfD96LeXXxZNbe9RdIQUjui75KVEgM0V5TypMMql7vv3Eg5SEZ4j81cj3okkSZzk',NULL,0,NULL,0,1,0,'Sent successfully on attempt 1','2025-11-07 10:45:51','2025-11-07 10:49:59'),(1388,'Pastor',NULL,'Sylvia Johnson','sylviaforlum2003@yahoo.com',NULL,'REGION 3','EWCA ZONE 4','CE GABON GROUP',NULL,'ruby',105000,0,NULL,NULL,0,NULL,NULL,NULL,'qtSqbKjPC2uiehVMGq3XXPON4AkAaj3tFgxamiMSzkOfoyE5INCiSJkdVQzI4Buh','Cyp6ThfNrLLFcLUKZI7oMqwuirpLXVDgfOI6hayCBDaOFJmhUbfTrsebpFT88L9F',NULL,0,NULL,0,1,0,'Sent successfully on attempt 1','2025-11-07 10:45:51','2025-11-07 10:50:01'),(1389,'Pastor',NULL,'Bernard Nwajei','pbnbernard@gmail.com',NULL,'REGION 4','PORT HARCOURT ZONE 3','CE SHEKINAH GROUP',NULL,'ruby',107000,0,NULL,NULL,0,NULL,NULL,NULL,'AuoTA7gVq7Ash2CEHJofbVQxX5VF8cNekvRtkb745JE6IZJGHw4RTxG9UdiUVioj','268KWQu0W2K8KJ69wblgcmBpeaKTC4ySs8KBri7Pmx5SduGjr0ufRxakVTfrrgtE',NULL,0,NULL,0,1,0,'Sent successfully on attempt 1','2025-11-07 10:45:51','2025-11-07 10:50:02'),(1390,'Pastor',NULL,'Chyoma Umeasiegbu','pastorchyoma@yahoo.com',NULL,'REGION 4','CELVZ','LVZ CHURCH 2D',NULL,'ruby',151,0,NULL,NULL,0,NULL,NULL,NULL,'EvuLJH8tHVTfjopXM5V3q50seqxWBGM0YI63SZVccFkvdpqbUs2sAfLrUffSXXM9','sZ98oty6oav8tWMJ6Q8TvNrLw6edMDqjEBTto0oiWKc7bU8tsxQPm0A4gtPNzsSy',NULL,0,NULL,0,1,0,'Sent successfully on attempt 1','2025-11-07 10:45:51','2025-11-07 10:50:04'),(1392,'Pastor',NULL,'Esohe Adetola/Dapo Odufau','esohe_adetola@yahoo.com',NULL,'REGION 4','CELVZ','LVZ CHURCH 1',NULL,'ruby',108551,0,NULL,NULL,0,NULL,NULL,NULL,'cB6url2bw9SF3Gja0uqaCUYIqMl1WiM9H1fNItxk5U3c5RAEFiTqWPnsGiwsDmNk','cSt8MR65wpFP6fhCw5vk9bNBvh5li7CCwELp440lD5VhonS8QdOsbkjMi326GiqU',NULL,0,NULL,0,1,0,'Sent successfully on attempt 1','2025-11-07 10:45:51','2025-11-07 10:50:05'),(1393,'Pastor',NULL,'Favour Ajunnu','ajunnufavour@gmail.com',NULL,'REGION 4','CELVZ','YOUTH CHURCH',NULL,'ruby',0,0,NULL,NULL,0,NULL,NULL,NULL,'VVPNzJ2lTQyWabKTHzgzN1w4npOI6ce0dGV5tUHKIIoCRmUfQtjROoRrqLsz5Luc','vjIp7j9hfPMKl4AdYWAdfiuNgdDdTE8Y5Zf2LGRAxItYQZVrZ8zNFWvmdrWN2wR1',NULL,0,NULL,0,1,0,'Sent successfully on attempt 1','2025-11-07 10:45:51','2025-11-07 10:50:07'),(1394,'Pastor','Zonal Pastor','Frank Owokere','pastorfrankowokere@gmail.com','+23408060662542','REGION 4','SOUTH SOUTH ZONE 2','MOST FAVOURED GROUP','Christ Embassy MOST FAVOURED CHURCH','ruby',0,1,1,NULL,1,'Pastor','Ogochukwu Owokere','@pastorogo','WzP2yQxke4L386e01BC5V251BrSBJUtQPX64UTI2gsY5nyUL0Y3KJLvECxZu22st','YHd29LYiknTiA6oZWB2SJJS2Ch8U2tJrPUZX4aHLHcl0Wsf8H6ZB37UpUfPMgLZ2','qr_codes/partner_1394.png',1,'2025-11-09 16:27:37',0,1,0,'Sent successfully on attempt 1','2025-11-07 10:45:51','2025-11-09 16:27:37'),(1395,'Pastor',NULL,'Israel Oyahkilome','oyakhilomeisreal@yahoo.com',NULL,'REGION 4','CELVZ','PHENOM CHURCH',NULL,'ruby',0,0,NULL,NULL,0,NULL,NULL,NULL,'xjWmGl0X3twqEfWWSbDq7WkED0JenUnUlZjnyWVwIfQ4TrilxKnbtbwsU32nTbJl','rrqZguBnhXqAJjxSiy0L2YWREmPyf2l8sKh1THQAupfL3KVfzs4XKXUTxSjwK6Nd',NULL,0,NULL,0,1,0,'Sent successfully on attempt 1','2025-11-07 10:45:51','2025-11-07 10:50:10'),(1396,'Pastor','Group Pastor','Kelson Onoriode','onoriodekelson@gmail.com','+23408066608766','REGION 4','PORT HARCOURT ZONE 3','CENTRAL CHURCH 3 GROUP','CENTRAL CHURCH THREE','ruby',0,1,1,NULL,1,'Deaconess','Angela Kelson-Onoriode','angelkay','opQwGfMCNtzV6s7CNMbPRFsF1PBknRjkgtqZg8js3owmXcoRgBvIf8QTI3Z4bWH9','MdYi9Kk3DGLO8RBzkNJfiTsvXjL5WyO4XpBsagfCVKyIlRaD9gp31r5GHpGz8Qe2','qr_codes/partner_1396.png',1,'2025-11-10 22:20:55',0,1,0,'Sent successfully on attempt 1','2025-11-07 10:45:51','2025-11-10 22:20:55'),(1397,'Pastor',NULL,'M Att Okojie','eokojie@yahoo.com',NULL,'REGION 4','CELVZ','LVZ CHURCH 2E',NULL,'ruby',186195,0,NULL,NULL,0,NULL,NULL,NULL,'V62SCyLW1RzLWWRAYnJiNRCV2UYHybAWieSFY9rtzHUt9PviWaQDwgP3ejkrhBrM','voXl12wvsGn0oYfptlJ4oNsvLLmIH1KCzF2giHZz9RbHHi9HtyebLzLcrtFIRmqw',NULL,0,NULL,0,1,0,'Sent successfully on attempt 1','2025-11-07 10:45:51','2025-11-07 10:50:13'),(1398,'Pastor',NULL,'Oliver Obi','olijones1@yahoo.com',NULL,'REGION 4','LAGOS ZONE 2','IKOTUN GROUP',NULL,'ruby',101000,0,NULL,NULL,0,NULL,NULL,NULL,'P98rBHfxpvLYg5XhZ3aJtD0J4WCZBl7rfV1yGVqMFVocyzLD16a5AtYfj3kHOktA','86e3xq9ZcS3kscdNdJ2uvUWYk2XOcNeMHnR8IjuSsFtaI6nWnUPB98NOtO15FxfH',NULL,0,NULL,0,1,0,'Sent successfully on attempt 1','2025-11-07 10:45:51','2025-11-07 10:50:14'),(1399,'Pastor',NULL,'Ore Esedebe','janitmus@gmail.com',NULL,'REGION 4','PORT HARCOURT ZONE 1 ','CE DOXA GROUP',NULL,'ruby',125000,0,NULL,NULL,0,NULL,NULL,NULL,'gzJrmtAvKdeZ5nCkZ4mV0UUO7NrnlXTI5eJQh2g0HSimptJEqAeltYcqhHTw4wTp','Q4Owoeb9BsWwb6UlXkGWaKbkgr1qVl1qBqyJxAlJB89gKlXkh9PjOLaNSqDAe5lz',NULL,0,NULL,0,1,0,'Sent successfully on attempt 1','2025-11-07 10:45:51','2025-11-07 10:50:16'),(1400,'Pastor',NULL,'Ovo Okagbare','pastor_ovo@yahoo.co.uk',NULL,'REGION 4','LAGOS ZONE 2','FESTAC',NULL,'ruby',103549,0,NULL,NULL,0,NULL,NULL,NULL,'dD5FHtZeHH4e8sksZPT70B0eEZZoDaVVcy3utUTg6lKQfHkKGMVJ6R9M0ASJ80U9','EFmPzWI2fX0yY9OXeWxT2ci3cFDt70TEeLY4BfsanMpxSnA5yioS93b1f2bl06RZ',NULL,0,NULL,0,1,0,'Sent successfully on attempt 1','2025-11-07 10:45:51','2025-11-07 10:50:17'),(1401,'Pastor',NULL,'Progress Ededjo','ededjop@yahoo.com',NULL,'REGION 4','SOUTH SOUTH ZONE 3','AGBOR GROUP',NULL,'ruby',103333,0,NULL,NULL,0,NULL,NULL,NULL,'PDi4cnEivRa5nT4CJudGwRoiwyVChgQbI5SJS1rqGlBlqsvRbsVZYzrWe6F2SiYj','m3VPmv4DrT99QXtW10GPFDCMDfU9Yo8l2ewpE5H3EfNFemPtqkDUD3EqCR2LUy7p',NULL,0,NULL,0,1,0,'Sent successfully on attempt 1','2025-11-07 10:45:51','2025-11-07 10:50:18'),(1402,'Pastor','Group Pastor','Strong Daniah','ssdaniah@gmail.com','+2348033104312','REGION 4','PORT HARCOURT ZONE 1','CITY CENTER GROUP','City Centre','ruby',0,1,1,NULL,1,'Pastor','Rita Daniah','@ritastrong68882','IesRH9L1AnaBMGBTlhqnT2N1j3SzhXsPgMraDldUyjPtmOZ8vGnnxf1h3Wt3aBe9','ptZmxtAewZdCa6YjiU7gao0DXShaGOAWfkkJoCDEjj5zkWgTsj04GrrQJsSATrnM','qr_codes/partner_1402.png',1,'2025-11-11 16:16:09',0,1,0,'Sent successfully on attempt 1','2025-11-07 10:45:52','2025-11-11 16:16:09'),(1403,'Pastor',NULL,'Tayo Agboola','tayo_agboola@yahoo.com',NULL,'REGION 4','LAGOS ZONE 2','ISOLO 1A',NULL,'ruby',105739,0,NULL,NULL,0,NULL,NULL,NULL,'T4DMkv22rScByB3EdQpSbuRg8SLbX7s2JSnIc9zgz4DiH7kri39fRqA6JuQwQyex','ftH1JUen0fS4wwo3CpT0zZFoY48MAqw2NZqhZx8YGErxz7PyOj0isgyj21GkEtHx',NULL,0,NULL,0,1,0,'Sent successfully on attempt 1','2025-11-07 10:45:52','2025-11-07 10:50:21'),(1404,'Pastor','Group Pastor','Yinka Tinuade','pytinu@gmail.com','8034022425','REGION 4','PORT HARCOURT ZONE 3','ZONAL GROUP',NULL,'ruby',105110,1,1,NULL,0,NULL,NULL,NULL,'drQDBuqdVJzFewEed7zXI0cXgI4DzOPpn9mBjhnj21C8Ka4y0ERZPzeXwP2NFGag','ValG74REU1IeUo9rWXiByMxlhl5rCWHtTWcb3KtsAQBKDCzsTR9SnBwNRvSb5OiP',NULL,0,NULL,0,1,0,'Sent successfully on attempt 1','2025-11-07 10:45:52','2025-11-09 16:50:33'),(1405,'Pastor',NULL,'Uche Onyemefolu','ucheonyemefolu@gmail.com',NULL,'REGION 4','PORT HARCOURT ZONE 3','GLORIOUS GROUP',NULL,'ruby',113306,0,NULL,NULL,0,NULL,NULL,NULL,'NbSh6ZyFwg5IebxRze77y8tVc0iIQWB25WYPFhh7MCo5yKCBrjQJAkodwh2PyniI','79dSYVXAUxVWicnxXpMgTod1X2tq5OXYsZJ91HJNz9TmCkT6h6kQHvEXIEtYIoez',NULL,0,NULL,0,1,0,'Sent successfully on attempt 1','2025-11-07 10:45:52','2025-11-07 10:50:24'),(1406,'Pastor',NULL,' Adolphus Olaniyo','adolphusniyo2002@yahoo.com',NULL,'REGION 5','LAGOS ZONE 6','CE NEW AJEGUNLE GROUP','Ajegunle Church','ruby',133299,0,NULL,NULL,0,NULL,NULL,NULL,'iuwGskJBHce40A4TTMOHxT3fbfqtb7U8lmrtcs4pRpriVmYYvirezTSUqlOCEE0b','pgyCk6VhygyfWM63yiqGlqxXVyxaPzNfvDfpDBDJW5MRB2a9C6cBQPnclOGfeRdw',NULL,0,NULL,0,1,0,'Sent successfully on attempt 1','2025-11-07 10:45:52','2025-11-07 10:50:26'),(1407,'Pastor',NULL,' Chioma Ume','pastorchiomaumeh@loveworld360.com',NULL,'REGION 5','LAGOS ZONE 6','CE ESTATE GROUP','Estate Church','ruby',102085,0,NULL,NULL,0,NULL,NULL,NULL,'ChK1AZLkMZdSHO5wbY8F7i0HPzSJrACSekE6pZw9kZw8lIN09P7szhlkeAHlLb0t','3dRLUFIsF0mWmvIQHnGcqoVH9Lykna4xzbWCLTiMsUWrYnNdn206LyEWwrXEVDVf',NULL,0,NULL,0,1,0,'Sent successfully on attempt 1','2025-11-07 10:45:52','2025-11-07 10:50:27'),(1408,'Pastor',NULL,' Chisom Terex','chisomterex@gmail.com',NULL,'REGION 5','SOUTH EAST ZONE 1','CE Egbu GROUP','CE Egbu Church','ruby',130916,0,NULL,NULL,0,NULL,NULL,NULL,'zjUncJPCXwD2TMB5ZNuE33BVPY6jgMBxDxajJTvP4Yamcjrvv6LmTZMkBaLtiOul','ihYww8RSYzDkIppveq0oKXxvh7Bbv2fXBQKuqcCO5HsjAvlNR9YfyV2sd0QvTUsH',NULL,0,NULL,0,1,0,'Sent successfully on attempt 1','2025-11-07 10:45:52','2025-11-12 16:11:34'),(1409,'Pastor',NULL,'Francis Odine','Odinefrancis@gmail.com',NULL,'REGION 5','BENIN ZONE 2','AGBOR ROAD GROUP',NULL,'ruby',110000,0,NULL,NULL,0,NULL,NULL,NULL,'OpXs4AQxZ5HP6MpMVrGpWhF8GfX9mktsuB6hADbAV7pljpSTW0vplA4jp4mvW04v','CsjlSvmTjMiQm4Pmh2myTKSviuKFPRQEfgw9R4DUOmQmJXxKoxhTNHdEouYVZ8gY',NULL,0,NULL,0,1,0,'Sent successfully on attempt 1','2025-11-07 10:45:52','2025-11-07 10:50:30'),(1410,'Pastor','Group Pastor','Godfrey Eseigbe Wealth','wealthyg1@gmail.com','+23408062588917','REGION 5','BENIN ZONE 1','EVBUOTUBU GROUP','EVBUOTUBU','ruby',0,1,1,NULL,1,'Deaconess','ONYEDIKACHI ESIEGBE WEALTH','@onyedikachi','lxdVVhiEpbCLbQaE2NZ7pARweQSUawHBvjC8hDaRra9tDC6fXLBYWtrFkGEg9znb','561WDw6oQwyHs1kYNKlokq127oVLtdqEj16XBIZPEaIYgbVMZt3flschOjWyGRLV','qr_codes/partner_1410.png',1,'2025-11-08 13:52:03',0,1,0,'Sent successfully on attempt 1','2025-11-07 10:45:52','2025-11-08 13:52:03'),(1411,'Pastor',NULL,'Ayodeji Olubusi','ayodeji.olubusi@gmail.com',NULL,'BLW USA 1','USA REGION 1','BLW USA REGION 1','BLW USA REGION 1','silver',389176,0,NULL,NULL,0,NULL,NULL,NULL,'5QyjNQyk7gFpYZ25rTQZpxmRI15BieM1EdvL2B8d14iyHrdbFYT0PtOIcm4p1tN8','XLkzJu1qCZQEIvvBrw4VQZxPBOA3ORuCQqzRalVqCLqvaOTOTwub3UnYx7IXIkdC',NULL,0,NULL,0,1,0,'Sent successfully on attempt 1','2025-11-07 10:45:52','2025-11-13 18:53:18'),(1412,'Pastor',NULL,'Dave Oyewumi','pastordave004@yahoo.com',NULL,'CANADA REGION','Toronto Zone','Edmonton Group','Edmonton Group','silver',356666,0,NULL,NULL,0,NULL,NULL,NULL,'DbLzqGDqAQIHPxqo6ztuSDKbKmqP5LaPmG4WIPrVoaBKLpoWCzNjHFA1EeBqPNZJ','TJ3gefqW8Vyi6pkAMEGJWjiBLPmN3l6AijayPA3tqTHhGuQ7xNrSxESadIzMg1YK',NULL,0,NULL,0,1,0,'Sent successfully on attempt 1','2025-11-07 10:45:52','2025-11-13 18:53:20'),(1413,'Pastor','Zonal Pastor','Gert Meyer','gertmeyer7@gmail.com','+270826552025','Region 1','Capetown Zone 1','Waterfront','Waterfront','silver',0,1,1,NULL,1,'Sister','Rebeka','meyerrebek8691','hCogIxcjkPsKQ4hudwsaPeU1CffdC7Zn9KR0dSM8z5agXavlxQLRk4J3xYRg5VKf','NElAkBZGmbSMYwYLdlZRAj3xlT8ZUXngivQC6DVTtRXvlX6zEMRRiL0ypgboXuR3','qr_codes/partner_1413.png',1,'2025-11-07 12:51:53',0,1,0,'Sent successfully on attempt 1','2025-11-07 10:45:52','2025-11-13 18:53:21'),(1414,'Pastor','Group Pastor','Mthobeki Bhebhe','mthobhebhe@gmail.com','+234738580909','Southern Africa','SA Zone 2','CE Pretoria Group','CE Pretoria Central','silver',0,1,1,NULL,1,'Pastor','Bongi','@lusanda2010','NTxQyMXC5KhzlMK2BEsPQmFE3CfZ5EjizOIlm6pR7x4Tyegrgb2IT9RjWDmczrp3','LBJKUtTHv265WsbiBTiOWi25HCYfLOqYpEoUEIccuaZXeDl5EGuWzSbtKhLnVyJ4','qr_codes/partner_1414.png',1,'2025-11-11 14:38:53',0,1,0,'Sent successfully on attempt 1','2025-11-07 10:45:52','2025-11-13 18:53:22'),(1416,'Pastor',NULL,'Ib Uduoise','pstibuduoise@gmail.com',NULL,'REGION 3','MID WEST ZONE','SILUKO GROUP',NULL,'silver',361739,0,NULL,NULL,0,NULL,NULL,NULL,'PYnZWvDOe2Hjo0yl6ZvQiquLKgGg9UHkLqfVakAYAxm2wgAaq5qrNb4qH3JX7voH','wtRvLUytiNkgfFSA9FnhqodHWmjxRjcUIfiVbMScMlM0zD58BGoV44YpdqPP11pB',NULL,0,NULL,0,1,0,'Sent successfully on attempt 1','2025-11-07 10:45:52','2025-11-13 18:53:24'),(1417,'Pastor',NULL,'Justin Utah','justut2002@gmail.com',NULL,'REGION 3','EWCA ZONE 3','CE ENTEBBE GROUP',NULL,'silver',250000,0,NULL,NULL,0,NULL,NULL,NULL,'sT0tqGybmEPKuXq53rKyBs6ZLBQVEurxK9xOp0FYW8fIF1bhLkgDF15Gj4CrXsQw','pb1XX7fKecummcKHPsJ2vAhpSvhmgMqHMWmWyhhpuEBDtFfEUyF4ZPi4TWjhTruU',NULL,0,NULL,0,1,0,'Sent successfully on attempt 1','2025-11-07 10:45:52','2025-11-13 18:53:25'),(1418,'Pastor',NULL,'Kemi Oluwole-Isaac','kemiabike28@gmail.com',NULL,'REGION 3','EWCA ZONE 2','TOGO GROUP',NULL,'silver',359613,0,NULL,NULL,0,NULL,NULL,NULL,'7GaGItafWKnaL4Fl0xSCsjYxMx8OyAiBSKdEOGZVmVktgXxU26Utdsjuj1w4RRpj','fzI9Fg7b1Hd4eMHTOHeHCbgG1o1rbgArPhxnen4MzDNyKswW9fK87AOj1UdwYgEF',NULL,0,NULL,0,1,0,'Sent successfully on attempt 1','2025-11-07 10:45:52','2025-11-13 18:53:26'),(1419,'Deaconess',NULL,'Sylvie Simpson','solalsylvie@gmail.com',NULL,'REGION 3','CHAD ZONE','KONDOL GROUP',NULL,'silver',0,0,NULL,NULL,0,NULL,NULL,NULL,'n0rXNmjPsv7EmRMTrEEonEv3tl0UmOxNZTpEzUp96CTefWWH1GXukPtpPprE7Cgm','Qctipbnf3xODfwb8p2wtuDsaGU4Q0lqdZtO62J9oovSMt0GGLQL9VyNk6FyjunVp',NULL,0,NULL,0,1,0,'Sent successfully on attempt 1','2025-11-07 10:45:52','2025-11-13 18:53:28'),(1421,'Pastor',NULL,'Arinze Emmanuels ','aemanuels@yahoo.com',NULL,'REGION 4','LAGOS SUB ZONE B','CE LCC 2 GROUP',NULL,'silver',257655,0,NULL,NULL,0,NULL,NULL,NULL,'mBIodapolQwwiK8rQ1U5elCjURcD1PUq7YYwWdYBqe0pMlZu1lft40uSBkgq2wi6','mHjwjTcSAOvrJj8ksD3mGOKFXETy4Z4kecBCLUzGRBC7YLbBQzhOcFYWyRRoVgIp',NULL,0,NULL,0,1,0,'Sent successfully on attempt 1','2025-11-07 10:45:52','2025-11-13 18:53:29'),(1423,'Pastor',NULL,'Jane Akpos','isekanama@yahoo.com',NULL,'REGION 4','PH ZONE 3','ACCELERATED GRACE GROUP',NULL,'silver',250000,0,NULL,NULL,0,NULL,NULL,NULL,'LimqoTI0dMbXw3DHQnwQWWYaRsr8f1FefLGZDAqQwIOzDonGaqhPTr33UW83OfTH','mw9bZCcFObLsuLrdKGKWJP0xf31Ytl7EjGlnyUKx0V3i1wQc6wMOvoJyuyQBXHbu',NULL,0,NULL,0,1,0,'Sent successfully on attempt 1','2025-11-07 10:45:52','2025-11-13 18:53:30'),(1424,'Pastor',NULL,'Nathaniel Gbenga Kehinde','pastornathanielk@gmail.com',NULL,'REGION 4','LAGOS ZONE 2','ZONAL CHURCH GROUP',NULL,'silver',250010,0,NULL,NULL,0,NULL,NULL,NULL,'gNGnqI8FFc5ydikqC4OZeuJRgXKuVMhA4cXA5XvGVmBEiPEp7RBFzCDTecc9RgzN','wcQ4NGNvVwqRRPnTbluC8KFTpJFECUx9sSlTJoYiSVvqFTMEpLtzWWkq047JpIEQ',NULL,0,NULL,0,1,0,'Sent successfully on attempt 1','2025-11-07 10:45:52','2025-11-13 18:53:32'),(1425,'Pastor','Group Pastor','Okey Oturu','okeyoturu@gmail.com','+2348038659777','DSP','PH ZONE 2','EAST WEST GROUP','East west Road','silver',0,1,1,NULL,0,NULL,NULL,NULL,'wrpfHjn4pdvt66NJ1YtikVj6Sc3fdEcKbrTUgWRmsqKcMuWPfgAFzSJytOEMxJP6','zP0MJ5PIWV4BxGr2vYy9cQALSfLKWbBMnZWTrdmvi9uocjvYakM595SYGUoKmQdZ','qr_codes/partner_1425.png',1,'2025-11-09 15:12:43',0,1,0,'Sent successfully on attempt 1','2025-11-07 10:45:52','2025-11-13 18:53:33'),(1426,'Pastor',NULL,'Pauline Omorogieva','pastor_pauline@yahoo.com',NULL,'REGION 4','MCC','CENTRAL GROUP',NULL,'silver',281045,0,NULL,NULL,0,NULL,NULL,NULL,'eJHQN4xUospJOalLQQuv1jqBTG2H65eBm0CmgNlVUdyI9rDB2uAFhI99Zz5mrWp1','G1xpzIYzEVa1WXt7TCIjgyKexsOqLrC8ZUlSay6kaqUL3yfVShGbLI4JwgcFEK0P',NULL,0,NULL,0,1,0,'Sent successfully on attempt 1','2025-11-07 10:45:52','2025-11-13 18:53:35'),(1427,'Pastor',NULL,'Slyvester Esedebe','silvibey2k@yahoo.com',NULL,'REGION 4','PH ZONE 1','BOUNDLESS GRACE GROUP',NULL,'silver',267000,0,NULL,NULL,0,NULL,NULL,NULL,'TRtnnLr6xitJBatdOxpFdMZ39Q8ApL1JYFluTBjwt7ey1THBAAKOcbRl1p98JIIY','DCMVKEDr8Pan70FpFUJK9kbbc8c9GWL4GjONHsBROADYGbUDNyWHzqp8oc5smnoj',NULL,0,NULL,0,1,0,'Sent successfully on attempt 1','2025-11-07 10:45:52','2025-11-13 18:53:36'),(1428,'Pastor',NULL,'Sola Owokade','adesolaowokade@yahoo.com',NULL,'REGION 4','CELVZ','CHURCH 3A',NULL,'silver',260021,0,NULL,NULL,0,NULL,NULL,NULL,'wkvAF0kXuhJHiaczlshIHHnyAGpb1JdUa3fSMYgaD4ZJcZWPNraqJhKjoBnXZ8cH','k7Aus8PRMSKM2fBkwBmmtxPP3rEH51BbhYHvmI28YVXNvITsP1PYsQEH5ezsSvQv',NULL,0,NULL,0,1,0,'Sent successfully on attempt 1','2025-11-07 10:45:52','2025-11-13 18:53:37'),(1429,'Pastor',NULL,' Don Okhuofu','dokhuofu@gmail.com',NULL,'REGION 5','LAGOS ZONE 5','AJAH GROUP','Ajah group church','silver',256000,0,NULL,NULL,0,NULL,NULL,NULL,'zq1GmtRxfwG6kwiVbeuerp6twthkJKeUyuV3L4bHBggRfWnwzTHoTvotB8GeupHI','sqs6BoYrSv67UfWu1WetodgaVP63SOthFDVa7yy6eiww2q5Ecj9obWZ8cT6cLbzB',NULL,0,NULL,0,1,0,'Sent successfully on attempt 1','2025-11-07 10:45:52','2025-11-13 18:53:39'),(1430,'Deaconess',NULL,' Kenny Uwaifo','kenny_jegede@yahoo.com',NULL,'REGION 5','BENIN ZONE 1','CE CENTRAL MISSION 1',NULL,'silver',296296,0,NULL,NULL,0,NULL,NULL,NULL,'jgaUEVN6mFP7z15HPu0U8CQiQhus1ZP4MVrTATFpqGddUMNujJ4HodUXhjqUBQ59','vAGxAD5rzoAaEs8JJKtMKOmtnzyhNEDTPAp9oNH0WaU704Bn46x9WPfxdr6ycTvE',NULL,0,NULL,0,1,0,'Sent successfully on attempt 1','2025-11-07 10:45:52','2025-11-13 18:53:40'),(1431,'Pastor',NULL,' Nat Omoruyi','talktopastornat@gmail.com',NULL,'REGION 5','BENIN ZONE 1','CE MISSIONS 7','CE MISSIONS 7','silver',382156,0,NULL,NULL,0,NULL,NULL,NULL,'Dqu7wZ4pXO42paV02V4y3ioVypTOeaeRHG96NnmGsiOXx9vgvkgRTUhGhXY5sFSx','cqan2yIu7GH2GQdXcEuWWUfoDFyHnK1KVCebaK8LrOZRuEXFG0pASQWVO4GhB8RM',NULL,0,NULL,0,1,0,'Sent successfully on attempt 1','2025-11-07 10:45:52','2025-11-13 18:53:41'),(1432,'Pastor ',NULL,'Emma Akhuemokhan','pastoremmanb@yahoo.co.uk',NULL,'Region 5','Benin Zone 2','Central Group 1','Central Group 1','silver',265000,0,NULL,NULL,0,NULL,NULL,NULL,'KdfiYFwrqPYr0EyhtW0zsekyvpRHHsDJTIt3jP4JywWfbbw238E6hdpf7rdAIPoL','ZIYqyWsLvlqtERCUGRBy21xkZ8cpTFpyKQfDTZVSC4faA3HdKpGL2fZlpSS4HBam',NULL,0,NULL,0,1,0,'Sent successfully on attempt 1','2025-11-07 10:45:52','2025-11-13 18:53:43'),(1434,'Pastor','Group Pastor','Josephine Atibi-Brown','joebrown_992@hotmail.com','+23408025430053','REGION 5','BENIN ZONE 1','CE COUNTRY HOME','CE COUNTRY HOME','silver',0,1,1,NULL,0,NULL,NULL,NULL,'bzlSU1IjQqrjal6gjgEfwRE49TDi6875hEZYjYK5zXW0ONxwjn6dl0Em9OKIZ5t1','mwP0kFWBvef1EoQYy8l2ACZGJzX3FxIjJu9m3nqKlYD9HF1f7wBfwM7sLcOdWvo8','qr_codes/partner_1434.png',1,'2025-11-10 08:26:28',0,1,0,'Sent successfully on attempt 1','2025-11-07 10:45:52','2025-11-13 18:53:44'),(1435,'Pastor',NULL,'Josephine Osaghae','pastorjosephineosaghae@gmail.com',NULL,'REGION 5','NORTH WEST ZONE 2','CE KANO GROUP','CE KANO  CHURCH','silver',255500,0,NULL,NULL,0,NULL,NULL,NULL,'0JBLHbdKpQuqwBsIuQ8EkZDrr4lzuPlsiFd3Eax1Kz4OhxXv1aD7kL5hzlUqv2h9','mtocEnYcA1vzvnM6TM8iTNmpf0eNtBCPku68xE0L542BdNv7qUxIWNz8d04OHDwX',NULL,0,NULL,0,1,0,'Sent successfully on attempt 1','2025-11-07 10:45:52','2025-11-13 18:53:46'),(1436,'Pastor','Group Pastor','Andrew Abraham','abdul4everus@yahoo.com','+447897915442','UK DSP','UK ZONE 3 DSP','Wakefield Group','Wakefield Group','silver',0,1,1,NULL,1,'Deaconess','Lieonorah Abraham','hon.dla','tihwmP2p71CZStfZvkw65lGOlIeQFUJ83JhYW4vZeYgIdmittEhoNPaRgvjYYnWx','VMgSToaZUMPygHNpmc7NsobouR7fkM6wY8Kpp3YnRhI6B7rPKRbjrAiij2PZMPAh','qr_codes/partner_1436.png',1,'2025-11-11 18:48:18',0,1,0,'Sent successfully on attempt 1','2025-11-07 10:45:52','2025-11-13 18:53:47'),(1437,'Pastor',NULL,'Dominic Okene','dominicokene@yahoo.com',NULL,'UK DSP','UK ZONE 3 DSP','Cambridge Group','Cambridge Group','silver',250000,0,NULL,NULL,0,NULL,NULL,NULL,'TGBp3fXzYAISuWC7HLMkzrzMF7KKDWJOZiavOE5kxg9LseejIiFTJixtmfdI2rgi','najJA1FbDskLQPEKURaxi5C3Z4MXrVz35V5kIj5tlK8vCOLYpKPdFaYoJuaIYpLb',NULL,0,NULL,0,1,0,'Sent successfully on attempt 1','2025-11-07 10:45:52','2025-11-13 18:53:48'),(1438,'Pastor','Group Pastor','John Bosco Onyeme',' Northamptongroup@blwukzone2.org','+4407961826969','UK DSP','UK ZONE 2 DSP','Northampton Group','Northampton Group','silver',0,1,1,NULL,1,'Deaconess','Ngozi Onyeme','dcnsngozionyeme','1uhinbSjI1JXbDGDLrOqCCMp35vMARLVUnTxLwtCMVPDQ0eniNxClLLJUUQnwD04','UAgxMdpLFZOT5Jhrh9qWstpFtU0Hot89k3qPaY1W8pkaDgufbzKI7jB6M0uGbbcK','qr_codes/partner_1438.png',1,'2025-11-09 22:25:46',0,1,0,'Sent successfully on attempt 1','2025-11-07 10:45:52','2025-11-13 18:53:50'),(1439,'Pastor',NULL,'Nic Egbaran','nic.egbaren@gmail.com',NULL,'UK DSP','UK ZONE 1 DSP','Nottingham Group','Nottingham Group','silver',295163,0,NULL,NULL,0,NULL,NULL,NULL,'xsfTBoYqPTq7pD4JUNPgLQQpbkcqU2KJ6EVDhNHz255PJbBiOc8vGTcrTLABRPGX','Vp08BYp0ubgZBMnnlblVAaF5XHvLjk5q8jpcUwYChTp9GkKkWOGH17uPysAJrstC',NULL,0,NULL,0,1,0,'Sent successfully on attempt 1','2025-11-07 10:45:52','2025-11-13 18:53:51'),(1440,'Pastor',NULL,'Niyi Oyewunmi','pastorniyiblw@yahoo.com',NULL,'UK DSP','UK ZONE 2 DSP','Essex Group','Essex Group','silver',305913,0,NULL,NULL,0,NULL,NULL,NULL,'cQTOXZHxO6PJ6bYBz0pQX97o5XLUtrTawUok5dyiLf2IxVcby2CDLZvgzqq2WVQW','ElIBqBbeUk7M0gxkslfJTaaoKYbuOuOHJlvy3Qzy5G8Nfihg57ZUTC1Zrs8vtKIl',NULL,0,NULL,0,1,0,'Sent successfully on attempt 1','2025-11-07 10:45:52','2025-11-13 18:53:53'),(1441,'Pastor',NULL,'Ogenna Uduma','ogennauzoma@gmail.com',NULL,'UK DSP','IRELAND SUB ZONE','Ballymun Group ','Ballymun Group ','silver',277568,0,NULL,NULL,0,NULL,NULL,NULL,'wfELeMcMETaB4FhDIAHOxZzf3a0NwERbTTU3fqTPT076gCxYdfIlCGpMvEANtQRp','ctgobqbzHJmcYLLwZqx4Kp4FNlXqES2NHSl7i4sTF4WqSJJ1F6CH1LBeSPjHEzu7',NULL,0,NULL,0,1,0,'Sent successfully on attempt 1','2025-11-07 10:45:52','2025-11-13 18:53:54'),(1442,'Pastor',NULL,'Paul Abolade','damolabolade@aol.com',NULL,'UK DSP','UK ZONE 1 DSP','Scotland Group','Scotland Group','silver',298088,0,NULL,NULL,0,NULL,NULL,NULL,'Md29Ni1FGCsKTF5I68MEOREVKOViqk8EYLG3DznIceZY7dFF1p2pDzdockJ5nEwz','Lcvh3J50ySwkWiskdIbKiEcPOujNYoz3vJ1NURE6T8uq8d7TgI08sFIfFonJMV8s',NULL,0,NULL,0,1,0,'Sent successfully on attempt 1','2025-11-07 10:45:52','2025-11-13 18:53:55'),(1443,'Pastor',NULL,'Peter Atuma','peteratuma@hotmail.com',NULL,'UK DSP','UK ZONE 3 DSP','Reading Group','Reading Group','silver',266666,0,NULL,NULL,0,NULL,NULL,NULL,'9b0ovnFq5oK3V0EqRti9tSVCvCPn9E7KSgp3T4EGPX6gZ28HsGGzB7i0xvPOGnKi','2MKu9xqfIYi5HG2VPRU5JJveP8AkXRofj3Lk9pjUj7kHgl3v7lqZ3k23emsGsQ9q',NULL,0,NULL,0,1,0,'Sent successfully on attempt 1','2025-11-07 10:45:52','2025-11-13 18:53:57'),(1444,'Pastor',NULL,'Peter Momodu','hounslowgroupoffice@gmail.com',NULL,'UK DSP','UK ZONE 2 DSP','Hounslow Group','Hounslow Group','silver',250316,0,NULL,NULL,0,NULL,NULL,NULL,'P6eTUfNRnF5JCcd8Fa2J3r1ZWdJck7B9TGoshSxQM6AWn3uNxEeLv5IBzudaSBDf','TyTRN2RI7lgQaeMJAYtgmaQiezLYeWgHnkyhiJk572IQsqTbxxSbn6pf9p6jgDiJ',NULL,0,NULL,0,1,0,'Sent successfully on attempt 1','2025-11-07 10:45:52','2025-11-13 18:53:58'),(1445,'Pastor',NULL,'Tony Mbaka','priestroyale@yahoo.co.uk',NULL,'UK DSP','UK ZONE 3 DSP','Dagenham Group','Dagenham Group','silver',250000,0,NULL,NULL,0,NULL,NULL,NULL,'XEeAKB5Fklp2MFomKmFJYMHqIgm86yi6l201pdRUsla0XkIWjyfWfez96uyGhCBk','3kS3LmwLU7aGUaAjatWcXq1XhN7jmbsLuYYmGsMdR9hKHWQmETKc4Gsa2RJWUgwn',NULL,0,NULL,0,1,0,'Sent successfully on attempt 1','2025-11-07 10:45:52','2025-11-13 18:53:59'),(1446,'Pastor',NULL,'Idowu Olubanke','idowu5@yahoo.com',NULL,'UK R2','UKZN3R2','Watford Group','Watford Group','silver',375285,0,NULL,NULL,0,NULL,NULL,NULL,'aOcgUb2ScmbobeU4P4neaz061Pbv66zIeTzRvQWaAtevnbmqKLRFnpsWLWFY90d9','H2fUl0uDhjwaxdH0lsDGR28XoOaEdD00YFq8NVCDx5ZlGODWIO8XYgtJ7HShVPcb',NULL,0,NULL,0,1,0,'Sent successfully on attempt 1','2025-11-07 10:45:52','2025-11-13 18:54:01'),(1447,'Pastor',NULL,'Naomi Monplaisir','Noamicreation@yahoo.de',NULL,'UK R2','UKZN4R2','Bristol Group','Bristol Group','silver',311904,0,NULL,NULL,0,NULL,NULL,NULL,'3vMFTlcvmu4SMpQflm8KEl5LuCZEjaZlVPhLYt9jzVvcbvfb3p0WQyCxLShww6vK','Cu4YAZudH1PiAeTx44UXsJzywohakGcpEdFQeXd6VZdTAsjYJKcz9tb73whQNuqc',NULL,0,NULL,0,1,0,'Sent successfully on attempt 1','2025-11-07 10:45:52','2025-11-13 18:54:02'),(1448,'Pastor',NULL,'Nat Igori','n_igori@hotmail.com',NULL,'UK R2','UKZN4R2','Havering Group','Havering Group','silver',250000,0,NULL,NULL,0,NULL,NULL,NULL,'yDZA2eCIa0IRGlhGjZEgkZTU0cYD19rVKVdsK1qQNjZHgJpmyd8jhEoR5OTKB8o4','t6pk30X5oecJBkDHjjVE0wlqDYr4FvNS0EUiA9dgApVYsmexQckzDlolNgxX2S37',NULL,0,NULL,0,1,0,'Sent successfully on attempt 1','2025-11-07 10:45:52','2025-11-13 18:54:04'),(1449,'Pastor',NULL,'Paul Udosen','paul.udosen@outlook.com',NULL,'UK R2','UKZN3R2','Hillingdon Group','Hillingdon Group','silver',288045,0,NULL,NULL,0,NULL,NULL,NULL,'zagdmesx8D6Fb7FyRHlotQSjYmusAK2aB1FAk0IE6JChdA1klZS5YjuBhCEKzVfs','od0OpTuQf6gbXVbaP2O5i0kDWkH3ivvhhmJe97F18W15rSDEnOGF3XsYUu9FNBgZ',NULL,0,NULL,0,1,0,'Sent successfully on attempt 1','2025-11-07 10:45:52','2025-11-13 18:54:05'),(1450,'Pastor','Group Pastor','Steven Osaretin','pststeven3003@gmail.com','+2347311404432','UK R2','UKZN4R2','Docklands Group','Docklands Group','silver',0,1,1,NULL,0,NULL,NULL,NULL,'khX5AM7E1vWyMym0GGthK5vKXzVeJA6PkxeO8JG5sO9MMTWWjNOYePeSPXUCuauw','X0mo4SS2O8ssMQxttG25u2GleqJOipsvDzi1bhgIzYF14VJ8Oni2kC812C2icJsI','qr_codes/partner_1450.png',1,'2025-11-09 21:23:27',0,1,0,'Sent successfully on attempt 1','2025-11-07 10:45:52','2025-11-13 18:54:06'),(1451,'Pastor',NULL,'Toun Ladega','cestreatham_a@yahoo.com',NULL,'UK R2','UKZN3R2','Streatham Group','Streatham Group','silver',251128,0,NULL,NULL,0,NULL,NULL,NULL,'Fl7VXZl5Itt6UHbP5Q48cPAuwVtEQbNhV59fAPAPQcHriWtPIXgipyUgOtsyRfUN','ZhHnMvH6Oh2WrscDnryD4laVt92S424CreChp7XBRfOeZcUwAnE9rtmggj9P0u49',NULL,0,NULL,0,1,0,'Sent successfully on attempt 1','2025-11-07 10:45:52','2025-11-13 18:54:08'),(1452,'Pastor','Group Pastor','Bunmi Sumby','Bsumby@gmail.com','+23409160008376','USAR1','USR1ZN1','Maryland Group 2','Maryland Group 2','silver',0,1,1,NULL,1,'Deacon','Anthony Sumby','@anthonysumby','P5sA6sluhWGDpiqX7X8eE15oPKtV56q4vSTAhoWFrpxz070OhGWzPrJw9vUObzPj','jyUcK9uLn7rZg6MKIfHPvq9kLWrpPY3ft8IFdYhJHdql2Z5kK71aTN3YhSD5MoqZ','qr_codes/partner_1452.png',1,'2025-11-12 13:11:50',0,1,0,'Sent successfully on attempt 1','2025-11-07 10:45:52','2025-11-13 18:54:09'),(1453,'Pastor',NULL,'Leafe Amosa','pastorleafe@cehawaii.org',NULL,'USAR1','USR1Z2','Pacific Group','Pacific Group','silver',313862,0,NULL,NULL,0,NULL,NULL,NULL,'RPniQmgfDXmN9X3IsntQ1KGvhQRqPObEFEnRVKOuwcWU2fJvtuFckgUHBd3BIS1v','PKitDe69pOd60vNq8pZJP8oBJWKnWiWvmTHByQe7zDbDBCW9yWAwTHU8FHlE3L7F',NULL,0,NULL,0,1,0,'Sent successfully on attempt 1','2025-11-07 10:45:52','2025-11-13 18:54:11'),(1454,'Pastor',NULL,'Steven Ajobiewe','ssajobiewe@yahoo.com',NULL,'USAR1','USR1ZN1','West Group 2','West Group 2','silver',262394,0,NULL,NULL,0,NULL,NULL,NULL,'pPmHe57EZsqkuBxVYKYVH2BSRYKfWwGXUyR2LeqgXZGtTHfWFWhpHh9iRrcFjbhY','2OMx8JtbsbrkKJthb7dKga4kkh3tWES4KFC7c9jX3USbsoooVHhUWeP6Hb9q96JS',NULL,0,NULL,0,1,0,'Sent successfully on attempt 1','2025-11-07 10:45:52','2025-11-13 18:54:12'),(1455,'Pastor','Group Pastor','Gloria Wiggle','gwigglebm@yahoo.com','+2342146320391','USAR2','DALLAS ZONE','Arlington Group','Arlington Group','silver',0,1,1,NULL,1,'Pastor','Pastor Michael Wiggle','Mawiggle','6q8XQBY6sZzUvbyAy8HTTlmTqDy4vZ4kc8SFPtLE4yl1jRQSvYs5NGzIdee0vs9j','7QnEGfOYE7wywgZzHeEUPAzYDF7qmW04K9sqNppI6Okh9psjlwh9LaEskjr28rXR','qr_codes/partner_1455.png',1,'2025-11-10 16:06:21',0,1,0,'Sent successfully on attempt 1','2025-11-07 10:45:52','2025-11-13 18:54:13'),(1456,'Pastor',NULL,'Ose Oyakhilome','pose.gdn@gmail.com',NULL,'USAR3','USAR3','Houston Group','Houston Group','silver',445906,0,NULL,NULL,0,NULL,NULL,NULL,'gwBTmbmcN9lPancMejSYluE1Z15c2C8XKn9EehjNX5elUlvH6MtL2vJ8kAKTO1XG','omIqMais1shAKB4oqmVLzP7HftKSF8bbdtgprRsT3wf62ZWcOSUka3UMBOH6h4sH',NULL,0,NULL,0,1,0,'Sent successfully on attempt 1','2025-11-07 10:45:52','2025-11-13 18:54:15'),(1457,'Pastor',NULL,'Val Ibeachum','valentinaibeachum@gmail.com',NULL,'WEZ','WEZ4','Berlin - Frankfurt Group','Berlin - Frankfurt Group','silver',262778,0,NULL,NULL,0,NULL,NULL,NULL,'DjrnAG4bqwgWLvaNVSlwy8wQqKcZGfwaRE2Yl6Ly1l29Q41nVKZ2ZrjXdUg7KCdS','WbdLjNSw3QA7vaenQeTbfSUckj3j6EvaJhD2admaI0o1QBbDk7U2wuu06cBWYn7y',NULL,0,NULL,0,1,0,'Sent successfully on attempt 1','2025-11-07 10:45:52','2025-11-13 18:54:16'),(1458,'Pastor',NULL,'Bismarck Akintoye Johnson','bismack2006@gmail.com',NULL,'REGION 4','LAGOS ZONE 2','YABA GROUP',NULL,'silver',304000,0,NULL,NULL,0,NULL,NULL,NULL,'A6wu5hVCoOMbHpg9sXDWoFZElbSwTo00ZIshde1euUdsn61I3f1M40GI5FYckrSr','gnptZ7RL4vINdDYttxQars3q7isMiRC2EKszY1zsQcNC2MRIlp9Hq0tqrktDWsLY',NULL,0,NULL,0,1,0,'Sent successfully on attempt 1','2025-11-07 10:45:52','2025-11-13 18:54:17'),(1459,'Pastor',NULL,'Juliet Odogbo','jadess_odogbo@yahoo.com',NULL,'REGION 4','PORT HARCOURT ZONE 1','CE EXCELLENT GROUP',NULL,'silver',252,0,NULL,NULL,0,NULL,NULL,NULL,'Taa4KcCeyXex2uLhfEpfU4EUr0H9Lf5UizwRUn9IFubj9idBrxTNV8M6lhklqucC','t0nnqJHBDE1h1OscU7LV2mtypDnitKDtkjrAvRubkQrXftiOBesCcdWgTRLYv04Z',NULL,0,NULL,0,1,0,'Sent successfully on attempt 1','2025-11-07 10:45:52','2025-11-13 18:54:19'),(1460,'Pastor','Group Pastor','Lawrence Ebadan','laviv06@gmail.com','+23408037830932','REGION 4','PORT HARCOURT ZONE 2','CE BONNY GROUP','CE Bonny 1','silver',0,1,1,NULL,1,'Deaconess','Vivienne Ebadan','@vivienneebadan','icdwjhWexFbmM8rREmCrAkEciEf5BAb4OkfOICWaPwMSdxxU1llB0dMMH89jd8jE','raDnR7IlDCCa9JN1Etq84kTsHGp0HdAYWuxzhZa7RUyy0O3wjZurcAHr6jNHJGLY','qr_codes/partner_1460.png',1,'2025-11-10 04:57:00',0,1,0,'Sent successfully on attempt 1','2025-11-07 10:45:52','2025-11-13 18:54:20'),(1461,'Pastor','Group Pastor','OLIVER IJERI','oliver.ijeri@gmail.com','+2348038149307','REGION 4','PH ZONE 1','OVERFLOWING GRACE','OVER FLOWING GRACE','silver',0,1,1,NULL,0,NULL,NULL,NULL,'XCoF7RQn2RSBZSbwOhXZeytarWJfw7164gkkPYbzD3XaLCnNvM2rnSbYeVN24pyX','rUpcGu0SZBQZkoN2TleA2iKo8oxvRmfkWIsWENagMdMYtSVSdztyl5YT40U07Gor','qr_codes/partner_1461.png',1,'2025-11-10 13:49:55',0,1,0,'Sent successfully on attempt 1','2025-11-07 10:45:52','2025-11-13 18:54:21'),(1462,'Pastor',NULL,'Prosper Obioma','pastorprosperobioma@yahoo.com',NULL,'REGION 4','SOUTH SOUTH ZONE 3','SUMMIT GROUP',NULL,'silver',307616,0,NULL,NULL,0,NULL,NULL,NULL,'emLP43sRQAbc6N1WyKBeCtjKpdkwlxfulpRV2fHtk8vMdLJdv6wEp6SjdnGwYCaB','0wSNuUgLA4a6xZI2Nz3Nh4ocyMJvxDiIB0jD7RuqDewJE8ynSVlWjTRzjGkzhpIq',NULL,0,NULL,0,1,0,'Sent successfully on attempt 1','2025-11-07 10:45:52','2025-11-13 18:54:23'),(1463,'Pastor',NULL,' Dimeji Matesun','celszcpastor@loveworld360.com',NULL,'REGION 5','LAGOS SUB-ZONE C','CE ISHERI CENTRAL GROUP',NULL,'silver',265828,0,NULL,NULL,0,NULL,NULL,NULL,'6JwhThF2bbW9tuCi67LJa8Cm1voCP0f0EpkSeA7tTkannj81FtZvSmjbx24dJNgv','s4HQcmKg3RCluqXpU6iBA7pjqjUWdiF03agMEKm2CaYrAvgmEWZsJU0PhEC02Jya',NULL,0,NULL,0,1,0,'Sent successfully on attempt 1','2025-11-07 10:45:52','2025-11-13 18:54:24'),(1464,'Pastor ',NULL,'Ikenna Chiemeka','pastorikenna@yahoo.com',NULL,'Region 5','South East Zone 3','Enugu 1 Group','Zonal Church','silver',298936,0,NULL,NULL,0,NULL,NULL,NULL,'MkFajKcMmr1ad3Oz0gEX8nRuD2nWjB6vHWLuw1MvIH78xuT2suQRCW0jd9Vg2gFv','BDQe9r2yDWRXfRXlWc7DS3a3kgmP5V5LTYCZxrHs9jyvjMup9dolzxovGHuzLYv8',NULL,0,NULL,0,1,0,'Sent successfully on attempt 1','2025-11-07 10:45:52','2025-11-13 18:54:26'),(1465,'Pastor',NULL,'Armstrong Amorro','armstrongamorro7@yahoo.com',NULL,'REGION 4','PORT HARCOURT ZONE 2','CE AIRPORT ROAD',NULL,'silver',257693,0,NULL,NULL,0,NULL,NULL,NULL,'cl4Fo8sGXh4qkVwHOipsU1kUsb0A0vwrKPva3HaCqSfNmhmw82bHLgSffZ9ZTzt2','IfhequdpWefPxf3iV3F42Ia8cIGThnUkF8RNxsWQqW5PGTDB5YbBAevngU2VSl6w',NULL,0,NULL,0,1,0,'Sent successfully on attempt 1','2025-11-07 10:45:52','2025-11-13 18:54:27'),(1466,'Brother','Non-Pastoring','Dami Taylor','damilola.taylor@gmail.com','+23407089107193','SA Region','SA Zone 2','CE Randburg','Zonal Church','silver',0,1,1,NULL,0,NULL,NULL,NULL,'czTPQNE5sYwv1ZLVe9euZkQ2ClXnQBkYtvoYhQxMChW14JgdGMDxcEvKMr4k23bi','BBEiDsKbF86zlhTHe9XdtpyGS3BfuxrDF5XvMyQ2Hb43Dx8AATcX6Nbx18N8LFDX','qr_codes/partner_1466.png',1,'2025-11-09 15:07:42',0,1,0,'Sent successfully on attempt 1','2025-11-07 10:45:52','2025-11-13 18:54:28'),(1467,'Pastor',NULL,'Chike Ume','pastorchikeumeh@loveworld360.com',NULL,'REGION 5','LAGOS ZONE 6','CE CITY GROUP','Zonal chuch','gold',506000,0,NULL,NULL,0,NULL,NULL,NULL,'YaeAZHWZ3RuECuoWpEyLqcdU5S7gDKwjV6rhIaXO1tovVG5RqyG6K7SXx1QbClIn','iBS1dyD7CaRiqFby2TUJkNIJmiahm7OIFVExis3SP0rwTmTKJYXZ5Q8gB16DKSSY',NULL,0,NULL,0,1,0,'Sent successfully on attempt 1','2025-11-07 12:19:09','2025-11-13 18:48:41'),(1468,'Pastor',NULL,'Victor Egoh ','egohvictor@yahoo.co.uk',NULL,'REGION 4','MINISTRY CENTER ABUJA','CE GARKI GROUP',NULL,'ruby',103797,0,NULL,NULL,0,NULL,NULL,NULL,'GukbVeGUPQ9BHshvJGnK7VIfn0b5WzYqG42vmVXLMn3INzFegXlzFDXC2mi8hffX','WYhYeE1P0p6I76Auofm5KR14cfwjpgt6bhYImScbD2cwtWPECDKTZ1KQumfvFdTF',NULL,0,NULL,0,1,0,'Sent successfully on attempt 1','2025-11-07 12:19:09','2025-11-07 12:19:18'),(1469,'Pastor',NULL,'Eloho Ovrere','ovrere@gmail.com',NULL,'REGION 4','MINISTRY CENTER ABUJA','KARU GROUP',NULL,'ruby',108169,0,NULL,NULL,0,NULL,NULL,NULL,'zRhKLZ5ZU2KEeMbN3Kv3VUiShbYiyj3BwDc8DZUGkvQerUIVlEVL3FyQo1d7YcZl','ob2D0EzM87PWHfp1Dr7qWJJtcYK8z8uzDnC6jGfJCf0LWCvkpxZzaWXERPhTIJXo',NULL,0,NULL,0,1,0,'Sent successfully on attempt 1','2025-11-07 12:19:09','2025-11-07 12:19:20'),(1470,'Pastor',NULL,'Ruth Musarurwa','rdmusarurwa@yahoo.com',NULL,'Region 1','SA Zone 5','Belvedere','Belvedere','silver',295,0,NULL,NULL,0,NULL,NULL,NULL,'I1E0ES6YcU194AUViwC54iQB9v7IHJedPi12iZmOZKTQdJFVwbJXpdBF90DYZ2Cm','Fsh5bSNLFIy29Tuc2rfQry4BaDcFBODNVUqqz4KrzL2MfUV8gvEBfPtpJjcz9CXs',NULL,0,NULL,0,1,0,'Sent successfully on attempt 1','2025-11-07 12:19:09','2025-11-13 18:54:30'),(1471,'Pastor',NULL,'Ameachi Udeaku','peeayforever@yahoo.co.uk',NULL,'REGION 4','ABUJA ZONE 2','BOUNDLESS LOVE GROUP',NULL,'silver',300000,0,NULL,NULL,0,NULL,NULL,NULL,'XuD8bGZbE12CP607gnppXP29M5YyqujzT9jFNJLLUEpHK7ODLo5MlgToJ4wvIBMI','4vKv9cDZztmKzvjrLgpU9MSASm2xUkB1LY97EMIEch51x65s8rJc3TWu0L3uUzVm',NULL,0,NULL,0,1,0,'Sent successfully on attempt 1','2025-11-07 12:19:09','2025-11-13 18:54:31'),(1472,'Pastor',NULL,'Chris Otabor','chrisotabor@yahoo.com',NULL,'REGION 4','MINISTRY CENTER ABUJA','CE AIRPORT ROAD',NULL,'silver',251081,0,NULL,NULL,0,NULL,NULL,NULL,'PvVz06lnbi59h8q9suQa4PDsWB9rz8B5oCJU8NsBttnxILSgIg0XbKIPQH9Tk6n1','HVleUggliboluowuvdQzwBjHMtb6bY4SzgGzX479P13sxQpg9jd6HCNtB0BrqgPD',NULL,0,NULL,0,1,0,'Sent successfully on attempt 1','2025-11-07 12:19:09','2025-11-13 18:54:33'),(1473,'Pastor',NULL,'Eunice Oyeyemi','eunicezoe@yahoo.com',NULL,'REGION 5','SOUTH EAST ZONE 3','CE ABAKILIKI 1 GROUP','Abakaliki church','silver',250000,0,NULL,NULL,0,NULL,NULL,NULL,'ZrrAveD9DdQ2jQFCkt7R6UZy7PuBEvOs3v6P2hAaJIdnoqlkMscXrCtQ3TpJWjl8','0evV418kt6TlMOe209K0FfzTz9ECbvF599gXWpLWebdcTIwuR3Xr8yqlkmTu9YBR',NULL,0,NULL,0,1,0,'Sent successfully on attempt 1','2025-11-07 12:19:09','2025-11-13 18:54:34'),(1475,'Pastor','Group Pastor','Dan Tantua','dantantua@gmail.com',NULL,'Region 2','USAR3','Alvin Group','Alvin Group','ruby',0,1,1,NULL,0,NULL,NULL,NULL,'IQIsXzexFyDmOs4gOwhmwcy17nWYXGk10bjk67ATBbh0z3nRhVWTMle2hjNYUyPc','kruUqQITHEcyNPpQZUWKUSXQXn90eDcJBsw6P1ixXdwsgxL8cOplvj7e9k9naKx1',NULL,0,NULL,0,1,0,'Sent successfully on attempt 1','2025-11-09 15:40:22','2025-11-09 15:40:29'),(1476,'Pastor','Group Pastor','Johsua Orji','orjijoshua@yahoo.com','08107137215','REGION 4','Port Harcourt Zone 3','LUXURIANT GROUP','LUXURIANT GROUP','ruby',0,0,NULL,'nil',0,NULL,NULL,NULL,'oDAY7il8CxlceRxv27kyNT0khd1txZcoaz9aIeOMPsNpPHWEEeSEpSDs0Aa41dyH','Q44DYXQLrQoPRuPq97uiZgGzl94qnLXyeAbv99k4RtoQ16I39NbuI3XMibIfcJKz',NULL,0,NULL,0,1,0,'Sent successfully on attempt 1','2025-11-09 15:43:26','2025-11-09 15:43:31'),(1477,'Pastor','Group Pastor','SUCCESS IDAHOSA','kensuccessful@gmail.com','8097000756','REGION 4','Port Harcourt Zone 2','CE ABUNDANT GRACE GROUP','CE ABUNDANT GRACE GROUP','ruby',0,1,1,NULL,0,NULL,NULL,NULL,'emCwQJbAYE3DkPOVgUCZNNWVB1u6lbSmGZxjyURiM66J3efkx5TGrYQFPR9oGCny','8DNzkLzev0GgSPp3YANj6pfn9g5UxUoFW1Zj5fNjrJAmFZAPpAAyJhx2OR7iDhc8',NULL,0,NULL,0,1,0,'Sent successfully on attempt 1','2025-11-09 15:48:40','2025-11-09 15:48:46'),(1478,'Pastor','BLW Zonal Secretary','Oghenero Edhere','pstogonhigh@gmail.com','+23408161727597','Region 5','BLW ZONE A','BLW ZONE A','BLW ZONE A','ruby',0,1,1,NULL,1,'Pastor','Marylyn Edhere','@paulmarylyn','f3g0phOQFT838TpH5YxSGs4f1DYvQYZKpbBFU8eR3QqTsjKdBRu6jJNckUA3ukVe','0OMuYlTGz9mzqRyzuT2flkxRAckpow4bbty4r4FuFrDGPctAEH27z38169reJSZQ','qr_codes/partner_1478.png',1,'2025-11-09 17:14:43',0,1,0,'Sent successfully on attempt 1','2025-11-09 16:23:09','2025-11-09 17:14:43'),(1479,'Pastor','Group Pastor','NYERHO OGODO','nyerholuvsxta2013@gmail.com','+23408108850885','DSP','ABUJA ZONE 1','BWARI GROUP','BWARI  GROUP','ruby',0,1,1,NULL,1,'Sister','Esther Nyerho Wealth','estherhans83090','0hIpf9RqKfJCtB0nv7IWBzf5X45kf3sNYgAgZGx674yt7S0KQ2XCLr9VaEzvrJTQ','uWmVMIoj7RVGyh35GqNgOXmjbddgjg3c0upVIjOPq09RwaP1IzuLxeFN8xjXqfjL','qr_codes/partner_1479.png',1,'2025-11-09 19:10:12',0,1,0,'Sent successfully on attempt 1','2025-11-09 16:27:48','2025-11-09 19:10:12'),(1480,'Pastor','Group Pastor','NKECHI EGOH','nkechi.egoh@yahoo.co.uk','8033277814','REGION 4','ABUJA MINISTRY CENTRE','MODEL GROUP','MODEL GROUP','ruby',1,1,1,NULL,0,NULL,NULL,NULL,'bW6d9iGQppB2w1EcurYYy7Ls2GYjvnf1UqLnIt9eOIBa6tk2IESxevqetfVsgqHq','1C1MYCgvzesablkGHYxnecAEnKDuywOlEH6oNb4H5bvLCT3b07dIqQIZyhl4dVaw',NULL,0,NULL,0,1,0,'Sent successfully on attempt 1','2025-11-09 16:34:26','2025-11-09 19:59:38'),(1481,'Pastor','Group Pastor','VIVIEN OSIATUMA','vivshine195@gmail.com','8038925682','REGION 4','SOUTH SOUTH ZONE 3','COOPERATIVE GROUP','COOPERATIVE GROUP','ruby',1,1,1,NULL,0,NULL,NULL,NULL,'0VdMY0Pyr9AJEx03YKb6n4eDLrSLWt3wRw6NUX6JDCu8ypxWlxkKcI5sOjaElrZv','t5kFMgbdREB7PAMnG122V3zbpf0S0jCEREKjnIImmg6p4TEYIYOaIxUkiYm1hHaH',NULL,0,NULL,0,1,0,'Sent successfully on attempt 1','2025-11-09 16:45:11','2025-11-09 16:45:17'),(1482,'Pastor','Group Pastor','Wealth-Oladele Olaitan','oladeleolaitan@gmail.com','+23408066400348','DSP','CELVZ','International Missions','International Missions','diamond',0,1,1,NULL,1,'Deaconess','Helen Olaitan','@phog','L6P8Y49clymhuJHF9mHckHE4w7sEDOVTxQQxO43PRnP8R3FLJM6J4Wu1j0uvsUYA','c7orQAIa9sCHd7PkSEuLEC86EqtEZ9Yzxz8iOJT7wGviWHGvGUOQtCuiC7dP2sHq','qr_codes/partner_1482.png',1,'2025-11-09 21:51:25',0,1,0,'Sent successfully on attempt 1','2025-11-09 21:01:28','2025-11-13 18:48:43'),(1485,'Pastor','Group Pastor','BLOSSOM OSEHUME ODIGIE','clarksonbrigde@gmail.com','+23408058775153','Region 1','SA ZONE 1','LIMPOPO GROUP','LIMPOPO GROUP','ruby',0,1,1,NULL,1,'Pastor','Pastor Kayode Ayankoya ','pastorkayode','zx4WSPC9zeqUYj4973c0baek3rHwXVoh0PdsWvj2eSnI4t6EDArcJ5PklBH8uO6U','qIsUpYSwvSJfxuvnTkcAl7c8FUkwKOgLA3JroGstm4esNBDIQf8jzAg1R7EbScWq','qr_codes/partner_1485.png',1,'2025-11-10 12:37:00',0,1,0,'Sent successfully on attempt 1','2025-11-10 06:54:31','2025-11-10 13:08:50'),(1486,'Pastor','Group Pastor','MELODY NWAJEI','melopfcc@yahoo.com','+2348023510507','Region 4','PORT HARCOURT ZONE 1','CE BOUNDLESS GRACE 2','CE BOUNDLESS GRACE 2','ruby',0,1,1,NULL,1,'Pastor','Bernard','Pbnspecial','oun5QkrRhuqsbqnzWnln5Fm8cUAoTIzOeMU1bmeaNvOzuRPDGTDJhUtqFl9aOokE','6qFTLDlkC6KA0Ul4L8y2fcRlMbNdcYgyu5Pvml04QGVjERvaCLj5GZDIJj0kkA9Y','qr_codes/partner_1486.png',1,'2025-11-10 22:11:53',0,1,0,'Sent successfully on attempt 1','2025-11-10 10:36:45','2025-11-10 22:11:53'),(1487,'Pastor','Group Pastor','MARSHAL EZUE','marshalezue@yahoo.com','+23408030580160','Region 4','Port Harcourt Zone 1','LIVING SPRING GROUP','LIVING SPRING GROUP','ruby',0,1,1,NULL,1,'Pastor','Happiness Ezue','@happinessezue','8Q0XF1LX9TjagfOdMh7U32rlEU4yr2VKWk7yFAd0YJn4Z4MTvYecsoPqrheRnAbz','h2hQYM8Ks7Jbygqcg4O3bRfp4cfHWhPSZGEi8omqlsUerINvkBUfIppqRva0QDsT','qr_codes/partner_1487.png',1,'2025-11-10 12:58:55',0,1,0,'Sent successfully on attempt 1','2025-11-10 12:49:28','2025-11-10 12:58:55'),(1488,'Pastor','Zonal Pastor','Maryfaith Unopah','greatluv4christ@gmail.com','+23408039232260','Lagos Region','Lagos Zone','CELVZ','Church 2D','diamond',0,1,1,NULL,0,NULL,NULL,NULL,'9PIQ79RZN1uYtqgjTz5qUaJKBeuqMGqLRyQN18IDNUcIT0HCDvFsfX1bcz2elVM2','JWDZ27VYcdyCs4cHriTnZwnxokwoyoGHyXWDifuZDDgA8qkTafmmsIt2PzLxh5jG','qr_codes/partner_1488.png',1,'2025-11-11 11:21:30',0,1,0,'Sent successfully on attempt 1','2025-11-11 11:17:08','2025-11-13 18:48:44'),(1489,'Pastor','Church Pastor','Benjamin Oduntan','oduntanbenjamin@gmil.com','08157239254','Region 4','ABUJA MINISTRY CENTRE','Youth Church','Youth Church','ruby',0,1,1,NULL,0,NULL,NULL,NULL,'ZkDEUMbP6JNK1zGa1T4MrHxJ125azHHzCkIJU205VO3zwhwFExhvmcJa2XTh2XgP','wiKeArqzLksuwwz8sW157fz9B40hBZmQSrmHsHkeK7pVCnCaF2OrZBYo5QbSSSyy',NULL,0,NULL,0,1,0,'Sent successfully on attempt 1','2025-11-11 12:20:49','2025-11-11 12:20:54'),(1490,'Pastor','Church Pastor','Aaron Makuyana','addressmfunani@yahoo.com','+2340552972446','Middle East and South East Asia','Middle East and South East Asia','Middle East and South East Asia','Middle East and South East Asia','ruby',0,1,1,NULL,0,NULL,NULL,NULL,'ThlVgweiZFp1OywIY4LszgHP8hH3zZgLQgJWTfDaDPIUVKx7QpWVsM5XlYP5vlFj','tifP6CtgtigrKvMQoMjFoEC7dVbr596GuNIKwef55fOEIJzmYCJj5V1HMm9MBWTe','qr_codes/partner_1490.png',1,'2025-11-11 21:18:06',0,1,0,'Sent successfully on attempt 1','2025-11-11 21:11:19','2025-11-11 21:18:06'),(1491,'Pastor','Group Pastor','Biodun Ogundeji','abbeydeji@gmail.com','+270766333041','Region 1','SA Zone 2','Free State Group','CE Bloemfontein','ruby',0,1,1,NULL,1,'Pastor','Wunmi Ogundeji','Pstdrwunmiogundeji','JzBAXd6YS6DjD664rZQ8dXlhPdWHj0fP27j1kTVBWOSmtUUuP696k1UPjOlIO30O','WC6GPcLLOzhKUrAMUkrqGqV2QPwH5g5UdwAf29AXKhuVmwi1kj4boIiUHTs6u9qx','qr_codes/partner_1491.png',1,'2025-11-13 05:10:09',0,1,0,'Sent successfully on attempt 1','2025-11-12 15:19:31','2025-11-13 05:10:09');
/*!40000 ALTER TABLE `partners` ENABLE KEYS */;
UNLOCK TABLES;

--
-- Table structure for table `password_reset_tokens`
--

DROP TABLE IF EXISTS `password_reset_tokens`;
/*!40101 SET @saved_cs_client     = @@character_set_client */;
/*!50503 SET character_set_client = utf8mb4 */;
CREATE TABLE `password_reset_tokens` (
  `email` varchar(255) COLLATE utf8mb4_unicode_ci NOT NULL,
  `token` varchar(255) COLLATE utf8mb4_unicode_ci NOT NULL,
  `created_at` timestamp NULL DEFAULT NULL,
  PRIMARY KEY (`email`)
) ENGINE=InnoDB DEFAULT CHARSET=utf8mb4 COLLATE=utf8mb4_unicode_ci;
/*!40101 SET character_set_client = @saved_cs_client */;

--
-- Dumping data for table `password_reset_tokens`
--

LOCK TABLES `password_reset_tokens` WRITE;
/*!40000 ALTER TABLE `password_reset_tokens` DISABLE KEYS */;
/*!40000 ALTER TABLE `password_reset_tokens` ENABLE KEYS */;
UNLOCK TABLES;

--
-- Table structure for table `payment_records`
--

DROP TABLE IF EXISTS `payment_records`;
/*!40101 SET @saved_cs_client     = @@character_set_client */;
/*!50503 SET character_set_client = utf8mb4 */;
CREATE TABLE `payment_records` (
  `id` bigint unsigned NOT NULL AUTO_INCREMENT,
  `ticket_id` bigint unsigned NOT NULL,
  `amount` decimal(10,2) NOT NULL,
  `method` enum('cash','mpesa','online','refund') COLLATE utf8mb4_unicode_ci NOT NULL,
  `reference` varchar(255) COLLATE utf8mb4_unicode_ci DEFAULT NULL,
  `status` enum('pending','completed','failed') COLLATE utf8mb4_unicode_ci NOT NULL DEFAULT 'pending',
  `response_data` text COLLATE utf8mb4_unicode_ci,
  `processed_by` bigint unsigned DEFAULT NULL,
  `created_at` timestamp NULL DEFAULT NULL,
  `updated_at` timestamp NULL DEFAULT NULL,
  PRIMARY KEY (`id`),
  KEY `payment_records_processed_by_foreign` (`processed_by`),
  KEY `payment_records_ticket_id_created_at_index` (`ticket_id`,`created_at`),
  CONSTRAINT `payment_records_processed_by_foreign` FOREIGN KEY (`processed_by`) REFERENCES `users` (`id`) ON DELETE SET NULL,
  CONSTRAINT `payment_records_ticket_id_foreign` FOREIGN KEY (`ticket_id`) REFERENCES `tickets` (`id`) ON DELETE CASCADE
) ENGINE=InnoDB DEFAULT CHARSET=utf8mb4 COLLATE=utf8mb4_unicode_ci;
/*!40101 SET character_set_client = @saved_cs_client */;

--
-- Dumping data for table `payment_records`
--

LOCK TABLES `payment_records` WRITE;
/*!40000 ALTER TABLE `payment_records` DISABLE KEYS */;
/*!40000 ALTER TABLE `payment_records` ENABLE KEYS */;
UNLOCK TABLES;

--
-- Table structure for table `permissions`
--

DROP TABLE IF EXISTS `permissions`;
/*!40101 SET @saved_cs_client     = @@character_set_client */;
/*!50503 SET character_set_client = utf8mb4 */;
CREATE TABLE `permissions` (
  `id` bigint unsigned NOT NULL AUTO_INCREMENT,
  `name` varchar(255) COLLATE utf8mb4_unicode_ci NOT NULL,
  `guard_name` varchar(255) COLLATE utf8mb4_unicode_ci NOT NULL,
  `created_at` timestamp NULL DEFAULT NULL,
  `updated_at` timestamp NULL DEFAULT NULL,
  PRIMARY KEY (`id`),
  UNIQUE KEY `permissions_name_guard_name_unique` (`name`,`guard_name`)
) ENGINE=InnoDB AUTO_INCREMENT=43 DEFAULT CHARSET=utf8mb4 COLLATE=utf8mb4_unicode_ci;
/*!40101 SET character_set_client = @saved_cs_client */;

--
-- Dumping data for table `permissions`
--

LOCK TABLES `permissions` WRITE;
/*!40000 ALTER TABLE `permissions` DISABLE KEYS */;
INSERT INTO `permissions` VALUES (1,'create_organization','web','2026-01-08 20:26:47','2026-01-08 20:26:47'),(2,'edit_organization','web','2026-01-08 20:26:47','2026-01-08 20:26:47'),(3,'view_organization','web','2026-01-08 20:26:47','2026-01-08 20:26:47'),(4,'delete_organization','web','2026-01-08 20:26:47','2026-01-08 20:26:47'),(5,'create_event','web','2026-01-08 20:26:47','2026-01-08 20:26:47'),(6,'edit_event','web','2026-01-08 20:26:47','2026-01-08 20:26:47'),(7,'view_event','web','2026-01-08 20:26:47','2026-01-08 20:26:47'),(8,'delete_event','web','2026-01-08 20:26:47','2026-01-08 20:26:47'),(9,'publish_event','web','2026-01-08 20:26:47','2026-01-08 20:26:47'),(10,'create_event_tier','web','2026-01-08 20:26:47','2026-01-08 20:26:47'),(11,'edit_event_tier','web','2026-01-08 20:26:48','2026-01-08 20:26:48'),(12,'view_event_tier','web','2026-01-08 20:26:48','2026-01-08 20:26:48'),(13,'delete_event_tier','web','2026-01-08 20:26:48','2026-01-08 20:26:48'),(14,'create_client','web','2026-01-08 20:26:48','2026-01-08 20:26:48'),(15,'edit_client','web','2026-01-08 20:26:48','2026-01-08 20:26:48'),(16,'view_client','web','2026-01-08 20:26:48','2026-01-08 20:26:48'),(17,'delete_client','web','2026-01-08 20:26:48','2026-01-08 20:26:48'),(18,'bulk_upload_clients','web','2026-01-08 20:26:48','2026-01-08 20:26:48'),(19,'create_ticket','web','2026-01-08 20:26:48','2026-01-08 20:26:48'),(20,'edit_ticket','web','2026-01-08 20:26:48','2026-01-08 20:26:48'),(21,'view_ticket','web','2026-01-08 20:26:48','2026-01-08 20:26:48'),(22,'refund_ticket','web','2026-01-08 20:26:48','2026-01-08 20:26:48'),(23,'resend_ticket','web','2026-01-08 20:26:48','2026-01-08 20:26:48'),(24,'approve_payment','web','2026-01-08 20:26:48','2026-01-08 20:26:48'),(25,'reject_payment','web','2026-01-08 20:26:48','2026-01-08 20:26:48'),(26,'view_payments','web','2026-01-08 20:26:48','2026-01-08 20:26:48'),(27,'scan_qr','web','2026-01-08 20:26:48','2026-01-08 20:26:48'),(28,'view_checkins','web','2026-01-08 20:26:48','2026-01-08 20:26:48'),(29,'create_partner','web','2026-01-08 20:26:48','2026-01-08 20:26:48'),(30,'edit_partner','web','2026-01-08 20:26:48','2026-01-08 20:26:48'),(31,'view_partner','web','2026-01-08 20:26:48','2026-01-08 20:26:48'),(32,'delete_partner','web','2026-01-08 20:26:48','2026-01-08 20:26:48'),(33,'email_partners','web','2026-01-08 20:26:48','2026-01-08 20:26:48'),(34,'view_reports','web','2026-01-08 20:26:48','2026-01-08 20:26:48'),(35,'export_reports','web','2026-01-08 20:26:48','2026-01-08 20:26:48'),(36,'view_dashboard','web','2026-01-08 20:26:48','2026-01-08 20:26:48'),(37,'manage_staff','web','2026-01-08 20:26:48','2026-01-08 20:26:48'),(38,'manage_roles','web','2026-01-08 20:26:48','2026-01-08 20:26:48'),(39,'view_payment_method','web','2026-01-08 20:26:48','2026-01-08 20:26:48'),(40,'create_payment_method','web','2026-01-08 20:26:48','2026-01-08 20:26:48'),(41,'edit_payment_method','web','2026-01-08 20:26:48','2026-01-08 20:26:48'),(42,'delete_payment_method','web','2026-01-08 20:26:48','2026-01-08 20:26:48');
/*!40000 ALTER TABLE `permissions` ENABLE KEYS */;
UNLOCK TABLES;

--
-- Table structure for table `personal_access_tokens`
--

DROP TABLE IF EXISTS `personal_access_tokens`;
/*!40101 SET @saved_cs_client     = @@character_set_client */;
/*!50503 SET character_set_client = utf8mb4 */;
CREATE TABLE `personal_access_tokens` (
  `id` bigint unsigned NOT NULL AUTO_INCREMENT,
  `tokenable_type` varchar(255) COLLATE utf8mb4_unicode_ci NOT NULL,
  `tokenable_id` bigint unsigned NOT NULL,
  `name` text COLLATE utf8mb4_unicode_ci NOT NULL,
  `token` varchar(64) COLLATE utf8mb4_unicode_ci NOT NULL,
  `abilities` text COLLATE utf8mb4_unicode_ci,
  `last_used_at` timestamp NULL DEFAULT NULL,
  `expires_at` timestamp NULL DEFAULT NULL,
  `created_at` timestamp NULL DEFAULT NULL,
  `updated_at` timestamp NULL DEFAULT NULL,
  PRIMARY KEY (`id`),
  UNIQUE KEY `personal_access_tokens_token_unique` (`token`),
  KEY `personal_access_tokens_tokenable_type_tokenable_id_index` (`tokenable_type`,`tokenable_id`),
  KEY `personal_access_tokens_expires_at_index` (`expires_at`)
) ENGINE=InnoDB AUTO_INCREMENT=3 DEFAULT CHARSET=utf8mb4 COLLATE=utf8mb4_unicode_ci;
/*!40101 SET character_set_client = @saved_cs_client */;

--
-- Dumping data for table `personal_access_tokens`
--

LOCK TABLES `personal_access_tokens` WRITE;
/*!40000 ALTER TABLE `personal_access_tokens` DISABLE KEYS */;
INSERT INTO `personal_access_tokens` VALUES (1,'App\\Models\\User',6,'scanner-app','55747c037aab27b3da6a9d56a188f93d78605fa170ca4d0e1e08ad2530e3eab0','[\"*\"]',NULL,NULL,'2026-01-30 07:55:54','2026-01-30 07:55:54'),(2,'App\\Models\\User',6,'scanner-app','9c3962197c459608072a83b5658f26cf944174c4d882aed7e5b6150c994ec2ae','[\"*\"]','2026-01-30 19:35:29',NULL,'2026-01-30 07:56:36','2026-01-30 19:35:29');
/*!40000 ALTER TABLE `personal_access_tokens` ENABLE KEYS */;
UNLOCK TABLES;

--
-- Table structure for table `role_has_permissions`
--

DROP TABLE IF EXISTS `role_has_permissions`;
/*!40101 SET @saved_cs_client     = @@character_set_client */;
/*!50503 SET character_set_client = utf8mb4 */;
CREATE TABLE `role_has_permissions` (
  `permission_id` bigint unsigned NOT NULL,
  `role_id` bigint unsigned NOT NULL,
  PRIMARY KEY (`permission_id`,`role_id`),
  KEY `role_has_permissions_role_id_foreign` (`role_id`),
  CONSTRAINT `role_has_permissions_permission_id_foreign` FOREIGN KEY (`permission_id`) REFERENCES `permissions` (`id`) ON DELETE CASCADE,
  CONSTRAINT `role_has_permissions_role_id_foreign` FOREIGN KEY (`role_id`) REFERENCES `roles` (`id`) ON DELETE CASCADE
) ENGINE=InnoDB DEFAULT CHARSET=utf8mb4 COLLATE=utf8mb4_unicode_ci;
/*!40101 SET character_set_client = @saved_cs_client */;

--
-- Dumping data for table `role_has_permissions`
--

LOCK TABLES `role_has_permissions` WRITE;
/*!40000 ALTER TABLE `role_has_permissions` DISABLE KEYS */;
INSERT INTO `role_has_permissions` VALUES (1,1),(2,1),(3,1),(4,1),(5,1),(6,1),(7,1),(8,1),(9,1),(10,1),(11,1),(12,1),(13,1),(14,1),(15,1),(16,1),(17,1),(18,1),(19,1),(20,1),(21,1),(22,1),(23,1),(24,1),(25,1),(26,1),(27,1),(28,1),(29,1),(30,1),(31,1),(32,1),(33,1),(34,1),(35,1),(36,1),(37,1),(38,1),(39,1),(40,1),(41,1),(42,1),(2,2),(3,2),(5,2),(6,2),(7,2),(8,2),(9,2),(10,2),(11,2),(12,2),(13,2),(14,2),(15,2),(16,2),(17,2),(18,2),(19,2),(20,2),(21,2),(22,2),(23,2),(24,2),(25,2),(26,2),(27,2),(28,2),(29,2),(30,2),(31,2),(32,2),(33,2),(34,2),(35,2),(36,2),(37,2),(39,2),(40,2),(41,2),(42,2),(14,3),(15,3),(16,3),(19,3),(21,3),(23,3),(24,3),(26,3),(28,3),(34,3),(36,3),(39,3),(27,4),(28,4),(7,5),(16,5),(21,5),(28,5),(34,5),(36,5);
/*!40000 ALTER TABLE `role_has_permissions` ENABLE KEYS */;
UNLOCK TABLES;

--
-- Table structure for table `roles`
--

DROP TABLE IF EXISTS `roles`;
/*!40101 SET @saved_cs_client     = @@character_set_client */;
/*!50503 SET character_set_client = utf8mb4 */;
CREATE TABLE `roles` (
  `id` bigint unsigned NOT NULL AUTO_INCREMENT,
  `name` varchar(255) COLLATE utf8mb4_unicode_ci NOT NULL,
  `guard_name` varchar(255) COLLATE utf8mb4_unicode_ci NOT NULL,
  `created_at` timestamp NULL DEFAULT NULL,
  `updated_at` timestamp NULL DEFAULT NULL,
  PRIMARY KEY (`id`),
  UNIQUE KEY `roles_name_guard_name_unique` (`name`,`guard_name`)
) ENGINE=InnoDB AUTO_INCREMENT=6 DEFAULT CHARSET=utf8mb4 COLLATE=utf8mb4_unicode_ci;
/*!40101 SET character_set_client = @saved_cs_client */;

--
-- Dumping data for table `roles`
--

LOCK TABLES `roles` WRITE;
/*!40000 ALTER TABLE `roles` DISABLE KEYS */;
INSERT INTO `roles` VALUES (1,'super_admin','web','2026-01-08 20:26:48','2026-01-08 20:26:48'),(2,'org_admin','web','2026-01-08 20:26:48','2026-01-08 20:26:48'),(3,'staff','web','2026-01-08 20:26:48','2026-01-08 20:26:48'),(4,'scanner','web','2026-01-08 20:26:48','2026-01-08 20:26:48'),(5,'viewer','web','2026-01-08 20:26:48','2026-01-08 20:26:48');
/*!40000 ALTER TABLE `roles` ENABLE KEYS */;
UNLOCK TABLES;

--
-- Table structure for table `sessions`
--

DROP TABLE IF EXISTS `sessions`;
/*!40101 SET @saved_cs_client     = @@character_set_client */;
/*!50503 SET character_set_client = utf8mb4 */;
CREATE TABLE `sessions` (
  `id` varchar(255) COLLATE utf8mb4_unicode_ci NOT NULL,
  `user_id` bigint unsigned DEFAULT NULL,
  `ip_address` varchar(45) COLLATE utf8mb4_unicode_ci DEFAULT NULL,
  `user_agent` text COLLATE utf8mb4_unicode_ci,
  `payload` longtext COLLATE utf8mb4_unicode_ci NOT NULL,
  `last_activity` int NOT NULL,
  PRIMARY KEY (`id`),
  KEY `sessions_user_id_index` (`user_id`),
  KEY `sessions_last_activity_index` (`last_activity`)
) ENGINE=InnoDB DEFAULT CHARSET=utf8mb4 COLLATE=utf8mb4_unicode_ci;
/*!40101 SET character_set_client = @saved_cs_client */;

--
-- Dumping data for table `sessions`
--

LOCK TABLES `sessions` WRITE;
/*!40000 ALTER TABLE `sessions` DISABLE KEYS */;
/*!40000 ALTER TABLE `sessions` ENABLE KEYS */;
UNLOCK TABLES;

--
-- Table structure for table `system_settings`
--

DROP TABLE IF EXISTS `system_settings`;
/*!40101 SET @saved_cs_client     = @@character_set_client */;
/*!50503 SET character_set_client = utf8mb4 */;
CREATE TABLE `system_settings` (
  `id` bigint unsigned NOT NULL AUTO_INCREMENT,
  `key` varchar(255) COLLATE utf8mb4_unicode_ci NOT NULL,
  `value` text COLLATE utf8mb4_unicode_ci,
  `type` varchar(255) COLLATE utf8mb4_unicode_ci NOT NULL DEFAULT 'string',
  `description` text COLLATE utf8mb4_unicode_ci,
  `created_at` timestamp NULL DEFAULT NULL,
  `updated_at` timestamp NULL DEFAULT NULL,
  PRIMARY KEY (`id`),
  UNIQUE KEY `system_settings_key_unique` (`key`)
) ENGINE=InnoDB AUTO_INCREMENT=4 DEFAULT CHARSET=utf8mb4 COLLATE=utf8mb4_unicode_ci;
/*!40101 SET character_set_client = @saved_cs_client */;

--
-- Dumping data for table `system_settings`
--

LOCK TABLES `system_settings` WRITE;
/*!40000 ALTER TABLE `system_settings` DISABLE KEYS */;
INSERT INTO `system_settings` VALUES (1,'whatsapp_enabled','true','boolean','Enable WhatsApp ticket delivery','2026-01-08 20:25:52','2026-01-08 20:25:52'),(2,'whatsapp_sandbox_number','+14155238886','string','Twilio WhatsApp sandbox number','2026-01-08 20:25:52','2026-01-08 20:25:52'),(3,'whatsapp_join_code','join abc-def','string','Sandbox join code (update after Twilio setup)','2026-01-08 20:25:52','2026-01-08 20:25:52');
/*!40000 ALTER TABLE `system_settings` ENABLE KEYS */;
UNLOCK TABLES;

--
-- Table structure for table `ticket_payments`
--

DROP TABLE IF EXISTS `ticket_payments`;
/*!40101 SET @saved_cs_client     = @@character_set_client */;
/*!50503 SET character_set_client = utf8mb4 */;
CREATE TABLE `ticket_payments` (
  `id` bigint unsigned NOT NULL AUTO_INCREMENT,
  `ticket_id` bigint unsigned NOT NULL,
  `amount` decimal(10,2) NOT NULL,
  `payment_method` varchar(50) COLLATE utf8mb4_unicode_ci DEFAULT NULL,
  `payment_reference` varchar(255) COLLATE utf8mb4_unicode_ci DEFAULT NULL,
  `status` enum('pending','approved','rejected') COLLATE utf8mb4_unicode_ci NOT NULL DEFAULT 'pending',
  `payment_date` timestamp NULL DEFAULT NULL,
  `approved_by` bigint unsigned DEFAULT NULL,
  `approved_at` timestamp NULL DEFAULT NULL,
  `notes` text COLLATE utf8mb4_unicode_ci,
  `payment_type` varchar(50) COLLATE utf8mb4_unicode_ci NOT NULL DEFAULT 'installment',
  `created_at` timestamp NULL DEFAULT NULL,
  `updated_at` timestamp NULL DEFAULT NULL,
  PRIMARY KEY (`id`),
  KEY `ticket_payments_approved_by_foreign` (`approved_by`),
  KEY `ticket_payments_ticket_id_status_index` (`ticket_id`,`status`),
  CONSTRAINT `ticket_payments_approved_by_foreign` FOREIGN KEY (`approved_by`) REFERENCES `users` (`id`) ON DELETE SET NULL,
  CONSTRAINT `ticket_payments_ticket_id_foreign` FOREIGN KEY (`ticket_id`) REFERENCES `tickets` (`id`) ON DELETE CASCADE
) ENGINE=InnoDB AUTO_INCREMENT=29 DEFAULT CHARSET=utf8mb4 COLLATE=utf8mb4_unicode_ci;
/*!40101 SET character_set_client = @saved_cs_client */;

--
-- Dumping data for table `ticket_payments`
--

LOCK TABLES `ticket_payments` WRITE;
/*!40000 ALTER TABLE `ticket_payments` DISABLE KEYS */;
INSERT INTO `ticket_payments` VALUES (1,1,950.00,'mpesa','Nthabiseng Makepe','approved','2026-01-09 07:13:52',5,'2026-01-09 07:24:19',NULL,'full','2026-01-09 07:13:52','2026-01-09 07:24:19'),(2,11,1600.00,'cash','Paid','approved','2026-01-12 11:12:15',5,'2026-01-13 06:59:16',NULL,'full','2026-01-12 11:12:15','2026-01-13 06:59:16'),(3,17,150.00,'mpesa',NULL,'pending','2026-01-19 12:12:24',NULL,NULL,NULL,'full','2026-01-19 12:12:24','2026-01-19 12:12:24'),(4,18,250.00,'cash',NULL,'pending','2026-01-20 12:32:39',NULL,NULL,NULL,'full','2026-01-20 12:32:39','2026-01-20 12:32:39'),(5,22,10.00,'cash',NULL,'pending','2026-01-21 13:09:24',NULL,NULL,NULL,'full','2026-01-21 13:09:24','2026-01-21 13:09:24'),(6,24,1300.00,'cash',NULL,'pending','2026-01-21 14:27:46',NULL,NULL,NULL,'full','2026-01-21 14:27:46','2026-01-21 14:27:46'),(7,25,1300.00,'mpesa',NULL,'pending','2026-01-21 18:51:25',NULL,NULL,NULL,'full','2026-01-21 18:51:25','2026-01-21 18:51:25'),(8,28,150.00,'mpesa',NULL,'pending','2026-01-24 06:51:28',NULL,NULL,NULL,'full','2026-01-24 06:51:28','2026-01-24 06:51:28'),(9,29,150.00,'mpesa',NULL,'pending','2026-01-24 08:51:50',NULL,NULL,NULL,'full','2026-01-24 08:51:50','2026-01-24 08:51:50'),(10,30,390.00,'mpesa',NULL,'pending','2026-01-27 16:33:29',NULL,NULL,NULL,'deposit','2026-01-27 16:33:29','2026-01-27 16:33:29'),(11,31,390.00,'mpesa','Thapelo','approved','2026-01-27 16:37:05',11,'2026-02-05 14:17:52',NULL,'deposit','2026-01-27 16:37:05','2026-02-05 14:17:52'),(12,32,390.00,'mpesa','Lizzy','approved','2026-01-27 19:09:24',11,'2026-01-27 19:27:28',NULL,'deposit','2026-01-27 19:09:24','2026-01-27 19:27:28'),(13,33,1300.00,'mpesa','Lizzy','approved','2026-01-27 19:32:22',11,'2026-01-27 19:32:49',NULL,'full','2026-01-27 19:32:22','2026-01-27 19:32:49'),(14,34,10.00,'mpesa','paid','approved','2026-01-28 08:36:10',5,'2026-01-28 08:36:30',NULL,'full','2026-01-28 08:36:10','2026-01-28 08:36:30'),(15,37,150.00,'mpesa','Transact ID 01CIAXXRAVDK Confirmed. M150.00 sent to 26659650001 - THANDIWE RWANQA o','approved','2026-01-28 10:31:44',6,'2026-01-29 16:11:09',NULL,'full','2026-01-28 10:31:44','2026-01-29 16:11:09'),(16,38,150.00,'mpesa',NULL,'pending','2026-01-28 10:38:17',NULL,NULL,NULL,'full','2026-01-28 10:38:17','2026-01-28 10:38:17'),(17,39,150.00,'mpesa',NULL,'pending','2026-01-28 14:33:05',NULL,NULL,NULL,'full','2026-01-28 14:33:05','2026-01-28 14:33:05'),(18,40,150.00,'mpesa',NULL,'pending','2026-01-28 14:53:34',NULL,NULL,NULL,'full','2026-01-28 14:53:34','2026-01-28 14:53:34'),(19,41,150.00,'mpesa',NULL,'pending','2026-01-28 16:47:12',NULL,NULL,NULL,'full','2026-01-28 16:47:12','2026-01-28 16:47:12'),(20,42,150.00,'mpesa','00W3G971JA8K','pending','2026-01-28 17:50:59',NULL,NULL,NULL,'full','2026-01-28 17:50:59','2026-01-28 17:50:59'),(21,78,250.00,'cash',NULL,'pending','2026-01-29 09:06:48',NULL,NULL,NULL,'full','2026-01-29 09:06:48','2026-01-29 09:06:48'),(22,79,150.00,'ecocash',NULL,'pending','2026-01-29 16:10:28',NULL,NULL,NULL,'full','2026-01-29 16:10:28','2026-01-29 16:10:28'),(23,80,150.00,'ecocash','EcoCash: Transfer Confirmation.M152 to THANDIWE RWANQA. Wallet balance: M 115.96.Pay bills from the comfort of your home or office with EcoCash','approved','2026-01-29 16:41:33',5,'2026-01-29 21:11:36',NULL,'full','2026-01-29 16:41:33','2026-01-29 21:11:36'),(24,81,150.00,'ecocash','EcoCash: Transfer Confirmation.M152 to THANDIWE RWANQA. Wallet balance: M 115.96.Pay bills from the comfort of your home or office with EcoCash','approved','2026-01-29 16:42:45',5,'2026-01-29 21:12:07',NULL,'full','2026-01-29 16:42:45','2026-01-29 21:12:07'),(25,82,150.00,'ecocash','EcoCash: Transfer Confirmation.M152 to THANDIWE RWANQA. Wallet balance: M 115.96.Pay bills from the comfort of your home or office with EcoCash','pending','2026-01-29 16:44:39',NULL,NULL,NULL,'full','2026-01-29 16:44:39','2026-01-29 16:44:39'),(26,83,150.00,'mpesa','008D4R48OOQA','approved','2026-01-29 17:04:12',5,'2026-01-29 21:12:39',NULL,'full','2026-01-29 17:04:12','2026-01-29 21:12:39'),(27,105,1300.00,'bank_transfer','On point FS','approved','2026-02-05 08:15:00',11,'2026-02-05 14:14:29',NULL,'full','2026-02-05 08:15:00','2026-02-05 14:14:29');
/*!40000 ALTER TABLE `ticket_payments` ENABLE KEYS */;
UNLOCK TABLES;

--
-- Table structure for table `tickets`
--

DROP TABLE IF EXISTS `tickets`;
/*!40101 SET @saved_cs_client     = @@character_set_client */;
/*!50503 SET character_set_client = utf8mb4 */;
CREATE TABLE `tickets` (
  `id` bigint unsigned NOT NULL AUTO_INCREMENT,
  `event_id` bigint unsigned NOT NULL,
  `client_id` bigint unsigned NOT NULL,
  `event_tier_id` bigint unsigned NOT NULL,
  `ticket_number` varchar(255) COLLATE utf8mb4_unicode_ci NOT NULL,
  `qr_code` varchar(255) COLLATE utf8mb4_unicode_ci NOT NULL,
  `qr_code_path` varchar(255) COLLATE utf8mb4_unicode_ci DEFAULT NULL,
  `avatar_path` varchar(255) COLLATE utf8mb4_unicode_ci DEFAULT NULL,
  `avatar_generated_at` datetime DEFAULT NULL,
  `status` varchar(255) COLLATE utf8mb4_unicode_ci NOT NULL DEFAULT 'active',
  `payment_method` varchar(50) COLLATE utf8mb4_unicode_ci DEFAULT NULL,
  `amount` decimal(10,2) NOT NULL DEFAULT '0.00',
  `amount_paid` decimal(10,2) NOT NULL DEFAULT '0.00',
  `is_complimentary` tinyint(1) NOT NULL DEFAULT '0',
  `complimentary_issued_by` int DEFAULT NULL,
  `complimentary_reason` text COLLATE utf8mb4_unicode_ci,
  `payment_status` varchar(255) COLLATE utf8mb4_unicode_ci NOT NULL DEFAULT 'pending',
  `payment_date` datetime DEFAULT NULL,
  `payment_reference` varchar(255) COLLATE utf8mb4_unicode_ci DEFAULT NULL,
  `delivery_method` varchar(255) COLLATE utf8mb4_unicode_ci DEFAULT NULL,
  `preferred_delivery` varchar(255) COLLATE utf8mb4_unicode_ci DEFAULT NULL,
  `has_whatsapp` tinyint(1) NOT NULL DEFAULT '0',
  `delivery_status` varchar(255) COLLATE utf8mb4_unicode_ci NOT NULL DEFAULT 'pending',
  `ticket_preference` enum('digital','print') COLLATE utf8mb4_unicode_ci NOT NULL DEFAULT 'digital',
  `printed_at` datetime DEFAULT NULL,
  `delivered_at` datetime DEFAULT NULL,
  `whatsapp_delivered_at` timestamp NULL DEFAULT NULL,
  `email_delivered_at` timestamp NULL DEFAULT NULL,
  `delivery_log` json DEFAULT NULL,
  `checked_in_at` datetime DEFAULT NULL,
  `checked_in_by` bigint unsigned DEFAULT NULL,
  `created_by` bigint unsigned DEFAULT NULL,
  `created_at` timestamp NULL DEFAULT NULL,
  `updated_at` timestamp NULL DEFAULT NULL,
  `printed_by` bigint unsigned DEFAULT NULL,
  PRIMARY KEY (`id`),
  UNIQUE KEY `tickets_ticket_number_unique` (`ticket_number`),
  UNIQUE KEY `tickets_qr_code_unique` (`qr_code`),
  KEY `tickets_client_id_foreign` (`client_id`),
  KEY `tickets_event_tier_id_foreign` (`event_tier_id`),
  KEY `tickets_checked_in_by_foreign` (`checked_in_by`),
  KEY `tickets_created_by_foreign` (`created_by`),
  KEY `tickets_event_id_client_id_index` (`event_id`,`client_id`),
  KEY `tickets_status_checked_in_at_index` (`status`,`checked_in_at`),
  KEY `tickets_printed_by_foreign` (`printed_by`),
  KEY `tickets_is_complimentary_index` (`is_complimentary`),
  CONSTRAINT `tickets_checked_in_by_foreign` FOREIGN KEY (`checked_in_by`) REFERENCES `users` (`id`) ON DELETE SET NULL,
  CONSTRAINT `tickets_client_id_foreign` FOREIGN KEY (`client_id`) REFERENCES `clients` (`id`) ON DELETE CASCADE,
  CONSTRAINT `tickets_created_by_foreign` FOREIGN KEY (`created_by`) REFERENCES `users` (`id`) ON DELETE SET NULL,
  CONSTRAINT `tickets_event_id_foreign` FOREIGN KEY (`event_id`) REFERENCES `events` (`id`) ON DELETE CASCADE,
  CONSTRAINT `tickets_event_tier_id_foreign` FOREIGN KEY (`event_tier_id`) REFERENCES `event_tiers` (`id`) ON DELETE CASCADE,
  CONSTRAINT `tickets_printed_by_foreign` FOREIGN KEY (`printed_by`) REFERENCES `users` (`id`) ON DELETE SET NULL
) ENGINE=InnoDB AUTO_INCREMENT=116 DEFAULT CHARSET=utf8mb4 COLLATE=utf8mb4_unicode_ci;
/*!40101 SET character_set_client = @saved_cs_client */;

--
-- Dumping data for table `tickets`
--

LOCK TABLES `tickets` WRITE;
/*!40000 ALTER TABLE `tickets` DISABLE KEYS */;
INSERT INTO `tickets` VALUES (1,1,1,1,'TKT-1-00001','QR-f2a42005-1384-4a5c-8120-89e33838f1b0','qr_codes/events/1/ticket_1.png','avatars/events/1/ticket_1.pdf','2026-01-09 07:24:49','active','mpesa',950.00,950.00,0,NULL,NULL,'completed',NULL,'Nthabiseng Makepe','email','both',1,'pending','digital',NULL,NULL,NULL,NULL,NULL,NULL,NULL,NULL,'2026-01-09 07:13:52','2026-01-09 07:24:49',NULL),(2,1,3,1,'TKT-1-QiCgAX8V','QR-4f2250a5-47a7-4425-adbb-6a0a748f421c','qr_codes/events/1/ticket_2.png','avatars/events/1/ticket_2.pdf','2026-01-12 07:11:46','active','cash',950.00,0.00,0,NULL,NULL,'completed',NULL,NULL,NULL,NULL,0,'pending','digital',NULL,NULL,NULL,NULL,NULL,NULL,NULL,NULL,'2026-01-12 07:07:56','2026-01-12 07:11:46',NULL),(3,1,4,1,'TKT-1-8qo9stek','QR-fd9e0d6b-8d09-468d-b5bf-ff679a148e5d','qr_codes/events/1/ticket_3.png','avatars/events/1/ticket_3.pdf','2026-01-12 07:12:46','active','cash',950.00,0.00,0,NULL,NULL,'completed',NULL,NULL,NULL,NULL,0,'pending','digital',NULL,NULL,NULL,NULL,NULL,NULL,NULL,NULL,'2026-01-12 07:08:31','2026-01-12 07:12:46',NULL),(4,1,5,1,'TKT-1-F9yjmFAE','QR-25788f5e-3593-418a-b522-fa8869dca6b1','qr_codes/events/1/ticket_4.png','avatars/events/1/ticket_4.pdf','2026-01-12 07:13:21','active','cash',950.00,0.00,0,NULL,NULL,'completed',NULL,NULL,NULL,NULL,0,'pending','digital',NULL,NULL,NULL,NULL,NULL,NULL,NULL,NULL,'2026-01-12 07:09:11','2026-01-12 07:13:21',NULL),(5,1,6,1,'TKT-1-TAwQ0pCf','QR-b1dc9675-6281-4ff3-b53b-0445eff238c5','qr_codes/events/1/ticket_5.png','avatars/events/1/ticket_5.pdf','2026-01-12 07:13:52','active','cash',950.00,0.00,0,NULL,NULL,'completed',NULL,NULL,NULL,NULL,0,'pending','digital',NULL,NULL,NULL,NULL,NULL,NULL,NULL,NULL,'2026-01-12 07:09:52','2026-01-12 07:13:52',NULL),(6,1,7,1,'TKT-1-UkA3Zfbt','QR-2ddd8b76-236c-492d-a2ec-d6da39f1251e','qr_codes/events/1/ticket_6.png','avatars/events/1/ticket_6.pdf','2026-01-12 07:14:38','active','cash',950.00,0.00,0,NULL,NULL,'completed',NULL,NULL,NULL,NULL,0,'pending','digital',NULL,NULL,NULL,NULL,NULL,NULL,NULL,NULL,'2026-01-12 07:10:23','2026-01-12 07:14:38',NULL),(7,1,8,1,'TKT-1-bMup9ENI','QR-f5ffe3c7-4c38-415e-a203-ea93c5ecee4d','qr_codes/events/1/ticket_7.png','avatars/events/1/ticket_7.pdf','2026-01-12 07:15:31','active','cash',950.00,0.00,0,NULL,NULL,'completed',NULL,NULL,NULL,NULL,0,'pending','digital',NULL,NULL,NULL,NULL,NULL,NULL,NULL,NULL,'2026-01-12 07:10:54','2026-01-12 07:15:31',NULL),(8,1,9,1,'TKT-1-NMimgloX','QR-606b3219-4997-4c2f-8850-5cdb2ea5fc85','qr_codes/events/1/ticket_8.png','avatars/events/1/ticket_8.pdf','2026-01-12 07:18:36','active','cash',950.00,0.00,0,NULL,NULL,'completed',NULL,NULL,NULL,NULL,0,'pending','digital',NULL,NULL,NULL,NULL,NULL,NULL,NULL,NULL,'2026-01-12 07:17:11','2026-01-12 07:18:36',NULL),(9,1,10,1,'TKT-1-lS4GD0nK','QR-1123c489-84ab-4c36-a0bc-a5fa6c020837','qr_codes/events/1/ticket_9.png','avatars/events/1/ticket_9.pdf','2026-01-12 07:18:58','active','cash',950.00,0.00,0,NULL,NULL,'completed',NULL,NULL,NULL,NULL,0,'pending','digital',NULL,NULL,NULL,NULL,NULL,NULL,NULL,NULL,'2026-01-12 07:17:40','2026-01-12 07:18:58',NULL),(10,1,11,1,'TKT-1-qvbqvW1h','QR-43bf8fdd-f52c-4fec-9312-601f9e66ab83','qr_codes/events/1/ticket_10.png','avatars/events/1/ticket_10.pdf','2026-01-12 07:19:40','active','cash',950.00,0.00,0,NULL,NULL,'completed',NULL,NULL,NULL,NULL,0,'pending','digital',NULL,NULL,NULL,NULL,NULL,NULL,NULL,NULL,'2026-01-12 07:18:17','2026-01-12 07:19:40',NULL),(11,3,12,5,'TKT-3-00001','QR-64a8f9ec-defd-4298-8843-cb6b9592e38b','qr_codes/events/3/ticket_11.png','avatars/events/3/ticket_11.pdf','2026-01-13 06:59:45','active','cash',1600.00,1600.00,0,NULL,NULL,'completed',NULL,NULL,'email','both',1,'pending','digital',NULL,NULL,NULL,NULL,NULL,NULL,NULL,NULL,'2026-01-12 11:12:15','2026-01-13 06:59:45',NULL),(12,1,13,1,'TKT-1-kQKCnEcv','QR-5a1850c9-c5eb-4187-979b-c276f0d43522','qr_codes/events/1/ticket_12.png','avatars/events/1/ticket_12.pdf','2026-01-12 16:44:42','active','cash',950.00,0.00,0,NULL,NULL,'completed',NULL,NULL,NULL,NULL,0,'pending','digital',NULL,NULL,NULL,NULL,NULL,NULL,NULL,NULL,'2026-01-12 16:42:22','2026-01-12 16:44:42',NULL),(13,1,14,1,'TKT-1-6ZvOiCoy','QR-7afbf977-9ccd-48bb-a440-f2b3666c1086','qr_codes/events/1/ticket_13.png','avatars/events/1/ticket_13.pdf','2026-01-17 09:03:20','active',NULL,950.00,0.00,0,NULL,NULL,'completed',NULL,NULL,NULL,NULL,0,'pending','digital',NULL,NULL,NULL,NULL,NULL,NULL,NULL,NULL,'2026-01-17 08:49:26','2026-01-28 10:22:56',NULL),(14,1,15,1,'TKT-1-5WqAORfu','QR-44e0a7bd-7c29-4f0c-a35a-01d73429242d','qr_codes/events/1/ticket_14.png','avatars/events/1/ticket_14.pdf','2026-01-17 09:05:58','active',NULL,950.00,0.00,0,NULL,NULL,'completed',NULL,NULL,NULL,NULL,0,'pending','digital',NULL,NULL,NULL,NULL,NULL,NULL,NULL,NULL,'2026-01-17 08:49:52','2026-01-28 10:23:11',NULL),(15,1,16,1,'TKT-1-NtwNePLP','QR-28b7d6ba-0b83-4323-a313-35ddbdbd58f7','qr_codes/events/1/ticket_15.png','avatars/events/1/ticket_15.pdf','2026-01-17 08:51:49','active',NULL,950.00,0.00,0,NULL,NULL,'completed',NULL,NULL,NULL,NULL,0,'pending','digital',NULL,NULL,NULL,NULL,NULL,NULL,NULL,NULL,'2026-01-17 08:50:14','2026-01-28 10:23:25',NULL),(16,4,17,8,'TKT-4-00001','QR-49c8d41c-0c17-4e72-bdf5-1c2c399e9078','qr_codes/events/4/ticket_16.png','avatars/events/4/ticket_16.pdf','2026-01-19 10:47:46','active','free',0.00,0.00,0,NULL,NULL,'completed',NULL,NULL,'email','email',0,'pending','digital',NULL,'2026-01-19 10:46:57',NULL,NULL,NULL,NULL,NULL,NULL,'2026-01-19 10:46:57','2026-01-19 10:47:46',NULL),(17,2,18,2,'TKT-2-00001','QR-119eda2b-f4dc-4099-bbe1-8b6dda0ea1fd',NULL,NULL,NULL,'pending','mpesa',150.00,0.00,0,NULL,NULL,'pending',NULL,NULL,'email','both',1,'pending','digital',NULL,NULL,NULL,NULL,NULL,NULL,NULL,NULL,'2026-01-19 12:12:24','2026-01-19 12:12:24',NULL),(18,2,19,3,'TKT-2-00002','QR-1b731dee-fdb4-4f29-8d63-a28c906301a3',NULL,NULL,NULL,'pending','cash',250.00,0.00,0,NULL,NULL,'pending',NULL,NULL,'email','both',1,'pending','digital',NULL,NULL,NULL,NULL,NULL,NULL,NULL,NULL,'2026-01-20 12:32:39','2026-01-20 12:32:39',NULL),(19,4,20,8,'TKT-4-00002','QR-5aa88ffa-a702-43a6-88de-9346d6a6104e','qr_codes/events/4/ticket_19.png','avatars/events/4/ticket_19.pdf','2026-01-20 16:38:37','active','free',0.00,0.00,0,NULL,NULL,'completed',NULL,NULL,'email','both',1,'pending','digital',NULL,'2026-01-20 16:36:08',NULL,NULL,NULL,NULL,NULL,NULL,'2026-01-20 16:36:08','2026-01-20 16:38:37',NULL),(20,4,21,8,'TKT-4-00003','QR-c823ca34-28de-4dda-a553-f5650a2625b3','qr_codes/events/4/ticket_20.png','avatars/events/4/ticket_20.pdf','2026-01-21 08:12:18','active','free',0.00,0.00,0,NULL,NULL,'completed',NULL,NULL,'email','both',1,'pending','digital',NULL,'2026-01-20 18:47:17',NULL,NULL,NULL,NULL,NULL,NULL,'2026-01-20 18:47:17','2026-01-21 08:12:18',NULL),(21,1,22,1,'TKT-1-cLCuJwFb','QR-82a546d8-1933-45e7-a7c2-1de0d22126d9','qr_codes/events/1/ticket_21.png','avatars/events/1/ticket_21.pdf','2026-01-21 08:11:32','active',NULL,950.00,0.00,0,NULL,NULL,'completed',NULL,NULL,NULL,NULL,0,'pending','digital',NULL,NULL,NULL,NULL,NULL,NULL,NULL,NULL,'2026-01-21 08:11:14','2026-01-28 10:23:42',NULL),(22,4,23,6,'TKT-4-00004','QR-3d1edecd-c433-432f-9afb-fd7d8f8fc678',NULL,NULL,NULL,'pending','cash',10.00,0.00,0,NULL,NULL,'pending',NULL,NULL,'email','both',1,'pending','digital',NULL,NULL,NULL,NULL,NULL,NULL,NULL,NULL,'2026-01-21 13:09:24','2026-01-21 13:09:24',NULL),(23,4,23,8,'TKT-4-00005','QR-ec68598d-f5a5-4ecf-8729-e09f04b89e05','qr_codes/events/4/ticket_23.png','avatars/events/4/ticket_23.pdf','2026-01-21 13:10:09','active','free',0.00,0.00,0,NULL,NULL,'completed',NULL,NULL,'email','both',1,'pending','digital',NULL,'2026-01-21 13:10:01',NULL,NULL,NULL,NULL,NULL,NULL,'2026-01-21 13:10:01','2026-01-21 13:10:09',NULL),(24,6,24,10,'TKT-6-00001','QR-71e8911e-71b8-4add-b868-c0914f615bf0',NULL,NULL,NULL,'pending','cash',1300.00,0.00,0,NULL,NULL,'pending',NULL,NULL,'email','both',1,'pending','digital',NULL,NULL,NULL,NULL,NULL,NULL,NULL,NULL,'2026-01-21 14:27:46','2026-01-21 14:27:46',NULL),(25,6,24,10,'TKT-6-dXqmKoWV','QR-f7899981-e8e2-499f-b6dc-76f7870bb23c',NULL,NULL,NULL,'pending','mpesa',1300.00,0.00,0,NULL,NULL,'pending',NULL,NULL,'email','email',0,'pending','digital',NULL,NULL,NULL,NULL,NULL,NULL,NULL,NULL,'2026-01-21 18:51:25','2026-01-21 18:51:25',NULL),(26,1,25,1,'TKT-1-opgrKOfw','QR-85a54938-20e6-4de2-8573-d4a5a9652c7a','qr_codes/events/1/ticket_26.png','avatars/events/1/ticket_26.pdf','2026-01-22 12:42:20','active',NULL,950.00,0.00,0,NULL,NULL,'completed',NULL,NULL,NULL,NULL,0,'pending','digital',NULL,NULL,NULL,NULL,NULL,NULL,NULL,NULL,'2026-01-22 12:42:08','2026-01-28 10:24:07',NULL),(27,1,26,1,'TKT-1-NO1HrOjf','QR-8d4e7a8b-8b3a-4260-bedc-ab75b96e7da7','qr_codes/events/1/ticket_27.png','avatars/events/1/ticket_27.pdf','2026-01-23 06:26:30','active',NULL,950.00,0.00,0,NULL,NULL,'completed',NULL,NULL,NULL,NULL,0,'pending','digital',NULL,NULL,NULL,NULL,NULL,NULL,NULL,NULL,'2026-01-23 06:26:20','2026-01-28 10:24:25',NULL),(28,5,27,9,'TKT-5-4mKpQtMX','QR-f4d1ccd5-8aa5-4580-bc1e-1a75272a2ac7',NULL,NULL,NULL,'pending','mpesa',150.00,0.00,0,NULL,NULL,'completed',NULL,NULL,'email','both',1,'pending','digital',NULL,NULL,NULL,NULL,NULL,NULL,NULL,NULL,'2026-01-24 06:51:28','2026-01-28 10:24:52',NULL),(29,2,28,2,'TKT-2-EuZJpXJN','QR-f611d7a6-567c-4722-9740-0ddce854cbfd',NULL,NULL,NULL,'pending','mpesa',150.00,0.00,0,NULL,NULL,'completed',NULL,NULL,'email','both',1,'pending','digital',NULL,NULL,NULL,NULL,NULL,NULL,NULL,NULL,'2026-01-24 08:51:50','2026-01-28 10:24:39',NULL),(30,6,24,10,'TKT-6-JlYSIBuU','QR-e7518f4d-bb5c-4db5-82e7-73a2e1c00b80',NULL,NULL,NULL,'pending','mpesa',1300.00,0.00,0,NULL,NULL,'partial',NULL,NULL,'email','both',1,'pending','digital',NULL,NULL,NULL,NULL,NULL,NULL,NULL,NULL,'2026-01-27 16:33:29','2026-01-27 16:33:29',NULL),(31,6,24,10,'TKT-6-UeiFvReu','QR-ea44366f-b77a-438d-a1c0-7bc877fa47e5',NULL,NULL,NULL,'active','mpesa',1300.00,0.00,0,NULL,NULL,'completed',NULL,NULL,'email','both',1,'pending','digital',NULL,NULL,NULL,NULL,NULL,NULL,NULL,NULL,'2026-01-27 16:37:05','2026-02-05 14:17:52',NULL),(32,6,29,10,'TKT-6-azdYr2Jl','QR-3fe8f540-e0dd-403e-a73c-3ad4f93a9122',NULL,NULL,NULL,'pending','mpesa',1300.00,390.00,0,NULL,NULL,'partial',NULL,NULL,'email','both',1,'pending','digital',NULL,NULL,NULL,NULL,NULL,NULL,NULL,NULL,'2026-01-27 19:09:24','2026-01-27 19:27:28',NULL),(33,6,29,10,'TKT-6-Lzkk0QTk','QR-23e9831b-b8dc-43ac-83ec-93c9a8887d63',NULL,NULL,NULL,'active','mpesa',1300.00,1300.00,0,NULL,NULL,'pending',NULL,'Lizzy','email','both',1,'pending','digital',NULL,NULL,NULL,NULL,NULL,NULL,NULL,NULL,'2026-01-27 19:32:22','2026-02-05 14:14:58',NULL),(34,4,30,6,'TKT-4-NVPhng2T','QR-e0b04796-3ab9-4238-a73e-e7c6d76111d0','qr_codes/events/4/ticket_34.png','avatars/events/4/ticket_34.pdf','2026-01-28 08:36:43','active','mpesa',10.00,0.00,0,NULL,NULL,'completed',NULL,NULL,'whatsapp','email',0,'pending','digital',NULL,NULL,NULL,NULL,NULL,NULL,NULL,NULL,'2026-01-28 08:36:10','2026-01-28 08:36:43',NULL),(35,2,31,2,'TKT-2-3O7cJCwN','QR-2c539bc2-fad8-449e-ae70-9ae87b3943de','qr_codes/events/2/ticket_35.png','avatars/events/2/ticket_35.pdf','2026-01-28 09:57:07','active',NULL,150.00,0.00,0,NULL,NULL,'completed',NULL,NULL,NULL,NULL,0,'pending','digital',NULL,NULL,NULL,NULL,NULL,NULL,NULL,NULL,'2026-01-28 09:56:07','2026-01-28 09:57:07',NULL),(36,2,32,2,'TKT-2-8YoRUxAZ','QR-f8e8389d-2729-4800-ba9e-f3132e81f5fd','qr_codes/events/2/ticket_36.png','avatars/events/2/ticket_36.pdf','2026-01-28 09:58:21','active',NULL,150.00,0.00,0,NULL,NULL,'completed',NULL,NULL,NULL,NULL,0,'pending','digital',NULL,NULL,NULL,NULL,NULL,NULL,NULL,NULL,'2026-01-28 09:56:33','2026-01-28 09:58:21',NULL),(37,2,33,2,'TKT-2-rF9Uo7wX','QR-0278dbfd-b077-4413-81a2-ce6d389017f5','qr_codes/events/2/ticket_37.png','avatars/events/2/ticket_37.pdf','2026-01-29 16:11:31','active','mpesa',150.00,0.00,0,NULL,NULL,'completed',NULL,'Transact ID 01CIAXXRAVDK Confirmed. M150.00 sent to 26659650001 - THANDIWE RWANQA o','email','both',1,'pending','digital',NULL,NULL,NULL,NULL,NULL,NULL,NULL,NULL,'2026-01-28 10:31:44','2026-01-29 16:11:31',NULL),(38,2,34,2,'TKT-2-FsH1ZGDe','QR-afd506cb-c034-4ace-8b5a-f71500a09357',NULL,NULL,NULL,'pending','mpesa',150.00,0.00,0,NULL,NULL,'pending',NULL,NULL,'email','both',1,'pending','digital',NULL,NULL,NULL,NULL,NULL,NULL,NULL,NULL,'2026-01-28 10:38:17','2026-01-28 10:38:17',NULL),(39,2,35,2,'TKT-2-UZ5T8zBv','QR-42747b42-c681-4fa5-adfe-2a993d2c368a',NULL,NULL,NULL,'pending','mpesa',150.00,0.00,0,NULL,NULL,'pending',NULL,NULL,'email','email',0,'pending','digital',NULL,NULL,NULL,NULL,NULL,NULL,NULL,NULL,'2026-01-28 14:33:05','2026-01-28 14:33:05',NULL),(40,2,34,2,'TKT-2-4ZF8TFGH','QR-0e8ff5c5-0912-41c7-8573-22498ed16227',NULL,NULL,NULL,'pending','mpesa',150.00,0.00,0,NULL,NULL,'pending',NULL,NULL,'email','both',1,'pending','digital',NULL,NULL,NULL,NULL,NULL,NULL,NULL,NULL,'2026-01-28 14:53:34','2026-01-28 14:53:34',NULL),(41,2,36,2,'TKT-2-CiiecnS9','QR-c405340e-c3e7-496e-8ee8-458873a785cf',NULL,NULL,NULL,'pending','mpesa',150.00,0.00,0,NULL,NULL,'pending',NULL,NULL,'email','both',1,'pending','digital',NULL,NULL,NULL,NULL,NULL,NULL,NULL,NULL,'2026-01-28 16:47:12','2026-01-28 16:47:12',NULL),(42,2,36,2,'TKT-2-vdoMgbmw','QR-eff1a985-2338-46ad-8782-cd121754f090',NULL,NULL,NULL,'pending','mpesa',150.00,0.00,0,NULL,NULL,'pending',NULL,'00W3G971JA8K','email','email',1,'pending','digital',NULL,NULL,NULL,NULL,NULL,NULL,NULL,NULL,'2026-01-28 17:50:59','2026-01-28 17:50:59',NULL),(43,2,37,2,'TKT-2-QHno658q','QR-2d3bbc18-16ad-47a8-b09b-26ffb469eb4f','qr_codes/events/2/ticket_43.png','avatars/events/2/ticket_43.pdf','2026-01-29 13:22:21','active',NULL,0.00,0.00,1,6,'Bulk import - complimentary tickets','completed','2026-01-28 22:11:13',NULL,NULL,'email',0,'pending','digital',NULL,NULL,NULL,NULL,NULL,NULL,NULL,6,'2026-01-28 22:11:13','2026-01-29 13:22:21',NULL),(44,2,38,2,'TKT-2-7bEHI0ZS','QR-eb77e829-58b3-4597-bf53-e00aaf311ede','qr_codes/events/2/ticket_44.png','avatars/events/2/ticket_44.pdf','2026-01-29 13:24:23','active',NULL,0.00,0.00,1,6,'Bulk import - complimentary tickets','completed','2026-01-28 22:11:14',NULL,NULL,'email',0,'pending','digital',NULL,NULL,NULL,NULL,NULL,NULL,NULL,6,'2026-01-28 22:11:14','2026-01-29 13:24:23',NULL),(45,2,39,2,'TKT-2-gJWwBhfv','QR-e00882e2-3aaf-4b75-8e37-b050586d8225','qr_codes/events/2/ticket_45.png','avatars/events/2/ticket_45.pdf','2026-01-29 13:24:59','active',NULL,0.00,0.00,1,6,'Bulk import - complimentary tickets','completed','2026-01-28 22:11:15',NULL,NULL,'email',0,'pending','digital',NULL,NULL,NULL,NULL,NULL,NULL,NULL,6,'2026-01-28 22:11:15','2026-01-29 13:24:59',NULL),(46,2,40,2,'TKT-2-rAzdvRJz','QR-d057f6fc-c993-470e-bee4-3023b62456b7','qr_codes/events/2/ticket_46.png','avatars/events/2/ticket_46.pdf','2026-01-29 13:25:31','active',NULL,0.00,0.00,1,6,'Bulk import - complimentary tickets','completed','2026-01-28 22:11:16',NULL,NULL,'email',0,'pending','digital',NULL,NULL,NULL,NULL,NULL,NULL,NULL,6,'2026-01-28 22:11:16','2026-01-29 13:25:31',NULL),(47,2,41,2,'TKT-2-i1HY7o5g','QR-88a9c1c2-c570-45c8-844b-412acaf00e13','qr_codes/events/2/ticket_47.png','avatars/events/2/ticket_47.pdf','2026-01-29 13:26:24','active',NULL,0.00,0.00,1,6,'Bulk import - complimentary tickets','completed','2026-01-28 22:11:17',NULL,NULL,'email',0,'pending','digital',NULL,NULL,NULL,NULL,NULL,NULL,NULL,6,'2026-01-28 22:11:17','2026-01-29 13:26:24',NULL),(48,2,42,2,'TKT-2-4I2hnC1P','QR-aaac2874-4658-4d55-9a91-19abdee5ad08','qr_codes/events/2/ticket_48.png','avatars/events/2/ticket_48.pdf','2026-01-29 13:26:50','active',NULL,0.00,0.00,1,6,'Bulk import - complimentary tickets','completed','2026-01-28 22:11:18',NULL,NULL,'email',0,'pending','digital',NULL,NULL,NULL,NULL,NULL,NULL,NULL,6,'2026-01-28 22:11:18','2026-01-29 13:26:50',NULL),(49,2,43,2,'TKT-2-mFp1FWzX','QR-7e80492d-dfa0-4238-a42a-d1b92ebcd9dd','qr_codes/events/2/ticket_49.png','avatars/events/2/ticket_49.pdf','2026-01-29 13:27:28','active',NULL,0.00,0.00,1,6,'Bulk import - complimentary tickets','completed','2026-01-28 22:11:19',NULL,NULL,'email',0,'pending','digital',NULL,NULL,NULL,NULL,NULL,NULL,NULL,6,'2026-01-28 22:11:19','2026-01-29 13:27:28',NULL),(50,2,44,2,'TKT-2-stpZCdSb','QR-0ddfe588-8fe0-4228-bf5d-caf03ab38dad','qr_codes/events/2/ticket_50.png','avatars/events/2/ticket_50.pdf','2026-01-29 13:27:58','active',NULL,0.00,0.00,1,6,'Bulk import - complimentary tickets','completed','2026-01-28 22:11:19',NULL,NULL,'email',0,'pending','digital',NULL,NULL,NULL,NULL,NULL,NULL,NULL,6,'2026-01-28 22:11:19','2026-01-29 13:27:58',NULL),(51,2,45,2,'TKT-2-6bod1hVf','QR-e2dcd22c-7701-4b54-b797-f4375312e5fd','qr_codes/events/2/ticket_51.png','avatars/events/2/ticket_51.pdf','2026-01-29 13:28:33','active',NULL,0.00,0.00,1,6,'Bulk import - complimentary tickets','completed','2026-01-28 22:11:20',NULL,NULL,'email',0,'pending','digital',NULL,NULL,NULL,NULL,NULL,NULL,NULL,6,'2026-01-28 22:11:20','2026-01-29 13:28:33',NULL),(52,2,46,2,'TKT-2-Qy8MkTlN','QR-9d9b5cdd-27ca-4dbc-9a5b-5746c28dc62d','qr_codes/events/2/ticket_52.png','avatars/events/2/ticket_52.pdf','2026-01-29 13:29:02','active',NULL,0.00,0.00,1,6,'Bulk import - complimentary tickets','completed','2026-01-28 22:11:21',NULL,NULL,'email',0,'pending','digital',NULL,NULL,NULL,NULL,NULL,NULL,NULL,6,'2026-01-28 22:11:21','2026-01-29 13:29:02',NULL),(53,2,47,2,'TKT-2-aFKcLKPZ','QR-9492297a-1192-4c4a-ac29-97cda6df12c9','qr_codes/events/2/ticket_53.png','avatars/events/2/ticket_53.pdf','2026-01-29 13:29:34','active',NULL,0.00,0.00,1,6,'Bulk import - complimentary tickets','completed','2026-01-28 22:11:22',NULL,NULL,'email',0,'pending','digital',NULL,NULL,NULL,NULL,NULL,NULL,NULL,6,'2026-01-28 22:11:21','2026-01-29 13:29:34',NULL),(54,2,48,2,'TKT-2-TkRhk5ss','QR-b7286ea9-52c4-4d5d-8104-0ad747e0c31e','qr_codes/events/2/ticket_54.png','avatars/events/2/ticket_54.pdf','2026-01-29 13:30:04','active',NULL,0.00,0.00,1,6,'Bulk import - complimentary tickets','completed','2026-01-28 22:11:22',NULL,NULL,'email',0,'pending','digital',NULL,NULL,NULL,NULL,NULL,NULL,NULL,6,'2026-01-28 22:11:22','2026-01-29 13:30:04',NULL),(55,2,49,2,'TKT-2-YuTQjVeG','QR-e98cb15c-3306-4867-bea4-5ef6bf569211','qr_codes/events/2/ticket_55.png','avatars/events/2/ticket_55.pdf','2026-01-29 13:30:46','active',NULL,0.00,0.00,1,6,'Bulk import - complimentary tickets','completed','2026-01-28 22:11:24',NULL,NULL,'email',0,'pending','digital',NULL,NULL,NULL,NULL,NULL,NULL,NULL,6,'2026-01-28 22:11:24','2026-01-29 13:30:46',NULL),(56,2,50,2,'TKT-2-qPwMhYyS','QR-c04cd909-b40c-4600-8059-454c2b3dc834','qr_codes/events/2/ticket_56.png','avatars/events/2/ticket_56.pdf','2026-01-29 13:31:12','active',NULL,0.00,0.00,1,6,'Bulk import - complimentary tickets','completed','2026-01-28 22:11:25',NULL,NULL,'email',0,'pending','digital',NULL,NULL,NULL,NULL,NULL,NULL,NULL,6,'2026-01-28 22:11:25','2026-01-29 13:31:12',NULL),(57,2,51,2,'TKT-2-qsD0fYX5','QR-6e7a9ed4-8d12-4d27-b868-cfeeb5464aab','qr_codes/events/2/ticket_57.png','avatars/events/2/ticket_57.pdf','2026-01-29 13:31:38','active',NULL,0.00,0.00,1,6,'Bulk import - complimentary tickets','completed','2026-01-28 22:11:25',NULL,NULL,'email',0,'pending','digital',NULL,NULL,NULL,NULL,NULL,NULL,NULL,6,'2026-01-28 22:11:25','2026-01-29 13:31:38',NULL),(58,2,52,2,'TKT-2-HKwOSE3i','QR-11c35751-f675-4b7f-bc6b-346f00ef177c','qr_codes/events/2/ticket_58.png','avatars/events/2/ticket_58.pdf','2026-01-29 13:32:12','active',NULL,0.00,0.00,1,6,'Bulk import - complimentary tickets','completed','2026-01-28 22:11:26',NULL,NULL,'email',0,'pending','digital',NULL,NULL,NULL,NULL,NULL,NULL,NULL,6,'2026-01-28 22:11:26','2026-01-29 13:32:12',NULL),(59,2,53,2,'TKT-2-KZF1kETx','QR-27e8d1dc-1ea3-454c-972f-8ed0681a9daf','qr_codes/events/2/ticket_59.png','avatars/events/2/ticket_59.pdf','2026-01-29 13:32:57','active',NULL,0.00,0.00,1,6,'Bulk import - complimentary tickets','completed','2026-01-28 22:11:27',NULL,NULL,'email',0,'pending','digital',NULL,NULL,NULL,NULL,NULL,NULL,NULL,6,'2026-01-28 22:11:27','2026-01-29 13:32:57',NULL),(60,2,54,2,'TKT-2-tmGkOfLA','QR-4dd0e71e-7892-49b3-9f64-dee8fbf38045','qr_codes/events/2/ticket_60.png','avatars/events/2/ticket_60.pdf','2026-01-29 13:33:28','active',NULL,0.00,0.00,1,6,'Bulk import - complimentary tickets','completed','2026-01-28 22:11:28',NULL,NULL,'email',0,'pending','digital',NULL,NULL,NULL,NULL,NULL,NULL,NULL,6,'2026-01-28 22:11:28','2026-01-29 13:33:28',NULL),(61,2,55,2,'TKT-2-FN95mYRh','QR-bb8a9b4f-b2c5-4c78-bab4-fc578070d035','qr_codes/events/2/ticket_61.png','avatars/events/2/ticket_61.pdf','2026-01-29 13:34:03','active',NULL,0.00,0.00,1,6,'Bulk import - complimentary tickets','completed','2026-01-28 22:11:29',NULL,NULL,'email',0,'pending','digital',NULL,NULL,NULL,NULL,NULL,NULL,NULL,6,'2026-01-28 22:11:29','2026-01-29 13:34:03',NULL),(62,2,56,2,'TKT-2-tvvfWDxD','QR-04a72743-746b-4cb7-ba5f-46f4feac8cf8','qr_codes/events/2/ticket_62.png','avatars/events/2/ticket_62.pdf','2026-01-29 13:34:27','active',NULL,0.00,0.00,1,6,'Bulk import - complimentary tickets','completed','2026-01-28 22:11:30',NULL,NULL,'email',0,'pending','digital',NULL,NULL,NULL,NULL,NULL,NULL,NULL,6,'2026-01-28 22:11:30','2026-01-29 13:34:27',NULL),(63,2,57,2,'TKT-2-kUDsLvEr','QR-4293dab8-328d-4fec-917f-94a5d67e81b7','qr_codes/events/2/ticket_63.png','avatars/events/2/ticket_63.pdf','2026-01-29 13:35:05','active',NULL,0.00,0.00,1,6,'Bulk import - complimentary tickets','completed','2026-01-28 22:11:31',NULL,NULL,'email',0,'pending','digital',NULL,NULL,NULL,NULL,NULL,NULL,NULL,6,'2026-01-28 22:11:31','2026-01-29 13:35:05',NULL),(64,2,58,2,'TKT-2-EjTI6f5U','QR-f32d56f3-f96b-4cfb-8c6f-4fb6509a5d06','qr_codes/events/2/ticket_64.png','avatars/events/2/ticket_64.pdf','2026-01-29 13:35:34','active',NULL,0.00,0.00,1,6,'Bulk import - complimentary tickets','completed','2026-01-28 22:11:32',NULL,NULL,'email',0,'pending','digital',NULL,NULL,NULL,NULL,NULL,NULL,NULL,6,'2026-01-28 22:11:32','2026-01-29 13:35:34',NULL),(65,2,59,2,'TKT-2-7RpXqg16','QR-3ba5ce2f-6bdf-4992-960d-a6ef3162e5aa','qr_codes/events/2/ticket_65.png','avatars/events/2/ticket_65.pdf','2026-01-29 13:36:11','active',NULL,0.00,0.00,1,6,'Bulk import - complimentary tickets','completed','2026-01-28 22:11:33',NULL,NULL,'email',0,'pending','digital',NULL,NULL,NULL,NULL,NULL,NULL,NULL,6,'2026-01-28 22:11:33','2026-01-29 13:36:11',NULL),(66,2,60,2,'TKT-2-Wc8TgkqX','QR-45a09c5f-083a-47c8-aaff-184f40560d3d','qr_codes/events/2/ticket_66.png','avatars/events/2/ticket_66.pdf','2026-01-29 13:36:40','active',NULL,0.00,0.00,1,6,'Bulk import - complimentary tickets','completed','2026-01-28 22:11:34',NULL,NULL,'email',0,'pending','digital',NULL,NULL,NULL,NULL,NULL,NULL,NULL,6,'2026-01-28 22:11:34','2026-01-29 13:36:40',NULL),(67,2,61,2,'TKT-2-Xv8KeDOd','QR-06ec9594-d94a-44e2-a59f-553ed8cdcb92','qr_codes/events/2/ticket_67.png','avatars/events/2/ticket_67.pdf','2026-01-29 13:37:05','active',NULL,0.00,0.00,1,6,'Bulk import - complimentary tickets','completed','2026-01-28 22:11:35',NULL,NULL,'email',0,'pending','digital',NULL,NULL,NULL,NULL,NULL,NULL,NULL,6,'2026-01-28 22:11:35','2026-01-29 13:37:05',NULL),(68,2,62,2,'TKT-2-Su5usTBo','QR-6563a0cd-b5ea-4ffc-9315-4c4f7689f19c','qr_codes/events/2/ticket_68.png','avatars/events/2/ticket_68.pdf','2026-01-29 13:37:36','active',NULL,0.00,0.00,1,6,'Bulk import - complimentary tickets','completed','2026-01-28 22:11:35',NULL,NULL,'email',0,'pending','digital',NULL,NULL,NULL,NULL,NULL,NULL,NULL,6,'2026-01-28 22:11:35','2026-01-29 13:37:36',NULL),(69,2,63,2,'TKT-2-5lHTDSNR','QR-9f71e811-d836-47f5-9ae4-358f7fee8e5c','qr_codes/events/2/ticket_69.png','avatars/events/2/ticket_69.pdf','2026-01-29 13:37:59','active',NULL,0.00,0.00,1,6,'Bulk import - complimentary tickets','completed','2026-01-28 22:11:36',NULL,NULL,'email',0,'pending','digital',NULL,NULL,NULL,NULL,NULL,NULL,NULL,6,'2026-01-28 22:11:36','2026-01-29 13:37:59',NULL),(70,2,64,2,'TKT-2-eKRzc9lT','QR-2207aeab-ddda-40b8-a90b-30e34d3935a0','qr_codes/events/2/ticket_70.png','avatars/events/2/ticket_70.pdf','2026-01-29 13:38:25','active',NULL,0.00,0.00,1,6,'Bulk import - complimentary tickets','completed','2026-01-28 22:11:37',NULL,NULL,'email',0,'pending','digital',NULL,NULL,NULL,NULL,NULL,NULL,NULL,6,'2026-01-28 22:11:37','2026-01-29 13:38:25',NULL),(71,2,65,2,'TKT-2-6uCuVuEj','QR-104df71d-7dda-4bca-9412-0e7d06d60ab1','qr_codes/events/2/ticket_71.png','avatars/events/2/ticket_71.pdf','2026-01-29 13:38:48','active',NULL,0.00,0.00,1,6,'Bulk import - complimentary tickets','completed','2026-01-28 22:11:38',NULL,NULL,'email',0,'pending','digital',NULL,NULL,NULL,NULL,NULL,NULL,NULL,6,'2026-01-28 22:11:38','2026-01-29 13:38:48',NULL),(72,2,66,2,'TKT-2-oLeXAwcI','QR-1124a9d7-829d-495e-baf7-3ee7e77e88d6','qr_codes/events/2/ticket_72.png','avatars/events/2/ticket_72.pdf','2026-01-29 13:39:11','active',NULL,0.00,0.00,1,6,'Bulk import - complimentary tickets','completed','2026-01-28 22:11:39',NULL,NULL,'email',0,'pending','digital',NULL,NULL,NULL,NULL,NULL,NULL,NULL,6,'2026-01-28 22:11:39','2026-01-29 13:39:11',NULL),(73,2,67,2,'TKT-2-kKyz7l1C','QR-c20245a6-8843-4bf2-99cd-0c2214e44022','qr_codes/events/2/ticket_73.png','avatars/events/2/ticket_73.pdf','2026-01-29 13:39:37','active',NULL,0.00,0.00,1,6,'Bulk import - complimentary tickets','completed','2026-01-28 22:11:40',NULL,NULL,'email',0,'pending','digital',NULL,NULL,NULL,NULL,NULL,NULL,NULL,6,'2026-01-28 22:11:40','2026-01-29 13:39:37',NULL),(74,2,68,2,'TKT-2-2bC564RS','QR-bd01115f-cac2-402e-9843-93513f89b82a','qr_codes/events/2/ticket_74.png','avatars/events/2/ticket_74.pdf','2026-01-29 13:40:02','active',NULL,0.00,0.00,1,6,'Bulk import - complimentary tickets','completed','2026-01-28 22:11:40',NULL,NULL,'email',0,'pending','digital',NULL,NULL,NULL,NULL,NULL,NULL,NULL,6,'2026-01-28 22:11:40','2026-01-29 13:40:02',NULL),(75,2,69,2,'TKT-2-ExN6373h','QR-2d61b049-f74f-4b65-90a3-0a605e81d675','qr_codes/events/2/ticket_75.png','avatars/events/2/ticket_75.pdf','2026-01-29 13:40:28','active',NULL,0.00,0.00,1,6,'Bulk import - complimentary tickets','completed','2026-01-28 22:11:41',NULL,NULL,'email',0,'pending','digital',NULL,NULL,NULL,NULL,NULL,NULL,NULL,6,'2026-01-28 22:11:41','2026-01-29 13:40:28',NULL),(76,2,70,2,'TKT-2-EQyyDU0H','QR-e94e5317-cd9c-45b2-9ee9-5e9445844199','qr_codes/events/2/ticket_76.png','avatars/events/2/ticket_76.pdf','2026-01-29 13:40:57','active',NULL,0.00,0.00,1,6,'Bulk import - complimentary tickets','completed','2026-01-28 22:11:42',NULL,NULL,'email',0,'pending','digital',NULL,NULL,NULL,NULL,NULL,NULL,NULL,6,'2026-01-28 22:11:42','2026-01-29 13:40:57',NULL),(77,2,71,2,'TKT-2-j1cr5ldb','QR-1a880f98-446e-4192-98c5-f870c11ca30d','qr_codes/events/2/ticket_77.png','avatars/events/2/ticket_77.pdf','2026-01-29 13:41:30','active',NULL,0.00,0.00,1,6,'Bulk import - complimentary tickets','completed','2026-01-28 22:11:42',NULL,NULL,'email',0,'pending','digital',NULL,NULL,NULL,NULL,NULL,NULL,NULL,6,'2026-01-28 22:11:42','2026-01-29 13:41:30',NULL),(78,2,72,3,'TKT-2-XwDYJ0c2','QR-a042bffb-9749-4113-9131-c7ee7268fc3e',NULL,NULL,NULL,'pending','cash',250.00,0.00,0,NULL,NULL,'pending',NULL,NULL,'email','both',1,'pending','digital',NULL,NULL,NULL,NULL,NULL,NULL,NULL,NULL,'2026-01-29 09:06:48','2026-01-29 09:06:48',NULL),(79,2,73,2,'TKT-2-nxAAyjRs','QR-4f1b9515-603a-439e-860f-e54518e32615',NULL,NULL,NULL,'pending','ecocash',150.00,0.00,0,NULL,NULL,'pending',NULL,NULL,'email','email',0,'pending','digital',NULL,NULL,NULL,NULL,NULL,NULL,NULL,NULL,'2026-01-29 16:10:28','2026-01-29 16:10:28',NULL),(80,2,73,2,'TKT-2-WWzfHRkr','QR-0a73f668-79b0-4072-b883-90fa166a6295','qr_codes/events/2/ticket_80.png','avatars/events/2/ticket_80.pdf','2026-01-29 21:11:47','active','ecocash',150.00,0.00,0,NULL,NULL,'completed',NULL,'EcoCash: Transfer Confirmation.M152 to THANDIWE RWANQA. Wallet balance: M 115.96.Pay bills from the comfort of your home or office with EcoCash','email','email',0,'failed','digital',NULL,NULL,NULL,NULL,'[{\"method\": \"email\", \"reason\": \"Approved notification: Failed to authenticate on SMTP server with username \\\"noreply@ventiq.co.ls\\\" using the following authenticators: \\\"LOGIN\\\", \\\"PLAIN\\\". Authenticator \\\"LOGIN\\\" returned \\\"Expected response code \\\"235\\\" but got code \\\"535\\\", with message \\\"535 Incorrect authentication data\\\".\\\". Authenticator \\\"PLAIN\\\" returned \\\"Expected response code \\\"235\\\" but got code \\\"535\\\", with message \\\"535 Incorrect authentication data\\\".\\\".\", \"status\": \"failed\", \"timestamp\": \"2026-01-29T21:11:47+00:00\"}, {\"method\": \"email\", \"reason\": \"Approved email job failed after 3 attempts: Failed to authenticate on SMTP server with username \\\"noreply@ventiq.co.ls\\\" using the following authenticators: \\\"LOGIN\\\", \\\"PLAIN\\\". Authenticator \\\"LOGIN\\\" returned \\\"Expected response code \\\"235\\\" but got co\", \"status\": \"failed\", \"timestamp\": \"2026-01-29T21:11:47+00:00\"}]',NULL,NULL,NULL,'2026-01-29 16:41:33','2026-01-29 21:11:47',NULL),(81,2,73,2,'TKT-2-MGtVu7Yp','QR-0760f69d-c0f4-44d0-87e2-77d9f530228f','qr_codes/events/2/ticket_81.png','avatars/events/2/ticket_81.pdf','2026-01-29 21:12:18','active','ecocash',150.00,0.00,0,NULL,NULL,'completed',NULL,'EcoCash: Transfer Confirmation.M152 to THANDIWE RWANQA. Wallet balance: M 115.96.Pay bills from the comfort of your home or office with EcoCash','email','email',0,'failed','digital',NULL,NULL,NULL,NULL,'[{\"method\": \"email\", \"reason\": \"Approved notification: Failed to authenticate on SMTP server with username \\\"noreply@ventiq.co.ls\\\" using the following authenticators: \\\"LOGIN\\\", \\\"PLAIN\\\". Authenticator \\\"LOGIN\\\" returned \\\"Expected response code \\\"235\\\" but got code \\\"535\\\", with message \\\"535 Incorrect authentication data\\\".\\\". Authenticator \\\"PLAIN\\\" returned \\\"Expected response code \\\"235\\\" but got code \\\"535\\\", with message \\\"535 Incorrect authentication data\\\".\\\".\", \"status\": \"failed\", \"timestamp\": \"2026-01-29T21:12:13+00:00\"}, {\"method\": \"email\", \"reason\": \"Approved email job failed after 3 attempts: Failed to authenticate on SMTP server with username \\\"noreply@ventiq.co.ls\\\" using the following authenticators: \\\"LOGIN\\\", \\\"PLAIN\\\". Authenticator \\\"LOGIN\\\" returned \\\"Expected response code \\\"235\\\" but got co\", \"status\": \"failed\", \"timestamp\": \"2026-01-29T21:12:13+00:00\"}]',NULL,NULL,NULL,'2026-01-29 16:42:45','2026-01-29 21:12:18',NULL),(82,2,73,2,'TKT-2-d4c1edlA','QR-291e53db-e7c2-4f9f-9622-2c14091f1065',NULL,NULL,NULL,'pending','ecocash',150.00,0.00,0,NULL,NULL,'pending',NULL,'EcoCash: Transfer Confirmation.M152 to THANDIWE RWANQA. Wallet balance: M 115.96.Pay bills from the comfort of your home or office with EcoCash','email','email',0,'pending','digital',NULL,NULL,NULL,NULL,NULL,NULL,NULL,NULL,'2026-01-29 16:44:39','2026-01-29 16:44:39',NULL),(83,2,74,2,'TKT-2-YAikSAh8','QR-343b41ac-6f5f-4d4b-9007-43166976d460','qr_codes/events/2/ticket_83.png','avatars/events/2/ticket_83.pdf','2026-01-29 21:12:51','checked_in','mpesa',150.00,0.00,0,NULL,NULL,'completed',NULL,'008D4R48OOQA','whatsapp','both',1,'pending','digital',NULL,NULL,NULL,NULL,NULL,'2026-01-30 19:33:56',6,NULL,'2026-01-29 17:04:12','2026-01-30 19:35:29',NULL),(84,2,75,2,'TKT-2-rOclse9f','QR-b3a9bbe4-46eb-4bb0-9bd0-74bcf380f0da','qr_codes/events/2/ticket_84.png','avatars/events/2/ticket_84.pdf','2026-01-29 21:10:29','active',NULL,150.00,0.00,0,NULL,NULL,'completed',NULL,NULL,NULL,NULL,0,'pending','digital',NULL,NULL,NULL,NULL,NULL,NULL,NULL,NULL,'2026-01-29 21:10:02','2026-01-29 21:10:29',NULL),(85,2,76,2,'TKT-2-RraLyZYu','QR-2b74400f-dbd3-4206-9e14-c4815a8561ac','qr_codes/events/2/ticket_85.png','avatars/events/2/ticket_85.pdf','2026-01-30 07:12:25','active',NULL,150.00,0.00,0,NULL,NULL,'pending',NULL,NULL,NULL,NULL,0,'pending','digital',NULL,NULL,NULL,NULL,NULL,NULL,NULL,NULL,'2026-01-30 06:26:19','2026-01-30 07:12:25',NULL),(86,2,77,2,'TKT-2-KH2HCo93','QR-c5feb7de-6006-4fef-ad90-f2b414ff9cd6','qr_codes/events/2/ticket_86.png','avatars/events/2/ticket_86.pdf','2026-01-30 07:12:42','active',NULL,150.00,0.00,0,NULL,NULL,'pending',NULL,NULL,NULL,NULL,0,'pending','digital',NULL,NULL,NULL,NULL,NULL,NULL,NULL,NULL,'2026-01-30 06:26:41','2026-01-30 07:12:42',NULL),(87,2,78,2,'TKT-2-BBgGyQat','QR-544d1205-7776-4879-ab9c-c953b07e5330','qr_codes/events/2/ticket_87.png','avatars/events/2/ticket_87.pdf','2026-01-30 07:13:02','active',NULL,150.00,0.00,0,NULL,NULL,'pending',NULL,NULL,NULL,NULL,0,'pending','digital',NULL,NULL,NULL,NULL,NULL,NULL,NULL,NULL,'2026-01-30 06:27:03','2026-01-30 07:13:02',NULL),(88,2,80,2,'TKT-2-FQmvDjRb','QR-5310f922-c2c3-4df1-bf8d-e96c22cb5dc7','qr_codes/events/2/ticket_88.png','avatars/events/2/ticket_88.pdf','2026-01-30 07:15:32','active',NULL,0.00,0.00,1,6,'Admin Issued','completed','2026-01-30 07:15:20',NULL,NULL,'both',1,'pending','digital',NULL,NULL,NULL,NULL,NULL,NULL,NULL,6,'2026-01-30 07:15:20','2026-01-30 07:15:32',NULL),(89,2,81,2,'TKT-2-qDwsxEz8','QR-ca523155-fe15-4352-bb8c-723def707f44','qr_codes/events/2/ticket_89.png','avatars/events/2/ticket_89.pdf','2026-01-30 08:11:01','checked_in',NULL,0.00,0.00,1,6,'Admin Issued','completed','2026-01-30 08:10:55',NULL,NULL,'both',1,'pending','digital',NULL,NULL,NULL,NULL,NULL,'2026-01-30 08:11:37',6,6,'2026-01-30 08:10:55','2026-01-30 19:35:29',NULL),(92,1,82,1,'TKT-1-f1PLSDT7','QR-9589e92e-699e-4ed7-9850-1984ccc88d4b','qr_codes/events/1/ticket_92.png','avatars/events/1/ticket_92.pdf','2026-02-03 18:35:15','active',NULL,0.00,0.00,1,8,'Admin Issued','completed','2026-02-03 18:31:17',NULL,NULL,'both',1,'pending','digital',NULL,NULL,NULL,NULL,NULL,NULL,NULL,8,'2026-02-03 18:31:17','2026-02-03 18:35:15',NULL),(93,1,83,1,'TKT-1-8kjRkKxV','QR-c9c57111-4253-46fc-9806-0fc359737aab','qr_codes/events/1/ticket_93.png','avatars/events/1/ticket_93.pdf','2026-02-03 18:35:49','active',NULL,0.00,0.00,1,8,'Admin Issued','completed','2026-02-03 18:31:46',NULL,NULL,'both',1,'pending','digital',NULL,NULL,NULL,NULL,NULL,NULL,NULL,8,'2026-02-03 18:31:46','2026-02-03 18:35:49',NULL),(94,1,84,1,'TKT-1-KLazog36','QR-4bf86781-6560-42e1-af39-a4bab70995c0','qr_codes/events/1/ticket_94.png','avatars/events/1/ticket_94.pdf','2026-02-03 18:36:13','active',NULL,0.00,0.00,1,8,'Admin Issued','completed','2026-02-03 18:32:07',NULL,NULL,'both',1,'pending','digital',NULL,NULL,NULL,NULL,NULL,NULL,NULL,8,'2026-02-03 18:32:07','2026-02-03 18:36:13',NULL),(95,1,85,1,'TKT-1-VfkVTvCP','QR-54b2d7bb-bd51-4d97-a60d-6bf9f00977ff','qr_codes/events/1/ticket_95.png','avatars/events/1/ticket_95.pdf','2026-02-03 18:36:45','active',NULL,0.00,0.00,1,8,'Admin Issued','completed','2026-02-03 18:32:28',NULL,NULL,'both',1,'pending','digital',NULL,NULL,NULL,NULL,NULL,NULL,NULL,8,'2026-02-03 18:32:28','2026-02-03 18:36:45',NULL),(96,1,86,1,'TKT-1-gq9NCkwn','QR-c5cc3a91-a923-4536-a07a-eb27036e8d3d','qr_codes/events/1/ticket_96.png','avatars/events/1/ticket_96.pdf','2026-02-03 18:37:10','active',NULL,0.00,0.00,1,8,'Admin Issued','completed','2026-02-03 18:32:52',NULL,NULL,'both',1,'pending','digital',NULL,NULL,NULL,NULL,NULL,NULL,NULL,8,'2026-02-03 18:32:52','2026-02-03 18:37:10',NULL),(97,1,87,1,'TKT-1-lSVKM0tQ','QR-7d65252a-d307-4d21-b2c6-8725367500ef','qr_codes/events/1/ticket_97.png','avatars/events/1/ticket_97.pdf','2026-02-03 18:37:43','active',NULL,0.00,0.00,1,8,'Admin Issued','completed','2026-02-03 18:33:12',NULL,NULL,'both',1,'pending','digital',NULL,NULL,NULL,NULL,NULL,NULL,NULL,8,'2026-02-03 18:33:12','2026-02-03 18:37:43',NULL),(98,1,88,1,'TKT-1-mR6qzlv7','QR-abed6660-f302-49d9-a0b3-ca4e4fac92a1','qr_codes/events/1/ticket_98.png','avatars/events/1/ticket_98.pdf','2026-02-03 18:38:05','active',NULL,0.00,0.00,1,8,'Admin Issued','completed','2026-02-03 18:33:32',NULL,NULL,'both',1,'pending','digital',NULL,NULL,NULL,NULL,NULL,NULL,NULL,8,'2026-02-03 18:33:32','2026-02-03 18:38:05',NULL),(99,1,89,1,'TKT-1-HKz9YUlv','QR-5e29be64-3b34-429c-b2c2-7a287f6694f3','qr_codes/events/1/ticket_99.png','avatars/events/1/ticket_99.pdf','2026-02-03 18:38:27','active',NULL,0.00,0.00,1,8,'Admin Issued','completed','2026-02-03 18:34:01',NULL,NULL,'both',1,'pending','digital',NULL,NULL,NULL,NULL,NULL,NULL,NULL,8,'2026-02-03 18:34:01','2026-02-03 18:38:27',NULL),(100,1,90,1,'TKT-1-pRb7qR2p','QR-373067ea-8fde-4f48-8e2e-4dcb504994b3','qr_codes/events/1/ticket_100.png','avatars/events/1/ticket_100.pdf','2026-02-03 18:39:07','active',NULL,0.00,0.00,1,8,'Admin Issued','completed','2026-02-03 18:34:25',NULL,NULL,'both',1,'pending','digital',NULL,NULL,NULL,NULL,NULL,NULL,NULL,8,'2026-02-03 18:34:25','2026-02-03 18:39:07',NULL),(101,1,91,1,'TKT-1-GbrFuwTN','QR-e4958482-2e95-40dd-a0cd-d22b8433f7a0','qr_codes/events/1/ticket_101.png','avatars/events/1/ticket_101.pdf','2026-02-03 18:39:29','active',NULL,0.00,0.00,1,8,'Admin Issued','completed','2026-02-03 18:34:48',NULL,NULL,'both',1,'pending','digital',NULL,NULL,NULL,NULL,NULL,NULL,NULL,8,'2026-02-03 18:34:48','2026-02-03 18:39:29',NULL),(102,1,92,1,'TKT-1-dtxKFXj3','QR-783f0195-1de6-49b6-9c06-a9a1652ac166','qr_codes/events/1/ticket_102.png','avatars/events/1/ticket_102.pdf','2026-02-03 18:43:43','active',NULL,950.00,0.00,0,NULL,NULL,'pending',NULL,NULL,NULL,NULL,0,'pending','digital',NULL,NULL,NULL,NULL,NULL,NULL,NULL,NULL,'2026-02-03 18:42:31','2026-02-03 18:43:43',NULL),(103,1,93,1,'TKT-1-WUWsEe3g','QR-aa0f88e4-64b4-431c-852c-fbb3b676ec62','qr_codes/events/1/ticket_103.png','avatars/events/1/ticket_103.pdf','2026-02-03 18:44:08','active',NULL,950.00,0.00,0,NULL,NULL,'pending',NULL,NULL,NULL,NULL,0,'pending','digital',NULL,NULL,NULL,NULL,NULL,NULL,NULL,NULL,'2026-02-03 18:43:20','2026-02-03 18:44:08',NULL),(104,1,94,1,'TKT-1-hpd61bdu','QR-8a0b51a0-36c4-44ab-8723-9f9ab774e8fe','qr_codes/events/1/ticket_104.png','avatars/events/1/ticket_104.pdf','2026-02-04 13:21:41','active',NULL,950.00,0.00,0,NULL,NULL,'completed',NULL,NULL,NULL,NULL,0,'pending','digital',NULL,NULL,NULL,NULL,NULL,NULL,NULL,NULL,'2026-02-04 13:21:07','2026-02-04 13:21:41',NULL),(105,6,95,10,'TKT-6-NK9WC7PG','QR-570d898d-9c67-440f-adb7-15bbc50ef855','qr_codes/events/6/ticket_105.png','avatars/events/6/ticket_105.pdf','2026-02-05 14:19:44','active','bank_transfer',1300.00,0.00,0,NULL,NULL,'completed',NULL,'On point FS','email','both',1,'pending','digital',NULL,NULL,NULL,NULL,NULL,NULL,NULL,NULL,'2026-02-05 08:15:00','2026-02-05 14:19:44',NULL),(107,1,97,1,'TKT-1-g6BnqmpI','QR-903470d0-d676-4c15-8fbc-ee054be45682','qr_codes/events/1/ticket_107.png','avatars/events/1/ticket_107.pdf','2026-02-05 17:09:36','active',NULL,950.00,0.00,0,NULL,NULL,'completed',NULL,NULL,NULL,NULL,0,'pending','digital',NULL,NULL,NULL,NULL,NULL,NULL,NULL,NULL,'2026-02-05 17:08:45','2026-02-05 17:09:36',NULL),(108,1,98,1,'TKT-1-1YPTIQwl','QR-80e2ba66-3853-4c5d-9c44-7879f1438652','qr_codes/events/1/ticket_108.png','avatars/events/1/ticket_108.pdf','2026-02-05 17:09:57','active',NULL,950.00,0.00,0,NULL,NULL,'completed',NULL,NULL,NULL,NULL,0,'pending','digital',NULL,NULL,NULL,NULL,NULL,NULL,NULL,NULL,'2026-02-05 17:09:08','2026-02-05 17:09:57',NULL),(109,1,99,1,'TKT-1-WBqbON6O','QR-d8a2f3ca-0545-49e0-8b06-f9eb4c19bc6f','qr_codes/events/1/ticket_109.png','avatars/events/1/ticket_109.pdf','2026-02-05 17:28:49','active',NULL,950.00,0.00,0,NULL,NULL,'completed',NULL,NULL,NULL,NULL,0,'pending','digital',NULL,NULL,NULL,NULL,NULL,NULL,NULL,NULL,'2026-02-05 17:28:31','2026-02-05 17:28:49',NULL),(110,1,100,1,'TKT-1-DzyyBe8V','QR-8902e7c8-0736-465a-a4d1-2b10f5d0cb10','qr_codes/events/1/ticket_110.png','avatars/events/1/ticket_110.pdf','2026-02-06 14:50:28','active',NULL,950.00,0.00,0,NULL,NULL,'completed',NULL,NULL,NULL,NULL,0,'pending','digital',NULL,NULL,NULL,NULL,NULL,NULL,NULL,NULL,'2026-02-06 14:50:07','2026-02-06 14:50:28',NULL),(112,1,102,1,'TKT-1-dkct2YBI','QR-d267b9af-ac23-4f99-8e0f-75bbb1f3d31d','qr_codes/events/1/ticket_112.png','avatars/events/1/ticket_112.pdf','2026-02-16 12:13:37','active',NULL,950.00,0.00,0,NULL,NULL,'completed',NULL,NULL,NULL,NULL,0,'pending','digital',NULL,NULL,NULL,NULL,NULL,NULL,NULL,NULL,'2026-02-16 12:13:13','2026-02-16 12:13:37',NULL),(113,1,101,1,'TKT-1-tZun0gwu','QR-2013eeb1-cf04-4ef3-938a-f54cf84f7c98','qr_codes/events/1/ticket_113.png','avatars/events/1/ticket_113.pdf','2026-02-16 12:24:30','active',NULL,950.00,0.00,0,NULL,NULL,'completed',NULL,NULL,NULL,NULL,0,'pending','digital',NULL,NULL,NULL,NULL,NULL,NULL,NULL,NULL,'2026-02-16 12:24:10','2026-02-16 12:24:30',NULL),(114,1,103,1,'TKT-1-xPp9WZLS','QR-233c51e9-c2a2-426f-ac92-3a15adfd366c','qr_codes/events/1/ticket_114.png','avatars/events/1/ticket_114.pdf','2026-02-16 12:28:06','active',NULL,950.00,0.00,0,NULL,NULL,'completed',NULL,NULL,NULL,NULL,0,'pending','digital',NULL,NULL,NULL,NULL,NULL,NULL,NULL,NULL,'2026-02-16 12:25:22','2026-02-16 12:28:06',NULL),(115,1,104,1,'TKT-1-k4LcfHZp','QR-4c8275e9-bb99-4e01-af02-5f73b78fece3','qr_codes/events/1/ticket_115.png','avatars/events/1/ticket_115.pdf','2026-02-16 12:46:04','active',NULL,950.00,0.00,0,NULL,NULL,'completed',NULL,NULL,NULL,NULL,0,'pending','digital',NULL,NULL,NULL,NULL,NULL,NULL,NULL,NULL,'2026-02-16 12:45:21','2026-02-16 12:46:04',NULL);
/*!40000 ALTER TABLE `tickets` ENABLE KEYS */;
UNLOCK TABLES;

--
-- Table structure for table `tier_templates`
--

DROP TABLE IF EXISTS `tier_templates`;
/*!40101 SET @saved_cs_client     = @@character_set_client */;
/*!50503 SET character_set_client = utf8mb4 */;
CREATE TABLE `tier_templates` (
  `id` bigint unsigned NOT NULL AUTO_INCREMENT,
  `organization_id` bigint unsigned NOT NULL,
  `name` varchar(255) COLLATE utf8mb4_unicode_ci NOT NULL,
  `description` text COLLATE utf8mb4_unicode_ci,
  `tiers_config` json NOT NULL,
  `is_default` tinyint(1) NOT NULL DEFAULT '0',
  `created_at` timestamp NULL DEFAULT NULL,
  `updated_at` timestamp NULL DEFAULT NULL,
  PRIMARY KEY (`id`),
  KEY `tier_templates_organization_id_is_default_index` (`organization_id`,`is_default`),
  CONSTRAINT `tier_templates_organization_id_foreign` FOREIGN KEY (`organization_id`) REFERENCES `organizations` (`id`) ON DELETE CASCADE
) ENGINE=InnoDB DEFAULT CHARSET=utf8mb4 COLLATE=utf8mb4_unicode_ci;
/*!40101 SET character_set_client = @saved_cs_client */;

--
-- Dumping data for table `tier_templates`
--

LOCK TABLES `tier_templates` WRITE;
/*!40000 ALTER TABLE `tier_templates` DISABLE KEYS */;
/*!40000 ALTER TABLE `tier_templates` ENABLE KEYS */;
UNLOCK TABLES;

--
-- Table structure for table `tiers`
--

DROP TABLE IF EXISTS `tiers`;
/*!40101 SET @saved_cs_client     = @@character_set_client */;
/*!50503 SET character_set_client = utf8mb4 */;
CREATE TABLE `tiers` (
  `id` bigint unsigned NOT NULL AUTO_INCREMENT,
  `name` varchar(255) COLLATE utf8mb4_unicode_ci NOT NULL,
  `min_amount` int NOT NULL,
  `max_amount` int DEFAULT NULL,
  `color` varchar(255) COLLATE utf8mb4_unicode_ci NOT NULL,
  `created_at` timestamp NULL DEFAULT NULL,
  `updated_at` timestamp NULL DEFAULT NULL,
  PRIMARY KEY (`id`)
) ENGINE=InnoDB DEFAULT CHARSET=utf8mb4 COLLATE=utf8mb4_unicode_ci;
/*!40101 SET character_set_client = @saved_cs_client */;

--
-- Dumping data for table `tiers`
--

LOCK TABLES `tiers` WRITE;
/*!40000 ALTER TABLE `tiers` DISABLE KEYS */;
/*!40000 ALTER TABLE `tiers` ENABLE KEYS */;
UNLOCK TABLES;

--
-- Table structure for table `users`
--

DROP TABLE IF EXISTS `users`;
/*!40101 SET @saved_cs_client     = @@character_set_client */;
/*!50503 SET character_set_client = utf8mb4 */;
CREATE TABLE `users` (
  `id` bigint unsigned NOT NULL AUTO_INCREMENT,
  `name` varchar(255) COLLATE utf8mb4_unicode_ci NOT NULL,
  `email` varchar(255) COLLATE utf8mb4_unicode_ci NOT NULL,
  `email_verified_at` timestamp NULL DEFAULT NULL,
  `password` varchar(255) COLLATE utf8mb4_unicode_ci NOT NULL,
  `remember_token` varchar(100) COLLATE utf8mb4_unicode_ci DEFAULT NULL,
  `created_at` timestamp NULL DEFAULT NULL,
  `updated_at` timestamp NULL DEFAULT NULL,
  `organization_id` bigint unsigned DEFAULT NULL,
  PRIMARY KEY (`id`),
  UNIQUE KEY `users_email_unique` (`email`),
  KEY `users_organization_id_index` (`organization_id`),
  CONSTRAINT `users_organization_id_foreign` FOREIGN KEY (`organization_id`) REFERENCES `organizations` (`id`) ON DELETE SET NULL
) ENGINE=InnoDB AUTO_INCREMENT=13 DEFAULT CHARSET=utf8mb4 COLLATE=utf8mb4_unicode_ci;
/*!40101 SET character_set_client = @saved_cs_client */;

--
-- Dumping data for table `users`
--

LOCK TABLES `users` WRITE;
/*!40000 ALTER TABLE `users` DISABLE KEYS */;
INSERT INTO `users` VALUES (1,'Admin User','admin@angel-lounge.com','2025-11-06 05:47:32','$2y$12$MCp9X5MHeyeKvWcOPjOrfuDzdbgH.pp8aZO4uvawy6oSIjm51dzve','V89Mi846H2Oq1rtdHLTYEYvRAOZW4yasiNahL2VKGp6wajkLmvF8jwjS0avT','2025-11-06 05:47:32','2025-11-06 05:47:32',NULL),(2,'Test User','test@angel-lounge.com','2025-11-06 05:47:33','$2y$12$AtuyCTPAzaqtUrhUde4XKeyYCJQwF1VKARFRTqQDs6cLc/tf9wCxy',NULL,'2025-11-06 05:47:33','2025-11-06 05:47:33',NULL),(3,'Admin Two','admin2@angel-lounge.com',NULL,'$2y$12$s8f0/vzeIMoH1cF0BXXh.O2Xem3p19cdJYt1eu5J9YrY75ZN7Fdwu','k1OxtH4EmKJSR0wFt7Md6autvp3lcFyIWV6FpvKGcTvHZ5f3RtRBQUXmy4Nw','2025-11-08 11:59:36','2025-11-08 11:59:36',NULL),(4,'Admin Three','admin3@angel-lounge.com',NULL,'$2y$12$EJV8YOQmYqHwXjzc/sBZk.pufKj9OscA0onrxjkIXFJLL2CUEG5ym',NULL,'2025-11-08 12:00:25','2025-11-08 12:00:25',NULL),(5,'System Administrator','admin@system.local',NULL,'$2y$12$esVtLjEFA46aCRZUS6Q/4OpWYGxaZU.8bskNENr7/nYZGyM0V1ejq',NULL,'2026-01-08 20:26:49','2026-01-08 20:26:49',NULL),(6,'org_expo','expo@org.co.ls',NULL,'$2y$12$0oj7l4kt6vKLVgLNYbtyR.phIMM3ZIzACcelHkGMys5n1VlTBVdnS','RfI2xMjj0MCd0P56nkhWJQ1Yq30HjItVMGUIPOYGXmxR0EiBLo0Yx4uJCYfr','2026-01-12 07:56:31','2026-01-12 07:56:31',2),(7,'Mohau','mohau11459@gmail.com',NULL,'$2y$12$ySr8TB..8S/lGsjkJ2u86.Z64j23fO0CZGqOkairqlYfJVcUR/wxW','0xlXMm2UjasInsg9fFiAS9YNR4pAVhD4OHcsiByvQiGK7U27M2ONg5xYvpZw','2026-01-12 09:12:57','2026-01-13 07:17:07',3),(8,'Expression User','expression@ventiq.co.ls',NULL,'$2y$12$hg8ieSdQNDq9mwESp5iMx.JxGJwt/4MZgBBlJGrdpMYyMoy7/9sRe',NULL,'2026-01-17 08:45:44','2026-01-17 08:45:44',1),(9,'Ventiq','support@ventiq.co.ls',NULL,'$2y$12$5JcoSay75.NdgxNzdOaexOTQUVakzCIUtg7uwGrcvmuYK0e0CZzRS',NULL,'2026-01-19 10:29:47','2026-01-19 10:29:47',4),(10,'GoalSetting User','goalsetting@ventiq.co.ls',NULL,'$2y$12$RcsBjpAXRcrGtUpatjcZnOan88Hl2fziEx9mj8zOOGRZKpEAkcksm','sAyqueg0PeiIhlLV4jnbcdBGCk5MvzNH2DKzaf7QZWQk3eHJNBGbqLKa1Tdh','2026-01-21 08:38:18','2026-01-21 08:38:18',5),(11,'E-Legal Solutions Inc.','info@e-legal.solutions',NULL,'$2y$12$IBJ7B/TBnEx690CCXqk5GeSbCe55DuRZY.yRZCVg73j1cZDlFZhxq','LqQsNe25iRvgsWNQGDZfpMGBq7qKapzAoXHDywH749BdE2NgVQ6JcOVIMveq','2026-01-21 14:08:00','2026-01-21 14:08:00',6);
/*!40000 ALTER TABLE `users` ENABLE KEYS */;
UNLOCK TABLES;
/*!40103 SET TIME_ZONE=@OLD_TIME_ZONE */;

/*!40101 SET SQL_MODE=@OLD_SQL_MODE */;
/*!40014 SET FOREIGN_KEY_CHECKS=@OLD_FOREIGN_KEY_CHECKS */;
/*!40014 SET UNIQUE_CHECKS=@OLD_UNIQUE_CHECKS */;
/*!40101 SET CHARACTER_SET_CLIENT=@OLD_CHARACTER_SET_CLIENT */;
/*!40101 SET CHARACTER_SET_RESULTS=@OLD_CHARACTER_SET_RESULTS */;
/*!40101 SET COLLATION_CONNECTION=@OLD_COLLATION_CONNECTION */;
/*!40111 SET SQL_NOTES=@OLD_SQL_NOTES */;

-- Dump completed on 2026-02-16 15:30:08
